txid,behavior_scenario,is_behavioral_anomaly
tx26146_00000000,NORMAL,0
tx26146_00000001,NORMAL,0
tx26146_00000002,NORMAL,0
tx26146_00000003,NORMAL,0
tx26146_00000004,NORMAL,0
tx26146_00000005,NORMAL,0
tx26146_00000006,NORMAL,0
tx26146_00000007,NORMAL,0
tx26146_00000008,NORMAL,0
tx26146_00000009,NORMAL,0
tx26146_00000010,NORMAL,0
tx26146_00000011,NORMAL,0
tx26146_00000012,NORMAL,0
tx26146_00000013,NORMAL,0
tx26146_00000014,NORMAL,0
tx26146_00000015,NORMAL,0
tx26146_00000016,NORMAL,0
tx26146_00000017,NORMAL,0
tx26146_00000018,NORMAL,0
tx26146_00000019,NORMAL,0
tx26146_00000020,NORMAL,0
tx26146_00000021,NORMAL,0
tx26146_00000022,NORMAL,0
tx26146_00000023,NORMAL,0
tx26146_00000024,NORMAL,0
tx26146_00000025,NORMAL,0
tx26146_00000026,NORMAL,0
tx26146_00000027,NORMAL,0
tx26146_00000028,NORMAL,0
tx26146_00000029,NORMAL,0
tx26146_00000030,NORMAL,0
tx26146_00000031,NORMAL,0
tx26146_00000032,NORMAL,0
tx26146_00000033,NORMAL,0
tx26146_00000034,NORMAL,0
tx26146_00000035,NORMAL,0
tx26146_00000036,NORMAL,0
tx26146_00000037,NORMAL,0
tx26146_00000038,NORMAL,0
tx26146_00000039,NORMAL,0
tx26146_00000040,NORMAL,0
tx26146_00000041,NORMAL,0
tx26146_00000042,NORMAL,0
tx26146_00000043,NORMAL,0
tx26146_00000044,NORMAL,0
tx26146_00000045,NORMAL,0
tx26146_00000046,NORMAL,0
tx26146_00000047,NORMAL,0
tx26146_00000048,NORMAL,0
tx26146_00000049,NORMAL,0
tx26146_00000050,NORMAL,0
tx26146_00000051,NORMAL,0
tx26146_00000052,NORMAL,0
tx26146_00000053,NORMAL,0
tx26146_00000054,NORMAL,0
tx26146_00000055,NORMAL,0
tx26146_00000056,NORMAL,0
tx26146_00000057,NORMAL,0
tx26146_00000058,NORMAL,0
tx26146_00000059,NORMAL,0
tx26146_00000060,NORMAL,0
tx26146_00000061,NORMAL,0
tx26146_00000062,NORMAL,0
tx26146_00000063,NORMAL,0
tx26146_00000064,NORMAL,0
tx26146_00000065,NORMAL,0
tx26146_00000066,NORMAL,0
tx26146_00000067,NORMAL,0
tx26146_00000068,NORMAL,0
tx26146_00000069,NORMAL,0
tx26146_00000070,NORMAL,0
tx26146_00000071,NORMAL,0
tx26146_00000072,NORMAL,0
tx26146_00000073,NORMAL,0
tx26146_00000074,NORMAL,0
tx26146_00000075,NORMAL,0
tx26146_00000076,NORMAL,0
tx26146_00000077,NORMAL,0
tx26146_00000078,NORMAL,0
tx26146_00000079,NORMAL,0
tx26146_00000080,NORMAL,0
tx26146_00000081,NORMAL,0
tx26146_00000082,NORMAL,0
tx26146_00000083,NORMAL,0
tx26146_00000084,NORMAL,0
tx26146_00000085,NORMAL,0
tx26146_00000086,NORMAL,0
tx26146_00000087,NORMAL,0
tx26146_00000088,NORMAL,0
tx26146_00000089,NORMAL,0
tx26146_00000090,NORMAL,0
tx26146_00000091,NORMAL,0
tx26146_00000092,NORMAL,0
tx26146_00000093,NORMAL,0
tx26146_00000094,NORMAL,0
tx26146_00000095,NORMAL,0
tx26146_00000096,NORMAL,0
tx26146_00000097,NORMAL,0
tx26146_00000098,NORMAL,0
tx26146_00000099,NORMAL,0
tx26146_00000100,NORMAL,0
tx26146_00000101,NORMAL,0
tx26146_00000102,NORMAL,0
tx26146_00000103,NORMAL,0
tx26146_00000104,NORMAL,0
tx26146_00000105,NORMAL,0
tx26146_00000106,NORMAL,0
tx26146_00000107,NORMAL,0
tx26146_00000108,NORMAL,0
tx26146_00000109,NORMAL,0
tx26146_00000110,NORMAL,0
tx26146_00000111,NORMAL,0
tx26146_00000112,NORMAL,0
tx26146_00000113,NORMAL,0
tx26146_00000114,NORMAL,0
tx26146_00000115,NORMAL,0
tx26146_00000116,NORMAL,0
tx26146_00000117,NORMAL,0
tx26146_00000118,NORMAL,0
tx26146_00000119,NORMAL,0
tx26146_00000120,NORMAL,0
tx26146_00000121,NORMAL,0
tx26146_00000122,NORMAL,0
tx26146_00000123,NORMAL,0
tx26146_00000124,NORMAL,0
tx26146_00000125,NORMAL,0
tx26146_00000126,NORMAL,0
tx26146_00000127,NORMAL,0
tx26146_00000128,NORMAL,0
tx26146_00000129,NORMAL,0
tx26146_00000130,NORMAL,0
tx26146_00000131,NORMAL,0
tx26146_00000132,NORMAL,0
tx26146_00000133,NORMAL,0
tx26146_00000134,NORMAL,0
tx26146_00000135,NORMAL,0
tx26146_00000136,NORMAL,0
tx26146_00000137,NORMAL,0
tx26146_00000138,NORMAL,0
tx26146_00000139,NORMAL,0
tx26146_00000140,NORMAL,0
tx26146_00000141,NORMAL,0
tx26146_00000142,NORMAL,0
tx26146_00000143,NORMAL,0
tx26146_00000144,NORMAL,0
tx26146_00000145,NORMAL,0
tx26146_00000146,NORMAL,0
tx26146_00000147,NORMAL,0
tx26146_00000148,NORMAL,0
tx26146_00000149,NORMAL,0
tx26146_00000150,NORMAL,0
tx26146_00000151,NORMAL,0
tx26146_00000152,NORMAL,0
tx26146_00000153,NORMAL,0
tx26146_00000154,NORMAL,0
tx26146_00000155,NORMAL,0
tx26146_00000156,NORMAL,0
tx26146_00000157,NORMAL,0
tx26146_00000158,NORMAL,0
tx26146_00000159,NORMAL,0
tx26146_00000160,NORMAL,0
tx26146_00000161,NORMAL,0
tx26146_00000162,NORMAL,0
tx26146_00000163,NORMAL,0
tx26146_00000164,NORMAL,0
tx26146_00000165,NORMAL,0
tx26146_00000166,NORMAL,0
tx26146_00000167,NORMAL,0
tx26146_00000168,NORMAL,0
tx26146_00000169,NORMAL,0
tx26146_00000170,NORMAL,0
tx26146_00000171,NORMAL,0
tx26146_00000172,NORMAL,0
tx26146_00000173,NORMAL,0
tx26146_00000174,NORMAL,0
tx26146_00000175,NORMAL,0
tx26146_00000176,NORMAL,0
tx26146_00000177,NORMAL,0
tx26146_00000178,NORMAL,0
tx26146_00000179,NORMAL,0
tx26146_00000180,NORMAL,0
tx26146_00000181,NORMAL,0
tx26146_00000182,NORMAL,0
tx26146_00000183,NORMAL,0
tx26146_00000184,NORMAL,0
tx26146_00000185,NORMAL,0
tx26146_00000186,NORMAL,0
tx26146_00000187,NORMAL,0
tx26146_00000188,NORMAL,0
tx26146_00000189,NORMAL,0
tx26146_00000190,NORMAL,0
tx26146_00000191,NORMAL,0
tx26146_00000192,NORMAL,0
tx26146_00000193,NORMAL,0
tx26146_00000194,NORMAL,0
tx26146_00000195,NORMAL,0
tx26146_00000196,NORMAL,0
tx26146_00000197,NORMAL,0
tx26146_00000198,NORMAL,0
tx26146_00000199,NORMAL,0
tx26146_00000200,NORMAL,0
tx26146_00000201,NORMAL,0
tx26146_00000202,NORMAL,0
tx26146_00000203,NORMAL,0
tx26146_00000204,NORMAL,0
tx26146_00000205,NORMAL,0
tx26146_00000206,NORMAL,0
tx26146_00000207,NORMAL,0
tx26146_00000208,NORMAL,0
tx26146_00000209,NORMAL,0
tx26146_00000210,NORMAL,0
tx26146_00000211,NORMAL,0
tx26146_00000212,NORMAL,0
tx26146_00000213,NORMAL,0
tx26146_00000214,NORMAL,0
tx26146_00000215,NORMAL,0
tx26146_00000216,NORMAL,0
tx26146_00000217,NORMAL,0
tx26146_00000218,NORMAL,0
tx26146_00000219,NORMAL,0
tx26146_00000220,NORMAL,0
tx26146_00000221,NORMAL,0
tx26146_00000222,NORMAL,0
tx26146_00000223,NORMAL,0
tx26146_00000224,NORMAL,0
tx26146_00000225,NORMAL,0
tx26146_00000226,NORMAL,0
tx26146_00000227,NORMAL,0
tx26146_00000228,NORMAL,0
tx26146_00000229,NORMAL,0
tx26146_00000230,NORMAL,0
tx26146_00000231,NORMAL,0
tx26146_00000232,NORMAL,0
tx26146_00000233,NORMAL,0
tx26146_00000234,NORMAL,0
tx26146_00000235,NORMAL,0
tx26146_00000236,NORMAL,0
tx26146_00000237,NORMAL,0
tx26146_00000238,NORMAL,0
tx26146_00000239,NORMAL,0
tx26146_00000240,NORMAL,0
tx26146_00000241,NORMAL,0
tx26146_00000242,NORMAL,0
tx26146_00000243,NORMAL,0
tx26146_00000244,NORMAL,0
tx26146_00000245,NORMAL,0
tx26146_00000246,NORMAL,0
tx26146_00000247,NORMAL,0
tx26146_00000248,NORMAL,0
tx26146_00000249,NORMAL,0
tx26146_00000250,NORMAL,0
tx26146_00000251,NORMAL,0
tx26146_00000252,NORMAL,0
tx26146_00000253,NORMAL,0
tx26146_00000254,NORMAL,0
tx26146_00000255,NORMAL,0
tx26146_00000256,NORMAL,0
tx26146_00000257,NORMAL,0
tx26146_00000258,NORMAL,0
tx26146_00000259,NORMAL,0
tx26146_00000260,NORMAL,0
tx26146_00000261,NORMAL,0
tx26146_00000262,NORMAL,0
tx26146_00000263,NORMAL,0
tx26146_00000264,NORMAL,0
tx26146_00000265,NORMAL,0
tx26146_00000266,NORMAL,0
tx26146_00000267,NORMAL,0
tx26146_00000268,NORMAL,0
tx26146_00000269,NORMAL,0
tx26146_00000270,NORMAL,0
tx26146_00000271,NORMAL,0
tx26146_00000272,NORMAL,0
tx26146_00000273,NORMAL,0
tx26146_00000274,NORMAL,0
tx26146_00000275,NORMAL,0
tx26146_00000276,NORMAL,0
tx26146_00000277,NORMAL,0
tx26146_00000278,NORMAL,0
tx26146_00000279,NORMAL,0
tx26146_00000280,NORMAL,0
tx26146_00000281,NORMAL,0
tx26146_00000282,NORMAL,0
tx26146_00000283,NORMAL,0
tx26146_00000284,NORMAL,0
tx26146_00000285,NORMAL,0
tx26146_00000286,NORMAL,0
tx26146_00000287,NORMAL,0
tx26146_00000288,NORMAL,0
tx26146_00000289,NORMAL,0
tx26146_00000290,NORMAL,0
tx26146_00000291,NORMAL,0
tx26146_00000292,NORMAL,0
tx26146_00000293,NORMAL,0
tx26146_00000294,NORMAL,0
tx26146_00000295,NORMAL,0
tx26146_00000296,NORMAL,0
tx26146_00000297,NORMAL,0
tx26146_00000298,NORMAL,0
tx26146_00000299,NORMAL,0
tx26146_00000300,NORMAL,0
tx26146_00000301,NORMAL,0
tx26146_00000302,NORMAL,0
tx26146_00000303,NORMAL,0
tx26146_00000304,NORMAL,0
tx26146_00000305,NORMAL,0
tx26146_00000306,NORMAL,0
tx26146_00000307,NORMAL,0
tx26146_00000308,NORMAL,0
tx26146_00000309,NORMAL,0
tx26146_00000310,NORMAL,0
tx26146_00000311,NORMAL,0
tx26146_00000312,NORMAL,0
tx26146_00000313,NORMAL,0
tx26146_00000314,NORMAL,0
tx26146_00000315,NORMAL,0
tx26146_00000316,NORMAL,0
tx26146_00000317,NORMAL,0
tx26146_00000318,NORMAL,0
tx26146_00000319,NORMAL,0
tx26146_00000320,NORMAL,0
tx26146_00000321,NORMAL,0
tx26146_00000322,NORMAL,0
tx26146_00000323,NORMAL,0
tx26146_00000324,NORMAL,0
tx26146_00000325,NORMAL,0
tx26146_00000326,NORMAL,0
tx26146_00000327,NORMAL,0
tx26146_00000328,NORMAL,0
tx26146_00000329,NORMAL,0
tx26146_00000330,NORMAL,0
tx26146_00000331,NORMAL,0
tx26146_00000332,NORMAL,0
tx26146_00000333,NORMAL,0
tx26146_00000334,NORMAL,0
tx26146_00000335,NORMAL,0
tx26146_00000336,NORMAL,0
tx26146_00000337,NORMAL,0
tx26146_00000338,NORMAL,0
tx26146_00000339,NORMAL,0
tx26146_00000340,NORMAL,0
tx26146_00000341,NORMAL,0
tx26146_00000342,NORMAL,0
tx26146_00000343,NORMAL,0
tx26146_00000344,NORMAL,0
tx26146_00000345,NORMAL,0
tx26146_00000346,NORMAL,0
tx26146_00000347,NORMAL,0
tx26146_00000348,NORMAL,0
tx26146_00000349,NORMAL,0
tx26146_00000350,NORMAL,0
tx26146_00000351,NORMAL,0
tx26146_00000352,NORMAL,0
tx26146_00000353,NORMAL,0
tx26146_00000354,NORMAL,0
tx26146_00000355,NORMAL,0
tx26146_00000356,NORMAL,0
tx26146_00000357,NORMAL,0
tx26146_00000358,NORMAL,0
tx26146_00000359,NORMAL,0
tx26146_00000360,NORMAL,0
tx26146_00000361,NORMAL,0
tx26146_00000362,NORMAL,0
tx26146_00000363,NORMAL,0
tx26146_00000364,NORMAL,0
tx26146_00000365,NORMAL,0
tx26146_00000366,NORMAL,0
tx26146_00000367,NORMAL,0
tx26146_00000368,NORMAL,0
tx26146_00000369,NORMAL,0
tx26146_00000370,NORMAL,0
tx26146_00000371,NORMAL,0
tx26146_00000372,NORMAL,0
tx26146_00000373,NORMAL,0
tx26146_00000374,NORMAL,0
tx26146_00000375,NORMAL,0
tx26146_00000376,NORMAL,0
tx26146_00000377,NORMAL,0
tx26146_00000378,NORMAL,0
tx26146_00000379,NORMAL,0
tx26146_00000380,NORMAL,0
tx26146_00000381,NORMAL,0
tx26146_00000382,NORMAL,0
tx26146_00000383,NORMAL,0
tx26146_00000384,NORMAL,0
tx26146_00000385,NORMAL,0
tx26146_00000386,NORMAL,0
tx26146_00000387,NORMAL,0
tx26146_00000388,NORMAL,0
tx26146_00000389,NORMAL,0
tx26146_00000390,NORMAL,0
tx26146_00000391,NORMAL,0
tx26146_00000392,NORMAL,0
tx26146_00000393,NORMAL,0
tx26146_00000394,NORMAL,0
tx26146_00000395,NORMAL,0
tx26146_00000396,NORMAL,0
tx26146_00000397,NORMAL,0
tx26146_00000398,NORMAL,0
tx26146_00000399,NORMAL,0
tx26146_00000400,NORMAL,0
tx26146_00000401,NORMAL,0
tx26146_00000402,NORMAL,0
tx26146_00000403,NORMAL,0
tx26146_00000404,NORMAL,0
tx26146_00000405,NORMAL,0
tx26146_00000406,NORMAL,0
tx26146_00000407,NORMAL,0
tx26146_00000408,NORMAL,0
tx26146_00000409,NORMAL,0
tx26146_00000410,NORMAL,0
tx26146_00000411,NORMAL,0
tx26146_00000412,NORMAL,0
tx26146_00000413,NORMAL,0
tx26146_00000414,NORMAL,0
tx26146_00000415,NORMAL,0
tx26146_00000416,NORMAL,0
tx26146_00000417,NORMAL,0
tx26146_00000418,NORMAL,0
tx26146_00000419,NORMAL,0
tx26146_00000420,NORMAL,0
tx26146_00000421,NORMAL,0
tx26146_00000422,NORMAL,0
tx26146_00000423,NORMAL,0
tx26146_00000424,NORMAL,0
tx26146_00000425,NORMAL,0
tx26146_00000426,NORMAL,0
tx26146_00000427,NORMAL,0
tx26146_00000428,NORMAL,0
tx26146_00000429,NORMAL,0
tx26146_00000430,NORMAL,0
tx26146_00000431,NORMAL,0
tx26146_00000432,NORMAL,0
tx26146_00000433,NORMAL,0
tx26146_00000434,NORMAL,0
tx26146_00000435,NORMAL,0
tx26146_00000436,NORMAL,0
tx26146_00000437,NORMAL,0
tx26146_00000438,NORMAL,0
tx26146_00000439,NORMAL,0
tx26146_00000440,NORMAL,0
tx26146_00000441,NORMAL,0
tx26146_00000442,NORMAL,0
tx26146_00000443,NORMAL,0
tx26146_00000444,NORMAL,0
tx26146_00000445,NORMAL,0
tx26146_00000446,NORMAL,0
tx26146_00000447,NORMAL,0
tx26146_00000448,NORMAL,0
tx26146_00000449,NORMAL,0
tx26146_00000450,NORMAL,0
tx26146_00000451,NORMAL,0
tx26146_00000452,NORMAL,0
tx26146_00000453,NORMAL,0
tx26146_00000454,NORMAL,0
tx26146_00000455,NORMAL,0
tx26146_00000456,NORMAL,0
tx26146_00000457,NORMAL,0
tx26146_00000458,NORMAL,0
tx26146_00000459,NORMAL,0
tx26146_00000460,NORMAL,0
tx26146_00000461,NORMAL,0
tx26146_00000462,NORMAL,0
tx26146_00000463,NORMAL,0
tx26146_00000464,NORMAL,0
tx26146_00000465,NORMAL,0
tx26146_00000466,NORMAL,0
tx26146_00000467,NORMAL,0
tx26146_00000468,NORMAL,0
tx26146_00000469,NORMAL,0
tx26146_00000470,NORMAL,0
tx26146_00000471,NORMAL,0
tx26146_00000472,NORMAL,0
tx26146_00000473,NORMAL,0
tx26146_00000474,NORMAL,0
tx26146_00000475,NORMAL,0
tx26146_00000476,NORMAL,0
tx26146_00000477,NORMAL,0
tx26146_00000478,NORMAL,0
tx26146_00000479,NORMAL,0
tx26146_00000480,NORMAL,0
tx26146_00000481,NORMAL,0
tx26146_00000482,NORMAL,0
tx26146_00000483,NORMAL,0
tx26146_00000484,NORMAL,0
tx26146_00000485,NORMAL,0
tx26146_00000486,NORMAL,0
tx26146_00000487,NORMAL,0
tx26146_00000488,NORMAL,0
tx26146_00000489,NORMAL,0
tx26146_00000490,NORMAL,0
tx26146_00000491,NORMAL,0
tx26146_00000492,NORMAL,0
tx26146_00000493,NORMAL,0
tx26146_00000494,NORMAL,0
tx26146_00000495,NORMAL,0
tx26146_00000496,NORMAL,0
tx26146_00000497,NORMAL,0
tx26146_00000498,NORMAL,0
tx26146_00000499,NORMAL,0
tx26146_00000500,NORMAL,0
tx26146_00000501,NORMAL,0
tx26146_00000502,NORMAL,0
tx26146_00000503,NORMAL,0
tx26146_00000504,NORMAL,0
tx26146_00000505,NORMAL,0
tx26146_00000506,NORMAL,0
tx26146_00000507,NORMAL,0
tx26146_00000508,NORMAL,0
tx26146_00000509,NORMAL,0
tx26146_00000510,NORMAL,0
tx26146_00000511,NORMAL,0
tx26146_00000512,NORMAL,0
tx26146_00000513,NORMAL,0
tx26146_00000514,NORMAL,0
tx26146_00000515,NORMAL,0
tx26146_00000516,NORMAL,0
tx26146_00000517,NORMAL,0
tx26146_00000518,NORMAL,0
tx26146_00000519,NORMAL,0
tx26146_00000520,NORMAL,0
tx26146_00000521,NORMAL,0
tx26146_00000522,NORMAL,0
tx26146_00000523,NORMAL,0
tx26146_00000524,NORMAL,0
tx26146_00000525,NORMAL,0
tx26146_00000526,NORMAL,0
tx26146_00000527,NORMAL,0
tx26146_00000528,NORMAL,0
tx26146_00000529,NORMAL,0
tx26146_00000530,NORMAL,0
tx26146_00000531,NORMAL,0
tx26146_00000532,NORMAL,0
tx26146_00000533,NORMAL,0
tx26146_00000534,NORMAL,0
tx26146_00000535,NORMAL,0
tx26146_00000536,NORMAL,0
tx26146_00000537,NORMAL,0
tx26146_00000538,NORMAL,0
tx26146_00000539,NORMAL,0
tx26146_00000540,NORMAL,0
tx26146_00000541,NORMAL,0
tx26146_00000542,NORMAL,0
tx26146_00000543,NORMAL,0
tx26146_00000544,NORMAL,0
tx26146_00000545,NORMAL,0
tx26146_00000546,NORMAL,0
tx26146_00000547,NORMAL,0
tx26146_00000548,NORMAL,0
tx26146_00000549,NORMAL,0
tx26146_00000550,NORMAL,0
tx26146_00000551,NORMAL,0
tx26146_00000552,NORMAL,0
tx26146_00000553,NORMAL,0
tx26146_00000554,NORMAL,0
tx26146_00000555,NORMAL,0
tx26146_00000556,NORMAL,0
tx26146_00000557,NORMAL,0
tx26146_00000558,NORMAL,0
tx26146_00000559,NORMAL,0
tx26146_00000560,NORMAL,0
tx26146_00000561,NORMAL,0
tx26146_00000562,NORMAL,0
tx26146_00000563,NORMAL,0
tx26146_00000564,NORMAL,0
tx26146_00000565,NORMAL,0
tx26146_00000566,NORMAL,0
tx26146_00000567,NORMAL,0
tx26146_00000568,NORMAL,0
tx26146_00000569,NORMAL,0
tx26146_00000570,NORMAL,0
tx26146_00000571,NORMAL,0
tx26146_00000572,NORMAL,0
tx26146_00000573,NORMAL,0
tx26146_00000574,NORMAL,0
tx26146_00000575,NORMAL,0
tx26146_00000576,NORMAL,0
tx26146_00000577,NORMAL,0
tx26146_00000578,NORMAL,0
tx26146_00000579,NORMAL,0
tx26146_00000580,NORMAL,0
tx26146_00000581,NORMAL,0
tx26146_00000582,NORMAL,0
tx26146_00000583,NORMAL,0
tx26146_00000584,NORMAL,0
tx26146_00000585,NORMAL,0
tx26146_00000586,NORMAL,0
tx26146_00000587,NORMAL,0
tx26146_00000588,NORMAL,0
tx26146_00000589,NORMAL,0
tx26146_00000590,NORMAL,0
tx26146_00000591,NORMAL,0
tx26146_00000592,NORMAL,0
tx26146_00000593,NORMAL,0
tx26146_00000594,NORMAL,0
tx26146_00000595,NORMAL,0
tx26146_00000596,NORMAL,0
tx26146_00000597,NORMAL,0
tx26146_00000598,NORMAL,0
tx26146_00000599,NORMAL,0
tx26146_00000600,NORMAL,0
tx26146_00000601,NORMAL,0
tx26146_00000602,NORMAL,0
tx26146_00000603,NORMAL,0
tx26146_00000604,NORMAL,0
tx26146_00000605,NORMAL,0
tx26146_00000606,NORMAL,0
tx26146_00000607,NORMAL,0
tx26146_00000608,NORMAL,0
tx26146_00000609,NORMAL,0
tx26146_00000610,NORMAL,0
tx26146_00000611,NORMAL,0
tx26146_00000612,NORMAL,0
tx26146_00000613,NORMAL,0
tx26146_00000614,NORMAL,0
tx26146_00000615,NORMAL,0
tx26146_00000616,NORMAL,0
tx26146_00000617,NORMAL,0
tx26146_00000618,NORMAL,0
tx26146_00000619,NORMAL,0
tx26146_00000620,NORMAL,0
tx26146_00000621,NORMAL,0
tx26146_00000622,NORMAL,0
tx26146_00000623,NORMAL,0
tx26146_00000624,NORMAL,0
tx26146_00000625,NORMAL,0
tx26146_00000626,NORMAL,0
tx26146_00000627,NORMAL,0
tx26146_00000628,NORMAL,0
tx26146_00000629,NORMAL,0
tx26146_00000630,NORMAL,0
tx26146_00000631,NORMAL,0
tx26146_00000632,NORMAL,0
tx26146_00000633,NORMAL,0
tx26146_00000634,NORMAL,0
tx26146_00000635,NORMAL,0
tx26146_00000636,NORMAL,0
tx26146_00000637,NORMAL,0
tx26146_00000638,NORMAL,0
tx26146_00000639,NORMAL,0
tx26146_00000640,NORMAL,0
tx26146_00000641,NORMAL,0
tx26146_00000642,NORMAL,0
tx26146_00000643,NORMAL,0
tx26146_00000644,NORMAL,0
tx26146_00000645,NORMAL,0
tx26146_00000646,NORMAL,0
tx26146_00000647,NORMAL,0
tx26146_00000648,NORMAL,0
tx26146_00000649,NORMAL,0
tx26146_00000650,NORMAL,0
tx26146_00000651,NORMAL,0
tx26146_00000652,NORMAL,0
tx26146_00000653,NORMAL,0
tx26146_00000654,NORMAL,0
tx26146_00000655,NORMAL,0
tx26146_00000656,NORMAL,0
tx26146_00000657,NORMAL,0
tx26146_00000658,NORMAL,0
tx26146_00000659,NORMAL,0
tx26146_00000660,NORMAL,0
tx26146_00000661,NORMAL,0
tx26146_00000662,NORMAL,0
tx26146_00000663,NORMAL,0
tx26146_00000664,NORMAL,0
tx26146_00000665,NORMAL,0
tx26146_00000666,NORMAL,0
tx26146_00000667,NORMAL,0
tx26146_00000668,NORMAL,0
tx26146_00000669,NORMAL,0
tx26146_00000670,NORMAL,0
tx26146_00000671,NORMAL,0
tx26146_00000672,NORMAL,0
tx26146_00000673,NORMAL,0
tx26146_00000674,NORMAL,0
tx26146_00000675,NORMAL,0
tx26146_00000676,NORMAL,0
tx26146_00000677,NORMAL,0
tx26146_00000678,NORMAL,0
tx26146_00000679,NORMAL,0
tx26146_00000680,NORMAL,0
tx26146_00000681,NORMAL,0
tx26146_00000682,NORMAL,0
tx26146_00000683,NORMAL,0
tx26146_00000684,NORMAL,0
tx26146_00000685,NORMAL,0
tx26146_00000686,NORMAL,0
tx26146_00000687,NORMAL,0
tx26146_00000688,NORMAL,0
tx26146_00000689,NORMAL,0
tx26146_00000690,NORMAL,0
tx26146_00000691,NORMAL,0
tx26146_00000692,NORMAL,0
tx26146_00000693,NORMAL,0
tx26146_00000694,NORMAL,0
tx26146_00000695,NORMAL,0
tx26146_00000696,NORMAL,0
tx26146_00000697,NORMAL,0
tx26146_00000698,NORMAL,0
tx26146_00000699,NORMAL,0
tx26146_00000700,NORMAL,0
tx26146_00000701,NORMAL,0
tx26146_00000702,NORMAL,0
tx26146_00000703,NORMAL,0
tx26146_00000704,NORMAL,0
tx26146_00000705,NORMAL,0
tx26146_00000706,NORMAL,0
tx26146_00000707,NORMAL,0
tx26146_00000708,NORMAL,0
tx26146_00000709,NORMAL,0
tx26146_00000710,NORMAL,0
tx26146_00000711,NORMAL,0
tx26146_00000712,NORMAL,0
tx26146_00000713,NORMAL,0
tx26146_00000714,NORMAL,0
tx26146_00000715,NORMAL,0
tx26146_00000716,NORMAL,0
tx26146_00000717,NORMAL,0
tx26146_00000718,NORMAL,0
tx26146_00000719,NORMAL,0
tx26146_00000720,NORMAL,0
tx26146_00000721,NORMAL,0
tx26146_00000722,NORMAL,0
tx26146_00000723,NORMAL,0
tx26146_00000724,NORMAL,0
tx26146_00000725,NORMAL,0
tx26146_00000726,NORMAL,0
tx26146_00000727,NORMAL,0
tx26146_00000728,NORMAL,0
tx26146_00000729,NORMAL,0
tx26146_00000730,NORMAL,0
tx26146_00000731,NORMAL,0
tx26146_00000732,NORMAL,0
tx26146_00000733,NORMAL,0
tx26146_00000734,NORMAL,0
tx26146_00000735,NORMAL,0
tx26146_00000736,NORMAL,0
tx26146_00000737,NORMAL,0
tx26146_00000738,NORMAL,0
tx26146_00000739,NORMAL,0
tx26146_00000740,NORMAL,0
tx26146_00000741,NORMAL,0
tx26146_00000742,NORMAL,0
tx26146_00000743,NORMAL,0
tx26146_00000744,NORMAL,0
tx26146_00000745,NORMAL,0
tx26146_00000746,NORMAL,0
tx26146_00000747,NORMAL,0
tx26146_00000748,NORMAL,0
tx26146_00000749,NORMAL,0
tx26146_00000750,NORMAL,0
tx26146_00000751,NORMAL,0
tx26146_00000752,NORMAL,0
tx26146_00000753,NORMAL,0
tx26146_00000754,NORMAL,0
tx26146_00000755,NORMAL,0
tx26146_00000756,NORMAL,0
tx26146_00000757,NORMAL,0
tx26146_00000758,NORMAL,0
tx26146_00000759,NORMAL,0
tx26146_00000760,NORMAL,0
tx26146_00000761,NORMAL,0
tx26146_00000762,NORMAL,0
tx26146_00000763,NORMAL,0
tx26146_00000764,NORMAL,0
tx26146_00000765,NORMAL,0
tx26146_00000766,NORMAL,0
tx26146_00000767,NORMAL,0
tx26146_00000768,NORMAL,0
tx26146_00000769,NORMAL,0
tx26146_00000770,NORMAL,0
tx26146_00000771,NORMAL,0
tx26146_00000772,NORMAL,0
tx26146_00000773,NORMAL,0
tx26146_00000774,NORMAL,0
tx26146_00000775,NORMAL,0
tx26146_00000776,NORMAL,0
tx26146_00000777,NORMAL,0
tx26146_00000778,NORMAL,0
tx26146_00000779,NORMAL,0
tx26146_00000780,NORMAL,0
tx26146_00000781,NORMAL,0
tx26146_00000782,NORMAL,0
tx26146_00000783,NORMAL,0
tx26146_00000784,NORMAL,0
tx26146_00000785,NORMAL,0
tx26146_00000786,NORMAL,0
tx26146_00000787,NORMAL,0
tx26146_00000788,NORMAL,0
tx26146_00000789,NORMAL,0
tx26146_00000790,NORMAL,0
tx26146_00000791,NORMAL,0
tx26146_00000792,NORMAL,0
tx26146_00000793,NORMAL,0
tx26146_00000794,NORMAL,0
tx26146_00000795,NORMAL,0
tx26146_00000796,NORMAL,0
tx26146_00000797,NORMAL,0
tx26146_00000798,NORMAL,0
tx26146_00000799,NORMAL,0
tx26146_00000800,NORMAL,0
tx26146_00000801,NORMAL,0
tx26146_00000802,NORMAL,0
tx26146_00000803,NORMAL,0
tx26146_00000804,NORMAL,0
tx26146_00000805,NORMAL,0
tx26146_00000806,NORMAL,0
tx26146_00000807,NORMAL,0
tx26146_00000808,NORMAL,0
tx26146_00000809,NORMAL,0
tx26146_00000810,NORMAL,0
tx26146_00000811,NORMAL,0
tx26146_00000812,NORMAL,0
tx26146_00000813,NORMAL,0
tx26146_00000814,NORMAL,0
tx26146_00000815,NORMAL,0
tx26146_00000816,NORMAL,0
tx26146_00000817,NORMAL,0
tx26146_00000818,NORMAL,0
tx26146_00000819,NORMAL,0
tx26146_00000820,NORMAL,0
tx26146_00000821,NORMAL,0
tx26146_00000822,NORMAL,0
tx26146_00000823,NORMAL,0
tx26146_00000824,NORMAL,0
tx26146_00000825,NORMAL,0
tx26146_00000826,NORMAL,0
tx26146_00000827,NORMAL,0
tx26146_00000828,NORMAL,0
tx26146_00000829,NORMAL,0
tx26146_00000830,NORMAL,0
tx26146_00000831,NORMAL,0
tx26146_00000832,NORMAL,0
tx26146_00000833,NORMAL,0
tx26146_00000834,NORMAL,0
tx26146_00000835,NORMAL,0
tx26146_00000836,NORMAL,0
tx26146_00000837,NORMAL,0
tx26146_00000838,NORMAL,0
tx26146_00000839,NORMAL,0
tx26146_00000840,NORMAL,0
tx26146_00000841,NORMAL,0
tx26146_00000842,NORMAL,0
tx26146_00000843,NORMAL,0
tx26146_00000844,NORMAL,0
tx26146_00000845,NORMAL,0
tx26146_00000846,NORMAL,0
tx26146_00000847,NORMAL,0
tx26146_00000848,NORMAL,0
tx26146_00000849,NORMAL,0
tx26146_00000850,NORMAL,0
tx26146_00000851,NORMAL,0
tx26146_00000852,NORMAL,0
tx26146_00000853,NORMAL,0
tx26146_00000854,NORMAL,0
tx26146_00000855,NORMAL,0
tx26146_00000856,NORMAL,0
tx26146_00000857,NORMAL,0
tx26146_00000858,NORMAL,0
tx26146_00000859,NORMAL,0
tx26146_00000860,NORMAL,0
tx26146_00000861,NORMAL,0
tx26146_00000862,NORMAL,0
tx26146_00000863,NORMAL,0
tx26146_00000864,NORMAL,0
tx26146_00000865,NORMAL,0
tx26146_00000866,NORMAL,0
tx26146_00000867,NORMAL,0
tx26146_00000868,NORMAL,0
tx26146_00000869,NORMAL,0
tx26146_00000870,NORMAL,0
tx26146_00000871,NORMAL,0
tx26146_00000872,NORMAL,0
tx26146_00000873,NORMAL,0
tx26146_00000874,NORMAL,0
tx26146_00000875,NORMAL,0
tx26146_00000876,NORMAL,0
tx26146_00000877,NORMAL,0
tx26146_00000878,NORMAL,0
tx26146_00000879,NORMAL,0
tx26146_00000880,NORMAL,0
tx26146_00000881,NORMAL,0
tx26146_00000882,NORMAL,0
tx26146_00000883,NORMAL,0
tx26146_00000884,NORMAL,0
tx26146_00000885,NORMAL,0
tx26146_00000886,NORMAL,0
tx26146_00000887,NORMAL,0
tx26146_00000888,NORMAL,0
tx26146_00000889,NORMAL,0
tx26146_00000890,NORMAL,0
tx26146_00000891,NORMAL,0
tx26146_00000892,NORMAL,0
tx26146_00000893,NORMAL,0
tx26146_00000894,NORMAL,0
tx26146_00000895,NORMAL,0
tx26146_00000896,NORMAL,0
tx26146_00000897,NORMAL,0
tx26146_00000898,NORMAL,0
tx26146_00000899,NORMAL,0
tx26146_00000900,NORMAL,0
tx26146_00000901,NORMAL,0
tx26146_00000902,NORMAL,0
tx26146_00000903,NORMAL,0
tx26146_00000904,NORMAL,0
tx26146_00000905,NORMAL,0
tx26146_00000906,NORMAL,0
tx26146_00000907,NORMAL,0
tx26146_00000908,NORMAL,0
tx26146_00000909,NORMAL,0
tx26146_00000910,NORMAL,0
tx26146_00000911,NORMAL,0
tx26146_00000912,NORMAL,0
tx26146_00000913,NORMAL,0
tx26146_00000914,NORMAL,0
tx26146_00000915,NORMAL,0
tx26146_00000916,NORMAL,0
tx26146_00000917,NORMAL,0
tx26146_00000918,NORMAL,0
tx26146_00000919,NORMAL,0
tx26146_00000920,NORMAL,0
tx26146_00000921,NORMAL,0
tx26146_00000922,NORMAL,0
tx26146_00000923,NORMAL,0
tx26146_00000924,NORMAL,0
tx26146_00000925,NORMAL,0
tx26146_00000926,NORMAL,0
tx26146_00000927,NORMAL,0
tx26146_00000928,NORMAL,0
tx26146_00000929,NORMAL,0
tx26146_00000930,NORMAL,0
tx26146_00000931,NORMAL,0
tx26146_00000932,NORMAL,0
tx26146_00000933,NORMAL,0
tx26146_00000934,NORMAL,0
tx26146_00000935,NORMAL,0
tx26146_00000936,NORMAL,0
tx26146_00000937,NORMAL,0
tx26146_00000938,NORMAL,0
tx26146_00000939,NORMAL,0
tx26146_00000940,NORMAL,0
tx26146_00000941,NORMAL,0
tx26146_00000942,NORMAL,0
tx26146_00000943,NORMAL,0
tx26146_00000944,NORMAL,0
tx26146_00000945,NORMAL,0
tx26146_00000946,NORMAL,0
tx26146_00000947,NORMAL,0
tx26146_00000948,NORMAL,0
tx26146_00000949,NORMAL,0
tx26146_00000950,NORMAL,0
tx26146_00000951,NORMAL,0
tx26146_00000952,NORMAL,0
tx26146_00000953,NORMAL,0
tx26146_00000954,NORMAL,0
tx26146_00000955,NORMAL,0
tx26146_00000956,NORMAL,0
tx26146_00000957,NORMAL,0
tx26146_00000958,NORMAL,0
tx26146_00000959,NORMAL,0
tx26146_00000960,NORMAL,0
tx26146_00000961,NORMAL,0
tx26146_00000962,NORMAL,0
tx26146_00000963,NORMAL,0
tx26146_00000964,NORMAL,0
tx26146_00000965,NORMAL,0
tx26146_00000966,NORMAL,0
tx26146_00000967,NORMAL,0
tx26146_00000968,NORMAL,0
tx26146_00000969,NORMAL,0
tx26146_00000970,NORMAL,0
tx26146_00000971,NORMAL,0
tx26146_00000972,NORMAL,0
tx26146_00000973,NORMAL,0
tx26146_00000974,NORMAL,0
tx26146_00000975,NORMAL,0
tx26146_00000976,NORMAL,0
tx26146_00000977,NORMAL,0
tx26146_00000978,NORMAL,0
tx26146_00000979,NORMAL,0
tx26146_00000980,NORMAL,0
tx26146_00000981,NORMAL,0
tx26146_00000982,NORMAL,0
tx26146_00000983,NORMAL,0
tx26146_00000984,NORMAL,0
tx26146_00000985,NORMAL,0
tx26146_00000986,NORMAL,0
tx26146_00000987,NORMAL,0
tx26146_00000988,NORMAL,0
tx26146_00000989,NORMAL,0
tx26146_00000990,NORMAL,0
tx26146_00000991,NORMAL,0
tx26146_00000992,NORMAL,0
tx26146_00000993,NORMAL,0
tx26146_00000994,NORMAL,0
tx26146_00000995,NORMAL,0
tx26146_00000996,NORMAL,0
tx26146_00000997,NORMAL,0
tx26146_00000998,NORMAL,0
tx26146_00000999,NORMAL,0
tx26146_00001000,NORMAL,0
tx26146_00001001,NORMAL,0
tx26146_00001002,NORMAL,0
tx26146_00001003,NORMAL,0
tx26146_00001004,NORMAL,0
tx26146_00001005,NORMAL,0
tx26146_00001006,NORMAL,0
tx26146_00001007,NORMAL,0
tx26146_00001008,NORMAL,0
tx26146_00001009,NORMAL,0
tx26146_00001010,NORMAL,0
tx26146_00001011,NORMAL,0
tx26146_00001012,NORMAL,0
tx26146_00001013,NORMAL,0
tx26146_00001014,NORMAL,0
tx26146_00001015,NORMAL,0
tx26146_00001016,NORMAL,0
tx26146_00001017,NORMAL,0
tx26146_00001018,NORMAL,0
tx26146_00001019,NORMAL,0
tx26146_00001020,NORMAL,0
tx26146_00001021,NORMAL,0
tx26146_00001022,NORMAL,0
tx26146_00001023,NORMAL,0
tx26146_00001024,NORMAL,0
tx26146_00001025,NORMAL,0
tx26146_00001026,NORMAL,0
tx26146_00001027,NORMAL,0
tx26146_00001028,NORMAL,0
tx26146_00001029,NORMAL,0
tx26146_00001030,NORMAL,0
tx26146_00001031,NORMAL,0
tx26146_00001032,NORMAL,0
tx26146_00001033,NORMAL,0
tx26146_00001034,NORMAL,0
tx26146_00001035,NORMAL,0
tx26146_00001036,NORMAL,0
tx26146_00001037,NORMAL,0
tx26146_00001038,NORMAL,0
tx26146_00001039,NORMAL,0
tx26146_00001040,NORMAL,0
tx26146_00001041,NORMAL,0
tx26146_00001042,NORMAL,0
tx26146_00001043,NORMAL,0
tx26146_00001044,NORMAL,0
tx26146_00001045,NORMAL,0
tx26146_00001046,NORMAL,0
tx26146_00001047,NORMAL,0
tx26146_00001048,NORMAL,0
tx26146_00001049,NORMAL,0
tx26146_00001050,NORMAL,0
tx26146_00001051,NORMAL,0
tx26146_00001052,NORMAL,0
tx26146_00001053,NORMAL,0
tx26146_00001054,NORMAL,0
tx26146_00001055,NORMAL,0
tx26146_00001056,NORMAL,0
tx26146_00001057,NORMAL,0
tx26146_00001058,NORMAL,0
tx26146_00001059,NORMAL,0
tx26146_00001060,NORMAL,0
tx26146_00001061,NORMAL,0
tx26146_00001062,NORMAL,0
tx26146_00001063,NORMAL,0
tx26146_00001064,NORMAL,0
tx26146_00001065,NORMAL,0
tx26146_00001066,NORMAL,0
tx26146_00001067,NORMAL,0
tx26146_00001068,NORMAL,0
tx26146_00001069,NORMAL,0
tx26146_00001070,NORMAL,0
tx26146_00001071,NORMAL,0
tx26146_00001072,NORMAL,0
tx26146_00001073,NORMAL,0
tx26146_00001074,NORMAL,0
tx26146_00001075,NORMAL,0
tx26146_00001076,NORMAL,0
tx26146_00001077,NORMAL,0
tx26146_00001078,NORMAL,0
tx26146_00001079,NORMAL,0
tx26146_00001080,NORMAL,0
tx26146_00001081,NORMAL,0
tx26146_00001082,NORMAL,0
tx26146_00001083,NORMAL,0
tx26146_00001084,NORMAL,0
tx26146_00001085,NORMAL,0
tx26146_00001086,NORMAL,0
tx26146_00001087,NORMAL,0
tx26146_00001088,NORMAL,0
tx26146_00001089,NORMAL,0
tx26146_00001090,NORMAL,0
tx26146_00001091,NORMAL,0
tx26146_00001092,NORMAL,0
tx26146_00001093,NORMAL,0
tx26146_00001094,NORMAL,0
tx26146_00001095,NORMAL,0
tx26146_00001096,NORMAL,0
tx26146_00001097,NORMAL,0
tx26146_00001098,NORMAL,0
tx26146_00001099,NORMAL,0
tx26146_00001100,NORMAL,0
tx26146_00001101,NORMAL,0
tx26146_00001102,NORMAL,0
tx26146_00001103,NORMAL,0
tx26146_00001104,NORMAL,0
tx26146_00001105,NORMAL,0
tx26146_00001106,NORMAL,0
tx26146_00001107,NORMAL,0
tx26146_00001108,NORMAL,0
tx26146_00001109,NORMAL,0
tx26146_00001110,NORMAL,0
tx26146_00001111,NORMAL,0
tx26146_00001112,NORMAL,0
tx26146_00001113,NORMAL,0
tx26146_00001114,NORMAL,0
tx26146_00001115,NORMAL,0
tx26146_00001116,NORMAL,0
tx26146_00001117,NORMAL,0
tx26146_00001118,NORMAL,0
tx26146_00001119,NORMAL,0
tx26146_00001120,NORMAL,0
tx26146_00001121,NORMAL,0
tx26146_00001122,NORMAL,0
tx26146_00001123,NORMAL,0
tx26146_00001124,NORMAL,0
tx26146_00001125,NORMAL,0
tx26146_00001126,NORMAL,0
tx26146_00001127,NORMAL,0
tx26146_00001128,NORMAL,0
tx26146_00001129,NORMAL,0
tx26146_00001130,NORMAL,0
tx26146_00001131,NORMAL,0
tx26146_00001132,NORMAL,0
tx26146_00001133,NORMAL,0
tx26146_00001134,NORMAL,0
tx26146_00001135,NORMAL,0
tx26146_00001136,NORMAL,0
tx26146_00001137,NORMAL,0
tx26146_00001138,NORMAL,0
tx26146_00001139,NORMAL,0
tx26146_00001140,NORMAL,0
tx26146_00001141,NORMAL,0
tx26146_00001142,NORMAL,0
tx26146_00001143,NORMAL,0
tx26146_00001144,NORMAL,0
tx26146_00001145,NORMAL,0
tx26146_00001146,NORMAL,0
tx26146_00001147,NORMAL,0
tx26146_00001148,NORMAL,0
tx26146_00001149,NORMAL,0
tx26146_00001150,NORMAL,0
tx26146_00001151,NORMAL,0
tx26146_00001152,NORMAL,0
tx26146_00001153,NORMAL,0
tx26146_00001154,NORMAL,0
tx26146_00001155,NORMAL,0
tx26146_00001156,NORMAL,0
tx26146_00001157,NORMAL,0
tx26146_00001158,NORMAL,0
tx26146_00001159,NORMAL,0
tx26146_00001160,NORMAL,0
tx26146_00001161,NORMAL,0
tx26146_00001162,NORMAL,0
tx26146_00001163,NORMAL,0
tx26146_00001164,NORMAL,0
tx26146_00001165,NORMAL,0
tx26146_00001166,NORMAL,0
tx26146_00001167,NORMAL,0
tx26146_00001168,NORMAL,0
tx26146_00001169,NORMAL,0
tx26146_00001170,NORMAL,0
tx26146_00001171,NORMAL,0
tx26146_00001172,NORMAL,0
tx26146_00001173,NORMAL,0
tx26146_00001174,NORMAL,0
tx26146_00001175,NORMAL,0
tx26146_00001176,NORMAL,0
tx26146_00001177,NORMAL,0
tx26146_00001178,NORMAL,0
tx26146_00001179,NORMAL,0
tx26146_00001180,NORMAL,0
tx26146_00001181,NORMAL,0
tx26146_00001182,NORMAL,0
tx26146_00001183,NORMAL,0
tx26146_00001184,NORMAL,0
tx26146_00001185,NORMAL,0
tx26146_00001186,NORMAL,0
tx26146_00001187,NORMAL,0
tx26146_00001188,NORMAL,0
tx26146_00001189,NORMAL,0
tx26146_00001190,NORMAL,0
tx26146_00001191,NORMAL,0
tx26146_00001192,NORMAL,0
tx26146_00001193,NORMAL,0
tx26146_00001194,NORMAL,0
tx26146_00001195,NORMAL,0
tx26146_00001196,NORMAL,0
tx26146_00001197,NORMAL,0
tx26146_00001198,NORMAL,0
tx26146_00001199,NORMAL,0
tx26146_00001200,NORMAL,0
tx26146_00001201,NORMAL,0
tx26146_00001202,NORMAL,0
tx26146_00001203,NORMAL,0
tx26146_00001204,NORMAL,0
tx26146_00001205,NORMAL,0
tx26146_00001206,NORMAL,0
tx26146_00001207,NORMAL,0
tx26146_00001208,NORMAL,0
tx26146_00001209,NORMAL,0
tx26146_00001210,NORMAL,0
tx26146_00001211,NORMAL,0
tx26146_00001212,NORMAL,0
tx26146_00001213,NORMAL,0
tx26146_00001214,NORMAL,0
tx26146_00001215,NORMAL,0
tx26146_00001216,NORMAL,0
tx26146_00001217,NORMAL,0
tx26146_00001218,NORMAL,0
tx26146_00001219,NORMAL,0
tx26146_00001220,NORMAL,0
tx26146_00001221,NORMAL,0
tx26146_00001222,NORMAL,0
tx26146_00001223,NORMAL,0
tx26146_00001224,NORMAL,0
tx26146_00001225,NORMAL,0
tx26146_00001226,NORMAL,0
tx26146_00001227,NORMAL,0
tx26146_00001228,NORMAL,0
tx26146_00001229,NORMAL,0
tx26146_00001230,NORMAL,0
tx26146_00001231,NORMAL,0
tx26146_00001232,NORMAL,0
tx26146_00001233,NORMAL,0
tx26146_00001234,NORMAL,0
tx26146_00001235,NORMAL,0
tx26146_00001236,NORMAL,0
tx26146_00001237,NORMAL,0
tx26146_00001238,NORMAL,0
tx26146_00001239,NORMAL,0
tx26146_00001240,NORMAL,0
tx26146_00001241,NORMAL,0
tx26146_00001242,NORMAL,0
tx26146_00001243,NORMAL,0
tx26146_00001244,NORMAL,0
tx26146_00001245,NORMAL,0
tx26146_00001246,NORMAL,0
tx26146_00001247,NORMAL,0
tx26146_00001248,NORMAL,0
tx26146_00001249,NORMAL,0
tx26146_00001250,NORMAL,0
tx26146_00001251,NORMAL,0
tx26146_00001252,NORMAL,0
tx26146_00001253,NORMAL,0
tx26146_00001254,NORMAL,0
tx26146_00001255,NORMAL,0
tx26146_00001256,NORMAL,0
tx26146_00001257,NORMAL,0
tx26146_00001258,NORMAL,0
tx26146_00001259,NORMAL,0
tx26146_00001260,NORMAL,0
tx26146_00001261,NORMAL,0
tx26146_00001262,NORMAL,0
tx26146_00001263,NORMAL,0
tx26146_00001264,NORMAL,0
tx26146_00001265,NORMAL,0
tx26146_00001266,NORMAL,0
tx26146_00001267,NORMAL,0
tx26146_00001268,NORMAL,0
tx26146_00001269,NORMAL,0
tx26146_00001270,NORMAL,0
tx26146_00001271,NORMAL,0
tx26146_00001272,NORMAL,0
tx26146_00001273,NORMAL,0
tx26146_00001274,NORMAL,0
tx26146_00001275,NORMAL,0
tx26146_00001276,NORMAL,0
tx26146_00001277,NORMAL,0
tx26146_00001278,NORMAL,0
tx26146_00001279,NORMAL,0
tx26146_00001280,NORMAL,0
tx26146_00001281,NORMAL,0
tx26146_00001282,NORMAL,0
tx26146_00001283,NORMAL,0
tx26146_00001284,NORMAL,0
tx26146_00001285,NORMAL,0
tx26146_00001286,NORMAL,0
tx26146_00001287,NORMAL,0
tx26146_00001288,NORMAL,0
tx26146_00001289,NORMAL,0
tx26146_00001290,NORMAL,0
tx26146_00001291,NORMAL,0
tx26146_00001292,NORMAL,0
tx26146_00001293,NORMAL,0
tx26146_00001294,NORMAL,0
tx26146_00001295,NORMAL,0
tx26146_00001296,NORMAL,0
tx26146_00001297,NORMAL,0
tx26146_00001298,NORMAL,0
tx26146_00001299,NORMAL,0
tx26146_00001300,NORMAL,0
tx26146_00001301,NORMAL,0
tx26146_00001302,NORMAL,0
tx26146_00001303,NORMAL,0
tx26146_00001304,NORMAL,0
tx26146_00001305,NORMAL,0
tx26146_00001306,NORMAL,0
tx26146_00001307,NORMAL,0
tx26146_00001308,NORMAL,0
tx26146_00001309,NORMAL,0
tx26146_00001310,NORMAL,0
tx26146_00001311,NORMAL,0
tx26146_00001312,NORMAL,0
tx26146_00001313,NORMAL,0
tx26146_00001314,NORMAL,0
tx26146_00001315,NORMAL,0
tx26146_00001316,NORMAL,0
tx26146_00001317,NORMAL,0
tx26146_00001318,NORMAL,0
tx26146_00001319,NORMAL,0
tx26146_00001320,NORMAL,0
tx26146_00001321,NORMAL,0
tx26146_00001322,NORMAL,0
tx26146_00001323,NORMAL,0
tx26146_00001324,NORMAL,0
tx26146_00001325,NORMAL,0
tx26146_00001326,NORMAL,0
tx26146_00001327,NORMAL,0
tx26146_00001328,NORMAL,0
tx26146_00001329,NORMAL,0
tx26146_00001330,NORMAL,0
tx26146_00001331,NORMAL,0
tx26146_00001332,NORMAL,0
tx26146_00001333,NORMAL,0
tx26146_00001334,NORMAL,0
tx26146_00001335,NORMAL,0
tx26146_00001336,NORMAL,0
tx26146_00001337,NORMAL,0
tx26146_00001338,NORMAL,0
tx26146_00001339,NORMAL,0
tx26146_00001340,NORMAL,0
tx26146_00001341,NORMAL,0
tx26146_00001342,NORMAL,0
tx26146_00001343,NORMAL,0
tx26146_00001344,NORMAL,0
tx26146_00001345,NORMAL,0
tx26146_00001346,NORMAL,0
tx26146_00001347,NORMAL,0
tx26146_00001348,NORMAL,0
tx26146_00001349,NORMAL,0
tx26146_00001350,NORMAL,0
tx26146_00001351,NORMAL,0
tx26146_00001352,NORMAL,0
tx26146_00001353,NORMAL,0
tx26146_00001354,NORMAL,0
tx26146_00001355,NORMAL,0
tx26146_00001356,NORMAL,0
tx26146_00001357,NORMAL,0
tx26146_00001358,NORMAL,0
tx26146_00001359,NORMAL,0
tx26146_00001360,NORMAL,0
tx26146_00001361,NORMAL,0
tx26146_00001362,NORMAL,0
tx26146_00001363,NORMAL,0
tx26146_00001364,NORMAL,0
tx26146_00001365,NORMAL,0
tx26146_00001366,NORMAL,0
tx26146_00001367,NORMAL,0
tx26146_00001368,NORMAL,0
tx26146_00001369,NORMAL,0
tx26146_00001370,NORMAL,0
tx26146_00001371,NORMAL,0
tx26146_00001372,NORMAL,0
tx26146_00001373,NORMAL,0
tx26146_00001374,NORMAL,0
tx26146_00001375,NORMAL,0
tx26146_00001376,NORMAL,0
tx26146_00001377,NORMAL,0
tx26146_00001378,NORMAL,0
tx26146_00001379,NORMAL,0
tx26146_00001380,NORMAL,0
tx26146_00001381,NORMAL,0
tx26146_00001382,NORMAL,0
tx26146_00001383,NORMAL,0
tx26146_00001384,NORMAL,0
tx26146_00001385,NORMAL,0
tx26146_00001386,NORMAL,0
tx26146_00001387,NORMAL,0
tx26146_00001388,NORMAL,0
tx26146_00001389,NORMAL,0
tx26146_00001390,NORMAL,0
tx26146_00001391,NORMAL,0
tx26146_00001392,NORMAL,0
tx26146_00001393,NORMAL,0
tx26146_00001394,NORMAL,0
tx26146_00001395,NORMAL,0
tx26146_00001396,NORMAL,0
tx26146_00001397,NORMAL,0
tx26146_00001398,NORMAL,0
tx26146_00001399,NORMAL,0
tx26146_00001400,NORMAL,0
tx26146_00001401,NORMAL,0
tx26146_00001402,NORMAL,0
tx26146_00001403,NORMAL,0
tx26146_00001404,NORMAL,0
tx26146_00001405,NORMAL,0
tx26146_00001406,NORMAL,0
tx26146_00001407,NORMAL,0
tx26146_00001408,NORMAL,0
tx26146_00001409,NORMAL,0
tx26146_00001410,NORMAL,0
tx26146_00001411,NORMAL,0
tx26146_00001412,NORMAL,0
tx26146_00001413,NORMAL,0
tx26146_00001414,NORMAL,0
tx26146_00001415,NORMAL,0
tx26146_00001416,NORMAL,0
tx26146_00001417,NORMAL,0
tx26146_00001418,NORMAL,0
tx26146_00001419,NORMAL,0
tx26146_00001420,NORMAL,0
tx26146_00001421,NORMAL,0
tx26146_00001422,NORMAL,0
tx26146_00001423,NORMAL,0
tx26146_00001424,NORMAL,0
tx26146_00001425,NORMAL,0
tx26146_00001426,NORMAL,0
tx26146_00001427,NORMAL,0
tx26146_00001428,NORMAL,0
tx26146_00001429,NORMAL,0
tx26146_00001430,NORMAL,0
tx26146_00001431,NORMAL,0
tx26146_00001432,NORMAL,0
tx26146_00001433,NORMAL,0
tx26146_00001434,NORMAL,0
tx26146_00001435,NORMAL,0
tx26146_00001436,NORMAL,0
tx26146_00001437,NORMAL,0
tx26146_00001438,NORMAL,0
tx26146_00001439,NORMAL,0
tx26146_00001440,NORMAL,0
tx26146_00001441,NORMAL,0
tx26146_00001442,NORMAL,0
tx26146_00001443,NORMAL,0
tx26146_00001444,NORMAL,0
tx26146_00001445,NORMAL,0
tx26146_00001446,NORMAL,0
tx26146_00001447,NORMAL,0
tx26146_00001448,NORMAL,0
tx26146_00001449,NORMAL,0
tx26146_00001450,NORMAL,0
tx26146_00001451,NORMAL,0
tx26146_00001452,NORMAL,0
tx26146_00001453,NORMAL,0
tx26146_00001454,NORMAL,0
tx26146_00001455,NORMAL,0
tx26146_00001456,NORMAL,0
tx26146_00001457,NORMAL,0
tx26146_00001458,NORMAL,0
tx26146_00001459,NORMAL,0
tx26146_00001460,NORMAL,0
tx26146_00001461,NORMAL,0
tx26146_00001462,NORMAL,0
tx26146_00001463,NORMAL,0
tx26146_00001464,NORMAL,0
tx26146_00001465,NORMAL,0
tx26146_00001466,NORMAL,0
tx26146_00001467,NORMAL,0
tx26146_00001468,NORMAL,0
tx26146_00001469,NORMAL,0
tx26146_00001470,NORMAL,0
tx26146_00001471,NORMAL,0
tx26146_00001472,NORMAL,0
tx26146_00001473,NORMAL,0
tx26146_00001474,NORMAL,0
tx26146_00001475,NORMAL,0
tx26146_00001476,NORMAL,0
tx26146_00001477,NORMAL,0
tx26146_00001478,NORMAL,0
tx26146_00001479,NORMAL,0
tx26146_00001480,NORMAL,0
tx26146_00001481,NORMAL,0
tx26146_00001482,NORMAL,0
tx26146_00001483,NORMAL,0
tx26146_00001484,NORMAL,0
tx26146_00001485,NORMAL,0
tx26146_00001486,NORMAL,0
tx26146_00001487,NORMAL,0
tx26146_00001488,NORMAL,0
tx26146_00001489,NORMAL,0
tx26146_00001490,NORMAL,0
tx26146_00001491,NORMAL,0
tx26146_00001492,NORMAL,0
tx26146_00001493,NORMAL,0
tx26146_00001494,NORMAL,0
tx26146_00001495,NORMAL,0
tx26146_00001496,NORMAL,0
tx26146_00001497,NORMAL,0
tx26146_00001498,NORMAL,0
tx26146_00001499,NORMAL,0
tx26146_00001500,NORMAL,0
tx26146_00001501,NORMAL,0
tx26146_00001502,NORMAL,0
tx26146_00001503,NORMAL,0
tx26146_00001504,NORMAL,0
tx26146_00001505,NORMAL,0
tx26146_00001506,NORMAL,0
tx26146_00001507,NORMAL,0
tx26146_00001508,NORMAL,0
tx26146_00001509,NORMAL,0
tx26146_00001510,NORMAL,0
tx26146_00001511,NORMAL,0
tx26146_00001512,NORMAL,0
tx26146_00001513,NORMAL,0
tx26146_00001514,NORMAL,0
tx26146_00001515,NORMAL,0
tx26146_00001516,NORMAL,0
tx26146_00001517,NORMAL,0
tx26146_00001518,NORMAL,0
tx26146_00001519,NORMAL,0
tx26146_00001520,NORMAL,0
tx26146_00001521,NORMAL,0
tx26146_00001522,NORMAL,0
tx26146_00001523,NORMAL,0
tx26146_00001524,NORMAL,0
tx26146_00001525,NORMAL,0
tx26146_00001526,NORMAL,0
tx26146_00001527,NORMAL,0
tx26146_00001528,NORMAL,0
tx26146_00001529,NORMAL,0
tx26146_00001530,NORMAL,0
tx26146_00001531,NORMAL,0
tx26146_00001532,NORMAL,0
tx26146_00001533,NORMAL,0
tx26146_00001534,NORMAL,0
tx26146_00001535,NORMAL,0
tx26146_00001536,NORMAL,0
tx26146_00001537,NORMAL,0
tx26146_00001538,NORMAL,0
tx26146_00001539,NORMAL,0
tx26146_00001540,NORMAL,0
tx26146_00001541,NORMAL,0
tx26146_00001542,NORMAL,0
tx26146_00001543,NORMAL,0
tx26146_00001544,NORMAL,0
tx26146_00001545,NORMAL,0
tx26146_00001546,NORMAL,0
tx26146_00001547,NORMAL,0
tx26146_00001548,NORMAL,0
tx26146_00001549,NORMAL,0
tx26146_00001550,NORMAL,0
tx26146_00001551,NORMAL,0
tx26146_00001552,NORMAL,0
tx26146_00001553,NORMAL,0
tx26146_00001554,NORMAL,0
tx26146_00001555,NORMAL,0
tx26146_00001556,NORMAL,0
tx26146_00001557,NORMAL,0
tx26146_00001558,NORMAL,0
tx26146_00001559,NORMAL,0
tx26146_00001560,NORMAL,0
tx26146_00001561,NORMAL,0
tx26146_00001562,NORMAL,0
tx26146_00001563,NORMAL,0
tx26146_00001564,NORMAL,0
tx26146_00001565,NORMAL,0
tx26146_00001566,NORMAL,0
tx26146_00001567,NORMAL,0
tx26146_00001568,NORMAL,0
tx26146_00001569,NORMAL,0
tx26146_00001570,NORMAL,0
tx26146_00001571,NORMAL,0
tx26146_00001572,NORMAL,0
tx26146_00001573,NORMAL,0
tx26146_00001574,NORMAL,0
tx26146_00001575,NORMAL,0
tx26146_00001576,NORMAL,0
tx26146_00001577,NORMAL,0
tx26146_00001578,NORMAL,0
tx26146_00001579,NORMAL,0
tx26146_00001580,NORMAL,0
tx26146_00001581,NORMAL,0
tx26146_00001582,NORMAL,0
tx26146_00001583,NORMAL,0
tx26146_00001584,NORMAL,0
tx26146_00001585,NORMAL,0
tx26146_00001586,NORMAL,0
tx26146_00001587,NORMAL,0
tx26146_00001588,NORMAL,0
tx26146_00001589,NORMAL,0
tx26146_00001590,NORMAL,0
tx26146_00001591,NORMAL,0
tx26146_00001592,NORMAL,0
tx26146_00001593,NORMAL,0
tx26146_00001594,NORMAL,0
tx26146_00001595,NORMAL,0
tx26146_00001596,NORMAL,0
tx26146_00001597,NORMAL,0
tx26146_00001598,NORMAL,0
tx26146_00001599,NORMAL,0
tx26146_00001600,NORMAL,0
tx26146_00001601,NORMAL,0
tx26146_00001602,NORMAL,0
tx26146_00001603,NORMAL,0
tx26146_00001604,NORMAL,0
tx26146_00001605,NORMAL,0
tx26146_00001606,NORMAL,0
tx26146_00001607,NORMAL,0
tx26146_00001608,NORMAL,0
tx26146_00001609,NORMAL,0
tx26146_00001610,NORMAL,0
tx26146_00001611,NORMAL,0
tx26146_00001612,NORMAL,0
tx26146_00001613,NORMAL,0
tx26146_00001614,NORMAL,0
tx26146_00001615,NORMAL,0
tx26146_00001616,NORMAL,0
tx26146_00001617,NORMAL,0
tx26146_00001618,NORMAL,0
tx26146_00001619,NORMAL,0
tx26146_00001620,NORMAL,0
tx26146_00001621,NORMAL,0
tx26146_00001622,NORMAL,0
tx26146_00001623,NORMAL,0
tx26146_00001624,NORMAL,0
tx26146_00001625,NORMAL,0
tx26146_00001626,NORMAL,0
tx26146_00001627,NORMAL,0
tx26146_00001628,NORMAL,0
tx26146_00001629,NORMAL,0
tx26146_00001630,NORMAL,0
tx26146_00001631,NORMAL,0
tx26146_00001632,NORMAL,0
tx26146_00001633,NORMAL,0
tx26146_00001634,NORMAL,0
tx26146_00001635,NORMAL,0
tx26146_00001636,NORMAL,0
tx26146_00001637,NORMAL,0
tx26146_00001638,NORMAL,0
tx26146_00001639,NORMAL,0
tx26146_00001640,NORMAL,0
tx26146_00001641,NORMAL,0
tx26146_00001642,NORMAL,0
tx26146_00001643,NORMAL,0
tx26146_00001644,NORMAL,0
tx26146_00001645,NORMAL,0
tx26146_00001646,NORMAL,0
tx26146_00001647,NORMAL,0
tx26146_00001648,NORMAL,0
tx26146_00001649,NORMAL,0
tx26146_00001650,NORMAL,0
tx26146_00001651,NORMAL,0
tx26146_00001652,NORMAL,0
tx26146_00001653,NORMAL,0
tx26146_00001654,NORMAL,0
tx26146_00001655,NORMAL,0
tx26146_00001656,NORMAL,0
tx26146_00001657,NORMAL,0
tx26146_00001658,NORMAL,0
tx26146_00001659,NORMAL,0
tx26146_00001660,NORMAL,0
tx26146_00001661,NORMAL,0
tx26146_00001662,NORMAL,0
tx26146_00001663,NORMAL,0
tx26146_00001664,NORMAL,0
tx26146_00001665,NORMAL,0
tx26146_00001666,NORMAL,0
tx26146_00001667,NORMAL,0
tx26146_00001668,NORMAL,0
tx26146_00001669,NORMAL,0
tx26146_00001670,NORMAL,0
tx26146_00001671,NORMAL,0
tx26146_00001672,NORMAL,0
tx26146_00001673,NORMAL,0
tx26146_00001674,NORMAL,0
tx26146_00001675,NORMAL,0
tx26146_00001676,NORMAL,0
tx26146_00001677,NORMAL,0
tx26146_00001678,NORMAL,0
tx26146_00001679,NORMAL,0
tx26146_00001680,NORMAL,0
tx26146_00001681,NORMAL,0
tx26146_00001682,NORMAL,0
tx26146_00001683,NORMAL,0
tx26146_00001684,NORMAL,0
tx26146_00001685,NORMAL,0
tx26146_00001686,NORMAL,0
tx26146_00001687,NORMAL,0
tx26146_00001688,NORMAL,0
tx26146_00001689,NORMAL,0
tx26146_00001690,NORMAL,0
tx26146_00001691,NORMAL,0
tx26146_00001692,NORMAL,0
tx26146_00001693,NORMAL,0
tx26146_00001694,NORMAL,0
tx26146_00001695,NORMAL,0
tx26146_00001696,NORMAL,0
tx26146_00001697,NORMAL,0
tx26146_00001698,NORMAL,0
tx26146_00001699,NORMAL,0
tx26146_00001700,NORMAL,0
tx26146_00001701,NORMAL,0
tx26146_00001702,NORMAL,0
tx26146_00001703,NORMAL,0
tx26146_00001704,NORMAL,0
tx26146_00001705,NORMAL,0
tx26146_00001706,NORMAL,0
tx26146_00001707,NORMAL,0
tx26146_00001708,NORMAL,0
tx26146_00001709,NORMAL,0
tx26146_00001710,NORMAL,0
tx26146_00001711,NORMAL,0
tx26146_00001712,NORMAL,0
tx26146_00001713,NORMAL,0
tx26146_00001714,NORMAL,0
tx26146_00001715,NORMAL,0
tx26146_00001716,NORMAL,0
tx26146_00001717,NORMAL,0
tx26146_00001718,NORMAL,0
tx26146_00001719,NORMAL,0
tx26146_00001720,NORMAL,0
tx26146_00001721,NORMAL,0
tx26146_00001722,NORMAL,0
tx26146_00001723,NORMAL,0
tx26146_00001724,NORMAL,0
tx26146_00001725,NORMAL,0
tx26146_00001726,NORMAL,0
tx26146_00001727,NORMAL,0
tx26146_00001728,NORMAL,0
tx26146_00001729,NORMAL,0
tx26146_00001730,NORMAL,0
tx26146_00001731,NORMAL,0
tx26146_00001732,NORMAL,0
tx26146_00001733,NORMAL,0
tx26146_00001734,NORMAL,0
tx26146_00001735,NORMAL,0
tx26146_00001736,NORMAL,0
tx26146_00001737,NORMAL,0
tx26146_00001738,NORMAL,0
tx26146_00001739,NORMAL,0
tx26146_00001740,NORMAL,0
tx26146_00001741,NORMAL,0
tx26146_00001742,NORMAL,0
tx26146_00001743,NORMAL,0
tx26146_00001744,NORMAL,0
tx26146_00001745,NORMAL,0
tx26146_00001746,NORMAL,0
tx26146_00001747,NORMAL,0
tx26146_00001748,NORMAL,0
tx26146_00001749,NORMAL,0
tx26146_00001750,NORMAL,0
tx26146_00001751,NORMAL,0
tx26146_00001752,NORMAL,0
tx26146_00001753,NORMAL,0
tx26146_00001754,NORMAL,0
tx26146_00001755,NORMAL,0
tx26146_00001756,NORMAL,0
tx26146_00001757,NORMAL,0
tx26146_00001758,NORMAL,0
tx26146_00001759,NORMAL,0
tx26146_00001760,NORMAL,0
tx26146_00001761,NORMAL,0
tx26146_00001762,NORMAL,0
tx26146_00001763,NORMAL,0
tx26146_00001764,NORMAL,0
tx26146_00001765,NORMAL,0
tx26146_00001766,NORMAL,0
tx26146_00001767,NORMAL,0
tx26146_00001768,NORMAL,0
tx26146_00001769,NORMAL,0
tx26146_00001770,NORMAL,0
tx26146_00001771,NORMAL,0
tx26146_00001772,NORMAL,0
tx26146_00001773,NORMAL,0
tx26146_00001774,NORMAL,0
tx26146_00001775,NORMAL,0
tx26146_00001776,NORMAL,0
tx26146_00001777,NORMAL,0
tx26146_00001778,NORMAL,0
tx26146_00001779,NORMAL,0
tx26146_00001780,NORMAL,0
tx26146_00001781,NORMAL,0
tx26146_00001782,NORMAL,0
tx26146_00001783,NORMAL,0
tx26146_00001784,NORMAL,0
tx26146_00001785,NORMAL,0
tx26146_00001786,NORMAL,0
tx26146_00001787,NORMAL,0
tx26146_00001788,NORMAL,0
tx26146_00001789,NORMAL,0
tx26146_00001790,NORMAL,0
tx26146_00001791,NORMAL,0
tx26146_00001792,NORMAL,0
tx26146_00001793,NORMAL,0
tx26146_00001794,NORMAL,0
tx26146_00001795,NORMAL,0
tx26146_00001796,NORMAL,0
tx26146_00001797,NORMAL,0
tx26146_00001798,NORMAL,0
tx26146_00001799,NORMAL,0
tx26146_00001800,NORMAL,0
tx26146_00001801,NORMAL,0
tx26146_00001802,NORMAL,0
tx26146_00001803,NORMAL,0
tx26146_00001804,NORMAL,0
tx26146_00001805,NORMAL,0
tx26146_00001806,NORMAL,0
tx26146_00001807,NORMAL,0
tx26146_00001808,NORMAL,0
tx26146_00001809,NORMAL,0
tx26146_00001810,NORMAL,0
tx26146_00001811,NORMAL,0
tx26146_00001812,NORMAL,0
tx26146_00001813,NORMAL,0
tx26146_00001814,NORMAL,0
tx26146_00001815,NORMAL,0
tx26146_00001816,NORMAL,0
tx26146_00001817,NORMAL,0
tx26146_00001818,NORMAL,0
tx26146_00001819,NORMAL,0
tx26146_00001820,NORMAL,0
tx26146_00001821,NORMAL,0
tx26146_00001822,NORMAL,0
tx26146_00001823,NORMAL,0
tx26146_00001824,NORMAL,0
tx26146_00001825,NORMAL,0
tx26146_00001826,NORMAL,0
tx26146_00001827,NORMAL,0
tx26146_00001828,NORMAL,0
tx26146_00001829,NORMAL,0
tx26146_00001830,NORMAL,0
tx26146_00001831,NORMAL,0
tx26146_00001832,NORMAL,0
tx26146_00001833,NORMAL,0
tx26146_00001834,NORMAL,0
tx26146_00001835,NORMAL,0
tx26146_00001836,NORMAL,0
tx26146_00001837,NORMAL,0
tx26146_00001838,NORMAL,0
tx26146_00001839,NORMAL,0
tx26146_00001840,NORMAL,0
tx26146_00001841,NORMAL,0
tx26146_00001842,NORMAL,0
tx26146_00001843,NORMAL,0
tx26146_00001844,NORMAL,0
tx26146_00001845,NORMAL,0
tx26146_00001846,NORMAL,0
tx26146_00001847,NORMAL,0
tx26146_00001848,NORMAL,0
tx26146_00001849,NORMAL,0
tx26146_00001850,NORMAL,0
tx26146_00001851,NORMAL,0
tx26146_00001852,NORMAL,0
tx26146_00001853,NORMAL,0
tx26146_00001854,NORMAL,0
tx26146_00001855,NORMAL,0
tx26146_00001856,NORMAL,0
tx26146_00001857,NORMAL,0
tx26146_00001858,NORMAL,0
tx26146_00001859,NORMAL,0
tx26146_00001860,NORMAL,0
tx26146_00001861,NORMAL,0
tx26146_00001862,NORMAL,0
tx26146_00001863,NORMAL,0
tx26146_00001864,NORMAL,0
tx26146_00001865,NORMAL,0
tx26146_00001866,NORMAL,0
tx26146_00001867,NORMAL,0
tx26146_00001868,NORMAL,0
tx26146_00001869,NORMAL,0
tx26146_00001870,NORMAL,0
tx26146_00001871,NORMAL,0
tx26146_00001872,NORMAL,0
tx26146_00001873,NORMAL,0
tx26146_00001874,NORMAL,0
tx26146_00001875,NORMAL,0
tx26146_00001876,NORMAL,0
tx26146_00001877,NORMAL,0
tx26146_00001878,NORMAL,0
tx26146_00001879,NORMAL,0
tx26146_00001880,NORMAL,0
tx26146_00001881,NORMAL,0
tx26146_00001882,NORMAL,0
tx26146_00001883,NORMAL,0
tx26146_00001884,NORMAL,0
tx26146_00001885,NORMAL,0
tx26146_00001886,NORMAL,0
tx26146_00001887,NORMAL,0
tx26146_00001888,NORMAL,0
tx26146_00001889,NORMAL,0
tx26146_00001890,NORMAL,0
tx26146_00001891,NORMAL,0
tx26146_00001892,NORMAL,0
tx26146_00001893,NORMAL,0
tx26146_00001894,NORMAL,0
tx26146_00001895,NORMAL,0
tx26146_00001896,NORMAL,0
tx26146_00001897,NORMAL,0
tx26146_00001898,NORMAL,0
tx26146_00001899,NORMAL,0
tx26146_00001900,NORMAL,0
tx26146_00001901,NORMAL,0
tx26146_00001902,NORMAL,0
tx26146_00001903,NORMAL,0
tx26146_00001904,NORMAL,0
tx26146_00001905,NORMAL,0
tx26146_00001906,NORMAL,0
tx26146_00001907,NORMAL,0
tx26146_00001908,NORMAL,0
tx26146_00001909,NORMAL,0
tx26146_00001910,NORMAL,0
tx26146_00001911,NORMAL,0
tx26146_00001912,NORMAL,0
tx26146_00001913,NORMAL,0
tx26146_00001914,NORMAL,0
tx26146_00001915,NORMAL,0
tx26146_00001916,NORMAL,0
tx26146_00001917,NORMAL,0
tx26146_00001918,NORMAL,0
tx26146_00001919,NORMAL,0
tx26146_00001920,NORMAL,0
tx26146_00001921,NORMAL,0
tx26146_00001922,NORMAL,0
tx26146_00001923,NORMAL,0
tx26146_00001924,NORMAL,0
tx26146_00001925,NORMAL,0
tx26146_00001926,NORMAL,0
tx26146_00001927,NORMAL,0
tx26146_00001928,NORMAL,0
tx26146_00001929,NORMAL,0
tx26146_00001930,NORMAL,0
tx26146_00001931,NORMAL,0
tx26146_00001932,NORMAL,0
tx26146_00001933,NORMAL,0
tx26146_00001934,NORMAL,0
tx26146_00001935,NORMAL,0
tx26146_00001936,NORMAL,0
tx26146_00001937,NORMAL,0
tx26146_00001938,NORMAL,0
tx26146_00001939,NORMAL,0
tx26146_00001940,NORMAL,0
tx26146_00001941,NORMAL,0
tx26146_00001942,NORMAL,0
tx26146_00001943,NORMAL,0
tx26146_00001944,NORMAL,0
tx26146_00001945,NORMAL,0
tx26146_00001946,NORMAL,0
tx26146_00001947,NORMAL,0
tx26146_00001948,NORMAL,0
tx26146_00001949,NORMAL,0
tx26146_00001950,NORMAL,0
tx26146_00001951,NORMAL,0
tx26146_00001952,NORMAL,0
tx26146_00001953,NORMAL,0
tx26146_00001954,NORMAL,0
tx26146_00001955,NORMAL,0
tx26146_00001956,NORMAL,0
tx26146_00001957,NORMAL,0
tx26146_00001958,NORMAL,0
tx26146_00001959,NORMAL,0
tx26146_00001960,NORMAL,0
tx26146_00001961,NORMAL,0
tx26146_00001962,NORMAL,0
tx26146_00001963,NORMAL,0
tx26146_00001964,NORMAL,0
tx26146_00001965,NORMAL,0
tx26146_00001966,NORMAL,0
tx26146_00001967,NORMAL,0
tx26146_00001968,NORMAL,0
tx26146_00001969,NORMAL,0
tx26146_00001970,NORMAL,0
tx26146_00001971,NORMAL,0
tx26146_00001972,NORMAL,0
tx26146_00001973,NORMAL,0
tx26146_00001974,NORMAL,0
tx26146_00001975,NORMAL,0
tx26146_00001976,NORMAL,0
tx26146_00001977,NORMAL,0
tx26146_00001978,NORMAL,0
tx26146_00001979,NORMAL,0
tx26146_00001980,NORMAL,0
tx26146_00001981,NORMAL,0
tx26146_00001982,NORMAL,0
tx26146_00001983,NORMAL,0
tx26146_00001984,NORMAL,0
tx26146_00001985,NORMAL,0
tx26146_00001986,NORMAL,0
tx26146_00001987,NORMAL,0
tx26146_00001988,NORMAL,0
tx26146_00001989,NORMAL,0
tx26146_00001990,NORMAL,0
tx26146_00001991,NORMAL,0
tx26146_00001992,NORMAL,0
tx26146_00001993,NORMAL,0
tx26146_00001994,NORMAL,0
tx26146_00001995,NORMAL,0
tx26146_00001996,NORMAL,0
tx26146_00001997,NORMAL,0
tx26146_00001998,NORMAL,0
tx26146_00001999,NORMAL,0
tx26146_00002000,NORMAL,0
tx26146_00002001,NORMAL,0
tx26146_00002002,NORMAL,0
tx26146_00002003,NORMAL,0
tx26146_00002004,NORMAL,0
tx26146_00002005,NORMAL,0
tx26146_00002006,NORMAL,0
tx26146_00002007,NORMAL,0
tx26146_00002008,NORMAL,0
tx26146_00002009,NORMAL,0
tx26146_00002010,NORMAL,0
tx26146_00002011,NORMAL,0
tx26146_00002012,NORMAL,0
tx26146_00002013,NORMAL,0
tx26146_00002014,NORMAL,0
tx26146_00002015,NORMAL,0
tx26146_00002016,NORMAL,0
tx26146_00002017,NORMAL,0
tx26146_00002018,NORMAL,0
tx26146_00002019,NORMAL,0
tx26146_00002020,NORMAL,0
tx26146_00002021,NORMAL,0
tx26146_00002022,NORMAL,0
tx26146_00002023,NORMAL,0
tx26146_00002024,NORMAL,0
tx26146_00002025,NORMAL,0
tx26146_00002026,NORMAL,0
tx26146_00002027,NORMAL,0
tx26146_00002028,NORMAL,0
tx26146_00002029,NORMAL,0
tx26146_00002030,NORMAL,0
tx26146_00002031,NORMAL,0
tx26146_00002032,NORMAL,0
tx26146_00002033,NORMAL,0
tx26146_00002034,NORMAL,0
tx26146_00002035,NORMAL,0
tx26146_00002036,NORMAL,0
tx26146_00002037,NORMAL,0
tx26146_00002038,NORMAL,0
tx26146_00002039,NORMAL,0
tx26146_00002040,NORMAL,0
tx26146_00002041,NORMAL,0
tx26146_00002042,NORMAL,0
tx26146_00002043,NORMAL,0
tx26146_00002044,NORMAL,0
tx26146_00002045,NORMAL,0
tx26146_00002046,NORMAL,0
tx26146_00002047,NORMAL,0
tx26146_00002048,NORMAL,0
tx26146_00002049,NORMAL,0
tx26146_00002050,NORMAL,0
tx26146_00002051,NORMAL,0
tx26146_00002052,NORMAL,0
tx26146_00002053,NORMAL,0
tx26146_00002054,NORMAL,0
tx26146_00002055,NORMAL,0
tx26146_00002056,NORMAL,0
tx26146_00002057,NORMAL,0
tx26146_00002058,NORMAL,0
tx26146_00002059,NORMAL,0
tx26146_00002060,NORMAL,0
tx26146_00002061,NORMAL,0
tx26146_00002062,NORMAL,0
tx26146_00002063,NORMAL,0
tx26146_00002064,NORMAL,0
tx26146_00002065,NORMAL,0
tx26146_00002066,NORMAL,0
tx26146_00002067,NORMAL,0
tx26146_00002068,NORMAL,0
tx26146_00002069,NORMAL,0
tx26146_00002070,NORMAL,0
tx26146_00002071,NORMAL,0
tx26146_00002072,NORMAL,0
tx26146_00002073,NORMAL,0
tx26146_00002074,NORMAL,0
tx26146_00002075,NORMAL,0
tx26146_00002076,NORMAL,0
tx26146_00002077,NORMAL,0
tx26146_00002078,NORMAL,0
tx26146_00002079,NORMAL,0
tx26146_00002080,NORMAL,0
tx26146_00002081,NORMAL,0
tx26146_00002082,NORMAL,0
tx26146_00002083,NORMAL,0
tx26146_00002084,NORMAL,0
tx26146_00002085,NORMAL,0
tx26146_00002086,NORMAL,0
tx26146_00002087,NORMAL,0
tx26146_00002088,NORMAL,0
tx26146_00002089,NORMAL,0
tx26146_00002090,NORMAL,0
tx26146_00002091,NORMAL,0
tx26146_00002092,NORMAL,0
tx26146_00002093,NORMAL,0
tx26146_00002094,NORMAL,0
tx26146_00002095,NORMAL,0
tx26146_00002096,NORMAL,0
tx26146_00002097,NORMAL,0
tx26146_00002098,NORMAL,0
tx26146_00002099,NORMAL,0
tx26146_00002100,NORMAL,0
tx26146_00002101,NORMAL,0
tx26146_00002102,NORMAL,0
tx26146_00002103,NORMAL,0
tx26146_00002104,NORMAL,0
tx26146_00002105,NORMAL,0
tx26146_00002106,NORMAL,0
tx26146_00002107,NORMAL,0
tx26146_00002108,NORMAL,0
tx26146_00002109,NORMAL,0
tx26146_00002110,NORMAL,0
tx26146_00002111,NORMAL,0
tx26146_00002112,NORMAL,0
tx26146_00002113,NORMAL,0
tx26146_00002114,NORMAL,0
tx26146_00002115,NORMAL,0
tx26146_00002116,NORMAL,0
tx26146_00002117,NORMAL,0
tx26146_00002118,NORMAL,0
tx26146_00002119,NORMAL,0
tx26146_00002120,NORMAL,0
tx26146_00002121,NORMAL,0
tx26146_00002122,NORMAL,0
tx26146_00002123,NORMAL,0
tx26146_00002124,NORMAL,0
tx26146_00002125,NORMAL,0
tx26146_00002126,NORMAL,0
tx26146_00002127,NORMAL,0
tx26146_00002128,NORMAL,0
tx26146_00002129,NORMAL,0
tx26146_00002130,NORMAL,0
tx26146_00002131,NORMAL,0
tx26146_00002132,NORMAL,0
tx26146_00002133,NORMAL,0
tx26146_00002134,NORMAL,0
tx26146_00002135,NORMAL,0
tx26146_00002136,NORMAL,0
tx26146_00002137,NORMAL,0
tx26146_00002138,NORMAL,0
tx26146_00002139,NORMAL,0
tx26146_00002140,NORMAL,0
tx26146_00002141,NORMAL,0
tx26146_00002142,NORMAL,0
tx26146_00002143,NORMAL,0
tx26146_00002144,NORMAL,0
tx26146_00002145,NORMAL,0
tx26146_00002146,NORMAL,0
tx26146_00002147,NORMAL,0
tx26146_00002148,NORMAL,0
tx26146_00002149,NORMAL,0
tx26146_00002150,NORMAL,0
tx26146_00002151,NORMAL,0
tx26146_00002152,NORMAL,0
tx26146_00002153,NORMAL,0
tx26146_00002154,NORMAL,0
tx26146_00002155,NORMAL,0
tx26146_00002156,NORMAL,0
tx26146_00002157,NORMAL,0
tx26146_00002158,NORMAL,0
tx26146_00002159,NORMAL,0
tx26146_00002160,NORMAL,0
tx26146_00002161,NORMAL,0
tx26146_00002162,NORMAL,0
tx26146_00002163,NORMAL,0
tx26146_00002164,NORMAL,0
tx26146_00002165,NORMAL,0
tx26146_00002166,NORMAL,0
tx26146_00002167,NORMAL,0
tx26146_00002168,NORMAL,0
tx26146_00002169,NORMAL,0
tx26146_00002170,NORMAL,0
tx26146_00002171,NORMAL,0
tx26146_00002172,NORMAL,0
tx26146_00002173,NORMAL,0
tx26146_00002174,NORMAL,0
tx26146_00002175,NORMAL,0
tx26146_00002176,NORMAL,0
tx26146_00002177,NORMAL,0
tx26146_00002178,NORMAL,0
tx26146_00002179,NORMAL,0
tx26146_00002180,NORMAL,0
tx26146_00002181,NORMAL,0
tx26146_00002182,NORMAL,0
tx26146_00002183,NORMAL,0
tx26146_00002184,NORMAL,0
tx26146_00002185,NORMAL,0
tx26146_00002186,NORMAL,0
tx26146_00002187,NORMAL,0
tx26146_00002188,NORMAL,0
tx26146_00002189,NORMAL,0
tx26146_00002190,NORMAL,0
tx26146_00002191,NORMAL,0
tx26146_00002192,NORMAL,0
tx26146_00002193,NORMAL,0
tx26146_00002194,NORMAL,0
tx26146_00002195,NORMAL,0
tx26146_00002196,NORMAL,0
tx26146_00002197,NORMAL,0
tx26146_00002198,NORMAL,0
tx26146_00002199,NORMAL,0
tx26146_00002200,NORMAL,0
tx26146_00002201,NORMAL,0
tx26146_00002202,NORMAL,0
tx26146_00002203,NORMAL,0
tx26146_00002204,NORMAL,0
tx26146_00002205,NORMAL,0
tx26146_00002206,NORMAL,0
tx26146_00002207,NORMAL,0
tx26146_00002208,NORMAL,0
tx26146_00002209,NORMAL,0
tx26146_00002210,NORMAL,0
tx26146_00002211,NORMAL,0
tx26146_00002212,NORMAL,0
tx26146_00002213,NORMAL,0
tx26146_00002214,NORMAL,0
tx26146_00002215,NORMAL,0
tx26146_00002216,NORMAL,0
tx26146_00002217,NORMAL,0
tx26146_00002218,NORMAL,0
tx26146_00002219,NORMAL,0
tx26146_00002220,NORMAL,0
tx26146_00002221,NORMAL,0
tx26146_00002222,NORMAL,0
tx26146_00002223,NORMAL,0
tx26146_00002224,NORMAL,0
tx26146_00002225,NORMAL,0
tx26146_00002226,NORMAL,0
tx26146_00002227,NORMAL,0
tx26146_00002228,NORMAL,0
tx26146_00002229,NORMAL,0
tx26146_00002230,NORMAL,0
tx26146_00002231,NORMAL,0
tx26146_00002232,NORMAL,0
tx26146_00002233,NORMAL,0
tx26146_00002234,NORMAL,0
tx26146_00002235,NORMAL,0
tx26146_00002236,NORMAL,0
tx26146_00002237,NORMAL,0
tx26146_00002238,NORMAL,0
tx26146_00002239,NORMAL,0
tx26146_00002240,NORMAL,0
tx26146_00002241,NORMAL,0
tx26146_00002242,NORMAL,0
tx26146_00002243,NORMAL,0
tx26146_00002244,NORMAL,0
tx26146_00002245,NORMAL,0
tx26146_00002246,NORMAL,0
tx26146_00002247,NORMAL,0
tx26146_00002248,NORMAL,0
tx26146_00002249,NORMAL,0
tx26146_00002250,NORMAL,0
tx26146_00002251,NORMAL,0
tx26146_00002252,NORMAL,0
tx26146_00002253,NORMAL,0
tx26146_00002254,NORMAL,0
tx26146_00002255,NORMAL,0
tx26146_00002256,NORMAL,0
tx26146_00002257,NORMAL,0
tx26146_00002258,NORMAL,0
tx26146_00002259,NORMAL,0
tx26146_00002260,NORMAL,0
tx26146_00002261,NORMAL,0
tx26146_00002262,NORMAL,0
tx26146_00002263,NORMAL,0
tx26146_00002264,NORMAL,0
tx26146_00002265,NORMAL,0
tx26146_00002266,NORMAL,0
tx26146_00002267,NORMAL,0
tx26146_00002268,NORMAL,0
tx26146_00002269,NORMAL,0
tx26146_00002270,NORMAL,0
tx26146_00002271,NORMAL,0
tx26146_00002272,NORMAL,0
tx26146_00002273,NORMAL,0
tx26146_00002274,NORMAL,0
tx26146_00002275,NORMAL,0
tx26146_00002276,NORMAL,0
tx26146_00002277,NORMAL,0
tx26146_00002278,NORMAL,0
tx26146_00002279,NORMAL,0
tx26146_00002280,NORMAL,0
tx26146_00002281,NORMAL,0
tx26146_00002282,NORMAL,0
tx26146_00002283,NORMAL,0
tx26146_00002284,NORMAL,0
tx26146_00002285,NORMAL,0
tx26146_00002286,NORMAL,0
tx26146_00002287,NORMAL,0
tx26146_00002288,NORMAL,0
tx26146_00002289,NORMAL,0
tx26146_00002290,NORMAL,0
tx26146_00002291,NORMAL,0
tx26146_00002292,NORMAL,0
tx26146_00002293,NORMAL,0
tx26146_00002294,NORMAL,0
tx26146_00002295,NORMAL,0
tx26146_00002296,NORMAL,0
tx26146_00002297,NORMAL,0
tx26146_00002298,NORMAL,0
tx26146_00002299,NORMAL,0
tx26146_00002300,NORMAL,0
tx26146_00002301,NORMAL,0
tx26146_00002302,NORMAL,0
tx26146_00002303,NORMAL,0
tx26146_00002304,NORMAL,0
tx26146_00002305,NORMAL,0
tx26146_00002306,NORMAL,0
tx26146_00002307,NORMAL,0
tx26146_00002308,NORMAL,0
tx26146_00002309,NORMAL,0
tx26146_00002310,NORMAL,0
tx26146_00002311,NORMAL,0
tx26146_00002312,NORMAL,0
tx26146_00002313,NORMAL,0
tx26146_00002314,NORMAL,0
tx26146_00002315,NORMAL,0
tx26146_00002316,NORMAL,0
tx26146_00002317,NORMAL,0
tx26146_00002318,NORMAL,0
tx26146_00002319,NORMAL,0
tx26146_00002320,NORMAL,0
tx26146_00002321,NORMAL,0
tx26146_00002322,NORMAL,0
tx26146_00002323,NORMAL,0
tx26146_00002324,NORMAL,0
tx26146_00002325,NORMAL,0
tx26146_00002326,NORMAL,0
tx26146_00002327,NORMAL,0
tx26146_00002328,NORMAL,0
tx26146_00002329,NORMAL,0
tx26146_00002330,NORMAL,0
tx26146_00002331,NORMAL,0
tx26146_00002332,NORMAL,0
tx26146_00002333,NORMAL,0
tx26146_00002334,NORMAL,0
tx26146_00002335,NORMAL,0
tx26146_00002336,NORMAL,0
tx26146_00002337,NORMAL,0
tx26146_00002338,NORMAL,0
tx26146_00002339,NORMAL,0
tx26146_00002340,NORMAL,0
tx26146_00002341,NORMAL,0
tx26146_00002342,NORMAL,0
tx26146_00002343,NORMAL,0
tx26146_00002344,NORMAL,0
tx26146_00002345,NORMAL,0
tx26146_00002346,NORMAL,0
tx26146_00002347,NORMAL,0
tx26146_00002348,NORMAL,0
tx26146_00002349,NORMAL,0
tx26146_00002350,NORMAL,0
tx26146_00002351,NORMAL,0
tx26146_00002352,NORMAL,0
tx26146_00002353,NORMAL,0
tx26146_00002354,NORMAL,0
tx26146_00002355,NORMAL,0
tx26146_00002356,NORMAL,0
tx26146_00002357,NORMAL,0
tx26146_00002358,NORMAL,0
tx26146_00002359,NORMAL,0
tx26146_00002360,NORMAL,0
tx26146_00002361,NORMAL,0
tx26146_00002362,NORMAL,0
tx26146_00002363,NORMAL,0
tx26146_00002364,NORMAL,0
tx26146_00002365,NORMAL,0
tx26146_00002366,NORMAL,0
tx26146_00002367,NORMAL,0
tx26146_00002368,NORMAL,0
tx26146_00002369,NORMAL,0
tx26146_00002370,NORMAL,0
tx26146_00002371,NORMAL,0
tx26146_00002372,NORMAL,0
tx26146_00002373,NORMAL,0
tx26146_00002374,NORMAL,0
tx26146_00002375,NORMAL,0
tx26146_00002376,NORMAL,0
tx26146_00002377,NORMAL,0
tx26146_00002378,NORMAL,0
tx26146_00002379,NORMAL,0
tx26146_00002380,NORMAL,0
tx26146_00002381,NORMAL,0
tx26146_00002382,NORMAL,0
tx26146_00002383,NORMAL,0
tx26146_00002384,NORMAL,0
tx26146_00002385,NORMAL,0
tx26146_00002386,NORMAL,0
tx26146_00002387,NORMAL,0
tx26146_00002388,NORMAL,0
tx26146_00002389,NORMAL,0
tx26146_00002390,NORMAL,0
tx26146_00002391,NORMAL,0
tx26146_00002392,NORMAL,0
tx26146_00002393,NORMAL,0
tx26146_00002394,NORMAL,0
tx26146_00002395,NORMAL,0
tx26146_00002396,NORMAL,0
tx26146_00002397,NORMAL,0
tx26146_00002398,NORMAL,0
tx26146_00002399,NORMAL,0
tx26146_00002400,NORMAL,0
tx26146_00002401,NORMAL,0
tx26146_00002402,NORMAL,0
tx26146_00002403,NORMAL,0
tx26146_00002404,NORMAL,0
tx26146_00002405,NORMAL,0
tx26146_00002406,NORMAL,0
tx26146_00002407,NORMAL,0
tx26146_00002408,NORMAL,0
tx26146_00002409,NORMAL,0
tx26146_00002410,NORMAL,0
tx26146_00002411,NORMAL,0
tx26146_00002412,NORMAL,0
tx26146_00002413,NORMAL,0
tx26146_00002414,NORMAL,0
tx26146_00002415,NORMAL,0
tx26146_00002416,NORMAL,0
tx26146_00002417,NORMAL,0
tx26146_00002418,NORMAL,0
tx26146_00002419,NORMAL,0
tx26146_00002420,NORMAL,0
tx26146_00002421,NORMAL,0
tx26146_00002422,NORMAL,0
tx26146_00002423,NORMAL,0
tx26146_00002424,NORMAL,0
tx26146_00002425,NORMAL,0
tx26146_00002426,NORMAL,0
tx26146_00002427,NORMAL,0
tx26146_00002428,NORMAL,0
tx26146_00002429,NORMAL,0
tx26146_00002430,NORMAL,0
tx26146_00002431,NORMAL,0
tx26146_00002432,NORMAL,0
tx26146_00002433,NORMAL,0
tx26146_00002434,NORMAL,0
tx26146_00002435,NORMAL,0
tx26146_00002436,NORMAL,0
tx26146_00002437,NORMAL,0
tx26146_00002438,NORMAL,0
tx26146_00002439,NORMAL,0
tx26146_00002440,NORMAL,0
tx26146_00002441,NORMAL,0
tx26146_00002442,NORMAL,0
tx26146_00002443,NORMAL,0
tx26146_00002444,NORMAL,0
tx26146_00002445,NORMAL,0
tx26146_00002446,NORMAL,0
tx26146_00002447,NORMAL,0
tx26146_00002448,NORMAL,0
tx26146_00002449,NORMAL,0
tx26146_00002450,NORMAL,0
tx26146_00002451,NORMAL,0
tx26146_00002452,NORMAL,0
tx26146_00002453,NORMAL,0
tx26146_00002454,NORMAL,0
tx26146_00002455,NORMAL,0
tx26146_00002456,NORMAL,0
tx26146_00002457,NORMAL,0
tx26146_00002458,NORMAL,0
tx26146_00002459,NORMAL,0
tx26146_00002460,NORMAL,0
tx26146_00002461,NORMAL,0
tx26146_00002462,NORMAL,0
tx26146_00002463,NORMAL,0
tx26146_00002464,NORMAL,0
tx26146_00002465,NORMAL,0
tx26146_00002466,NORMAL,0
tx26146_00002467,NORMAL,0
tx26146_00002468,NORMAL,0
tx26146_00002469,NORMAL,0
tx26146_00002470,NORMAL,0
tx26146_00002471,NORMAL,0
tx26146_00002472,NORMAL,0
tx26146_00002473,NORMAL,0
tx26146_00002474,NORMAL,0
tx26146_00002475,NORMAL,0
tx26146_00002476,NORMAL,0
tx26146_00002477,NORMAL,0
tx26146_00002478,NORMAL,0
tx26146_00002479,NORMAL,0
tx26146_00002480,NORMAL,0
tx26146_00002481,NORMAL,0
tx26146_00002482,NORMAL,0
tx26146_00002483,NORMAL,0
tx26146_00002484,NORMAL,0
tx26146_00002485,NORMAL,0
tx26146_00002486,NORMAL,0
tx26146_00002487,NORMAL,0
tx26146_00002488,NORMAL,0
tx26146_00002489,NORMAL,0
tx26146_00002490,NORMAL,0
tx26146_00002491,NORMAL,0
tx26146_00002492,NORMAL,0
tx26146_00002493,NORMAL,0
tx26146_00002494,NORMAL,0
tx26146_00002495,NORMAL,0
tx26146_00002496,NORMAL,0
tx26146_00002497,NORMAL,0
tx26146_00002498,NORMAL,0
tx26146_00002499,NORMAL,0
tx26146_00002500,NORMAL,0
tx26146_00002501,NORMAL,0
tx26146_00002502,NORMAL,0
tx26146_00002503,NORMAL,0
tx26146_00002504,NORMAL,0
tx26146_00002505,NORMAL,0
tx26146_00002506,NORMAL,0
tx26146_00002507,NORMAL,0
tx26146_00002508,NORMAL,0
tx26146_00002509,NORMAL,0
tx26146_00002510,NORMAL,0
tx26146_00002511,NORMAL,0
tx26146_00002512,NORMAL,0
tx26146_00002513,NORMAL,0
tx26146_00002514,NORMAL,0
tx26146_00002515,NORMAL,0
tx26146_00002516,NORMAL,0
tx26146_00002517,NORMAL,0
tx26146_00002518,NORMAL,0
tx26146_00002519,NORMAL,0
tx26146_00002520,NORMAL,0
tx26146_00002521,NORMAL,0
tx26146_00002522,NORMAL,0
tx26146_00002523,NORMAL,0
tx26146_00002524,NORMAL,0
tx26146_00002525,NORMAL,0
tx26146_00002526,NORMAL,0
tx26146_00002527,NORMAL,0
tx26146_00002528,NORMAL,0
tx26146_00002529,NORMAL,0
tx26146_00002530,NORMAL,0
tx26146_00002531,NORMAL,0
tx26146_00002532,NORMAL,0
tx26146_00002533,NORMAL,0
tx26146_00002534,NORMAL,0
tx26146_00002535,NORMAL,0
tx26146_00002536,NORMAL,0
tx26146_00002537,NORMAL,0
tx26146_00002538,NORMAL,0
tx26146_00002539,NORMAL,0
tx26146_00002540,NORMAL,0
tx26146_00002541,NORMAL,0
tx26146_00002542,NORMAL,0
tx26146_00002543,NORMAL,0
tx26146_00002544,NORMAL,0
tx26146_00002545,NORMAL,0
tx26146_00002546,NORMAL,0
tx26146_00002547,NORMAL,0
tx26146_00002548,NORMAL,0
tx26146_00002549,NORMAL,0
tx26146_00002550,NORMAL,0
tx26146_00002551,NORMAL,0
tx26146_00002552,NORMAL,0
tx26146_00002553,NORMAL,0
tx26146_00002554,NORMAL,0
tx26146_00002555,NORMAL,0
tx26146_00002556,NORMAL,0
tx26146_00002557,NORMAL,0
tx26146_00002558,NORMAL,0
tx26146_00002559,NORMAL,0
tx26146_00002560,NORMAL,0
tx26146_00002561,NORMAL,0
tx26146_00002562,NORMAL,0
tx26146_00002563,NORMAL,0
tx26146_00002564,NORMAL,0
tx26146_00002565,NORMAL,0
tx26146_00002566,NORMAL,0
tx26146_00002567,NORMAL,0
tx26146_00002568,NORMAL,0
tx26146_00002569,NORMAL,0
tx26146_00002570,NORMAL,0
tx26146_00002571,NORMAL,0
tx26146_00002572,NORMAL,0
tx26146_00002573,NORMAL,0
tx26146_00002574,NORMAL,0
tx26146_00002575,NORMAL,0
tx26146_00002576,NORMAL,0
tx26146_00002577,NORMAL,0
tx26146_00002578,NORMAL,0
tx26146_00002579,NORMAL,0
tx26146_00002580,NORMAL,0
tx26146_00002581,NORMAL,0
tx26146_00002582,NORMAL,0
tx26146_00002583,NORMAL,0
tx26146_00002584,NORMAL,0
tx26146_00002585,NORMAL,0
tx26146_00002586,NORMAL,0
tx26146_00002587,NORMAL,0
tx26146_00002588,NORMAL,0
tx26146_00002589,NORMAL,0
tx26146_00002590,NORMAL,0
tx26146_00002591,NORMAL,0
tx26146_00002592,NORMAL,0
tx26146_00002593,NORMAL,0
tx26146_00002594,NORMAL,0
tx26146_00002595,NORMAL,0
tx26146_00002596,NORMAL,0
tx26146_00002597,NORMAL,0
tx26146_00002598,NORMAL,0
tx26146_00002599,NORMAL,0
tx26146_00002600,NORMAL,0
tx26146_00002601,NORMAL,0
tx26146_00002602,NORMAL,0
tx26146_00002603,NORMAL,0
tx26146_00002604,NORMAL,0
tx26146_00002605,NORMAL,0
tx26146_00002606,NORMAL,0
tx26146_00002607,NORMAL,0
tx26146_00002608,NORMAL,0
tx26146_00002609,NORMAL,0
tx26146_00002610,NORMAL,0
tx26146_00002611,NORMAL,0
tx26146_00002612,NORMAL,0
tx26146_00002613,NORMAL,0
tx26146_00002614,NORMAL,0
tx26146_00002615,NORMAL,0
tx26146_00002616,NORMAL,0
tx26146_00002617,NORMAL,0
tx26146_00002618,NORMAL,0
tx26146_00002619,NORMAL,0
tx26146_00002620,NORMAL,0
tx26146_00002621,NORMAL,0
tx26146_00002622,NORMAL,0
tx26146_00002623,NORMAL,0
tx26146_00002624,NORMAL,0
tx26146_00002625,NORMAL,0
tx26146_00002626,NORMAL,0
tx26146_00002627,NORMAL,0
tx26146_00002628,NORMAL,0
tx26146_00002629,NORMAL,0
tx26146_00002630,NORMAL,0
tx26146_00002631,NORMAL,0
tx26146_00002632,NORMAL,0
tx26146_00002633,NORMAL,0
tx26146_00002634,NORMAL,0
tx26146_00002635,NORMAL,0
tx26146_00002636,NORMAL,0
tx26146_00002637,NORMAL,0
tx26146_00002638,NORMAL,0
tx26146_00002639,NORMAL,0
tx26146_00002640,NORMAL,0
tx26146_00002641,NORMAL,0
tx26146_00002642,NORMAL,0
tx26146_00002643,NORMAL,0
tx26146_00002644,NORMAL,0
tx26146_00002645,NORMAL,0
tx26146_00002646,NORMAL,0
tx26146_00002647,NORMAL,0
tx26146_00002648,NORMAL,0
tx26146_00002649,NORMAL,0
tx26146_00002650,NORMAL,0
tx26146_00002651,NORMAL,0
tx26146_00002652,NORMAL,0
tx26146_00002653,NORMAL,0
tx26146_00002654,NORMAL,0
tx26146_00002655,NORMAL,0
tx26146_00002656,NORMAL,0
tx26146_00002657,NORMAL,0
tx26146_00002658,NORMAL,0
tx26146_00002659,NORMAL,0
tx26146_00002660,NORMAL,0
tx26146_00002661,NORMAL,0
tx26146_00002662,NORMAL,0
tx26146_00002663,NORMAL,0
tx26146_00002664,NORMAL,0
tx26146_00002665,NORMAL,0
tx26146_00002666,NORMAL,0
tx26146_00002667,NORMAL,0
tx26146_00002668,NORMAL,0
tx26146_00002669,NORMAL,0
tx26146_00002670,NORMAL,0
tx26146_00002671,NORMAL,0
tx26146_00002672,NORMAL,0
tx26146_00002673,NORMAL,0
tx26146_00002674,NORMAL,0
tx26146_00002675,NORMAL,0
tx26146_00002676,NORMAL,0
tx26146_00002677,NORMAL,0
tx26146_00002678,NORMAL,0
tx26146_00002679,NORMAL,0
tx26146_00002680,NORMAL,0
tx26146_00002681,NORMAL,0
tx26146_00002682,NORMAL,0
tx26146_00002683,NORMAL,0
tx26146_00002684,NORMAL,0
tx26146_00002685,NORMAL,0
tx26146_00002686,NORMAL,0
tx26146_00002687,NORMAL,0
tx26146_00002688,NORMAL,0
tx26146_00002689,NORMAL,0
tx26146_00002690,NORMAL,0
tx26146_00002691,NORMAL,0
tx26146_00002692,NORMAL,0
tx26146_00002693,NORMAL,0
tx26146_00002694,NORMAL,0
tx26146_00002695,NORMAL,0
tx26146_00002696,NORMAL,0
tx26146_00002697,NORMAL,0
tx26146_00002698,NORMAL,0
tx26146_00002699,NORMAL,0
tx26146_00002700,NORMAL,0
tx26146_00002701,NORMAL,0
tx26146_00002702,NORMAL,0
tx26146_00002703,NORMAL,0
tx26146_00002704,NORMAL,0
tx26146_00002705,NORMAL,0
tx26146_00002706,NORMAL,0
tx26146_00002707,NORMAL,0
tx26146_00002708,NORMAL,0
tx26146_00002709,NORMAL,0
tx26146_00002710,NORMAL,0
tx26146_00002711,NORMAL,0
tx26146_00002712,NORMAL,0
tx26146_00002713,NORMAL,0
tx26146_00002714,NORMAL,0
tx26146_00002715,NORMAL,0
tx26146_00002716,NORMAL,0
tx26146_00002717,NORMAL,0
tx26146_00002718,NORMAL,0
tx26146_00002719,NORMAL,0
tx26146_00002720,NORMAL,0
tx26146_00002721,NORMAL,0
tx26146_00002722,NORMAL,0
tx26146_00002723,NORMAL,0
tx26146_00002724,NORMAL,0
tx26146_00002725,NORMAL,0
tx26146_00002726,NORMAL,0
tx26146_00002727,NORMAL,0
tx26146_00002728,NORMAL,0
tx26146_00002729,NORMAL,0
tx26146_00002730,NORMAL,0
tx26146_00002731,NORMAL,0
tx26146_00002732,NORMAL,0
tx26146_00002733,NORMAL,0
tx26146_00002734,NORMAL,0
tx26146_00002735,NORMAL,0
tx26146_00002736,NORMAL,0
tx26146_00002737,NORMAL,0
tx26146_00002738,NORMAL,0
tx26146_00002739,NORMAL,0
tx26146_00002740,NORMAL,0
tx26146_00002741,NORMAL,0
tx26146_00002742,NORMAL,0
tx26146_00002743,NORMAL,0
tx26146_00002744,NORMAL,0
tx26146_00002745,NORMAL,0
tx26146_00002746,NORMAL,0
tx26146_00002747,NORMAL,0
tx26146_00002748,NORMAL,0
tx26146_00002749,NORMAL,0
tx26146_00002750,NORMAL,0
tx26146_00002751,NORMAL,0
tx26146_00002752,NORMAL,0
tx26146_00002753,NORMAL,0
tx26146_00002754,NORMAL,0
tx26146_00002755,NORMAL,0
tx26146_00002756,NORMAL,0
tx26146_00002757,NORMAL,0
tx26146_00002758,NORMAL,0
tx26146_00002759,NORMAL,0
tx26146_00002760,NORMAL,0
tx26146_00002761,NORMAL,0
tx26146_00002762,NORMAL,0
tx26146_00002763,NORMAL,0
tx26146_00002764,NORMAL,0
tx26146_00002765,NORMAL,0
tx26146_00002766,NORMAL,0
tx26146_00002767,NORMAL,0
tx26146_00002768,NORMAL,0
tx26146_00002769,NORMAL,0
tx26146_00002770,NORMAL,0
tx26146_00002771,NORMAL,0
tx26146_00002772,NORMAL,0
tx26146_00002773,NORMAL,0
tx26146_00002774,NORMAL,0
tx26146_00002775,NORMAL,0
tx26146_00002776,NORMAL,0
tx26146_00002777,NORMAL,0
tx26146_00002778,NORMAL,0
tx26146_00002779,NORMAL,0
tx26146_00002780,NORMAL,0
tx26146_00002781,NORMAL,0
tx26146_00002782,NORMAL,0
tx26146_00002783,NORMAL,0
tx26146_00002784,NORMAL,0
tx26146_00002785,NORMAL,0
tx26146_00002786,NORMAL,0
tx26146_00002787,NORMAL,0
tx26146_00002788,NORMAL,0
tx26146_00002789,NORMAL,0
tx26146_00002790,NORMAL,0
tx26146_00002791,NORMAL,0
tx26146_00002792,NORMAL,0
tx26146_00002793,NORMAL,0
tx26146_00002794,NORMAL,0
tx26146_00002795,NORMAL,0
tx26146_00002796,NORMAL,0
tx26146_00002797,NORMAL,0
tx26146_00002798,NORMAL,0
tx26146_00002799,NORMAL,0
tx26146_00002800,NORMAL,0
tx26146_00002801,NORMAL,0
tx26146_00002802,NORMAL,0
tx26146_00002803,NORMAL,0
tx26146_00002804,NORMAL,0
tx26146_00002805,NORMAL,0
tx26146_00002806,NORMAL,0
tx26146_00002807,NORMAL,0
tx26146_00002808,NORMAL,0
tx26146_00002809,NORMAL,0
tx26146_00002810,NORMAL,0
tx26146_00002811,NORMAL,0
tx26146_00002812,NORMAL,0
tx26146_00002813,NORMAL,0
tx26146_00002814,NORMAL,0
tx26146_00002815,NORMAL,0
tx26146_00002816,NORMAL,0
tx26146_00002817,NORMAL,0
tx26146_00002818,NORMAL,0
tx26146_00002819,NORMAL,0
tx26146_00002820,NORMAL,0
tx26146_00002821,NORMAL,0
tx26146_00002822,NORMAL,0
tx26146_00002823,NORMAL,0
tx26146_00002824,NORMAL,0
tx26146_00002825,NORMAL,0
tx26146_00002826,NORMAL,0
tx26146_00002827,NORMAL,0
tx26146_00002828,NORMAL,0
tx26146_00002829,NORMAL,0
tx26146_00002830,NORMAL,0
tx26146_00002831,NORMAL,0
tx26146_00002832,NORMAL,0
tx26146_00002833,NORMAL,0
tx26146_00002834,NORMAL,0
tx26146_00002835,NORMAL,0
tx26146_00002836,NORMAL,0
tx26146_00002837,NORMAL,0
tx26146_00002838,NORMAL,0
tx26146_00002839,NORMAL,0
tx26146_00002840,NORMAL,0
tx26146_00002841,NORMAL,0
tx26146_00002842,NORMAL,0
tx26146_00002843,NORMAL,0
tx26146_00002844,NORMAL,0
tx26146_00002845,NORMAL,0
tx26146_00002846,NORMAL,0
tx26146_00002847,NORMAL,0
tx26146_00002848,NORMAL,0
tx26146_00002849,NORMAL,0
tx26146_00002850,NORMAL,0
tx26146_00002851,NORMAL,0
tx26146_00002852,NORMAL,0
tx26146_00002853,NORMAL,0
tx26146_00002854,NORMAL,0
tx26146_00002855,NORMAL,0
tx26146_00002856,NORMAL,0
tx26146_00002857,NORMAL,0
tx26146_00002858,NORMAL,0
tx26146_00002859,NORMAL,0
tx26146_00002860,NORMAL,0
tx26146_00002861,NORMAL,0
tx26146_00002862,NORMAL,0
tx26146_00002863,NORMAL,0
tx26146_00002864,NORMAL,0
tx26146_00002865,NORMAL,0
tx26146_00002866,NORMAL,0
tx26146_00002867,NORMAL,0
tx26146_00002868,NORMAL,0
tx26146_00002869,NORMAL,0
tx26146_00002870,NORMAL,0
tx26146_00002871,NORMAL,0
tx26146_00002872,NORMAL,0
tx26146_00002873,NORMAL,0
tx26146_00002874,NORMAL,0
tx26146_00002875,NORMAL,0
tx26146_00002876,NORMAL,0
tx26146_00002877,NORMAL,0
tx26146_00002878,NORMAL,0
tx26146_00002879,NORMAL,0
tx26146_00002880,NORMAL,0
tx26146_00002881,NORMAL,0
tx26146_00002882,NORMAL,0
tx26146_00002883,NORMAL,0
tx26146_00002884,NORMAL,0
tx26146_00002885,NORMAL,0
tx26146_00002886,NORMAL,0
tx26146_00002887,NORMAL,0
tx26146_00002888,NORMAL,0
tx26146_00002889,NORMAL,0
tx26146_00002890,NORMAL,0
tx26146_00002891,NORMAL,0
tx26146_00002892,NORMAL,0
tx26146_00002893,NORMAL,0
tx26146_00002894,NORMAL,0
tx26146_00002895,NORMAL,0
tx26146_00002896,NORMAL,0
tx26146_00002897,NORMAL,0
tx26146_00002898,NORMAL,0
tx26146_00002899,NORMAL,0
tx26146_00002900,NORMAL,0
tx26146_00002901,NORMAL,0
tx26146_00002902,NORMAL,0
tx26146_00002903,NORMAL,0
tx26146_00002904,NORMAL,0
tx26146_00002905,NORMAL,0
tx26146_00002906,NORMAL,0
tx26146_00002907,NORMAL,0
tx26146_00002908,NORMAL,0
tx26146_00002909,NORMAL,0
tx26146_00002910,NORMAL,0
tx26146_00002911,NORMAL,0
tx26146_00002912,NORMAL,0
tx26146_00002913,NORMAL,0
tx26146_00002914,NORMAL,0
tx26146_00002915,NORMAL,0
tx26146_00002916,NORMAL,0
tx26146_00002917,NORMAL,0
tx26146_00002918,NORMAL,0
tx26146_00002919,NORMAL,0
tx26146_00002920,NORMAL,0
tx26146_00002921,NORMAL,0
tx26146_00002922,NORMAL,0
tx26146_00002923,NORMAL,0
tx26146_00002924,NORMAL,0
tx26146_00002925,NORMAL,0
tx26146_00002926,NORMAL,0
tx26146_00002927,NORMAL,0
tx26146_00002928,NORMAL,0
tx26146_00002929,NORMAL,0
tx26146_00002930,NORMAL,0
tx26146_00002931,NORMAL,0
tx26146_00002932,NORMAL,0
tx26146_00002933,NORMAL,0
tx26146_00002934,NORMAL,0
tx26146_00002935,NORMAL,0
tx26146_00002936,NORMAL,0
tx26146_00002937,NORMAL,0
tx26146_00002938,NORMAL,0
tx26146_00002939,NORMAL,0
tx26146_00002940,NORMAL,0
tx26146_00002941,NORMAL,0
tx26146_00002942,NORMAL,0
tx26146_00002943,NORMAL,0
tx26146_00002944,NORMAL,0
tx26146_00002945,NORMAL,0
tx26146_00002946,NORMAL,0
tx26146_00002947,NORMAL,0
tx26146_00002948,NORMAL,0
tx26146_00002949,NORMAL,0
tx26146_00002950,NORMAL,0
tx26146_00002951,NORMAL,0
tx26146_00002952,NORMAL,0
tx26146_00002953,NORMAL,0
tx26146_00002954,NORMAL,0
tx26146_00002955,NORMAL,0
tx26146_00002956,NORMAL,0
tx26146_00002957,NORMAL,0
tx26146_00002958,NORMAL,0
tx26146_00002959,NORMAL,0
tx26146_00002960,NORMAL,0
tx26146_00002961,NORMAL,0
tx26146_00002962,NORMAL,0
tx26146_00002963,NORMAL,0
tx26146_00002964,NORMAL,0
tx26146_00002965,NORMAL,0
tx26146_00002966,NORMAL,0
tx26146_00002967,NORMAL,0
tx26146_00002968,NORMAL,0
tx26146_00002969,NORMAL,0
tx26146_00002970,NORMAL,0
tx26146_00002971,NORMAL,0
tx26146_00002972,NORMAL,0
tx26146_00002973,NORMAL,0
tx26146_00002974,NORMAL,0
tx26146_00002975,NORMAL,0
tx26146_00002976,NORMAL,0
tx26146_00002977,NORMAL,0
tx26146_00002978,NORMAL,0
tx26146_00002979,NORMAL,0
tx26146_00002980,NORMAL,0
tx26146_00002981,NORMAL,0
tx26146_00002982,NORMAL,0
tx26146_00002983,NORMAL,0
tx26146_00002984,NORMAL,0
tx26146_00002985,NORMAL,0
tx26146_00002986,NORMAL,0
tx26146_00002987,NORMAL,0
tx26146_00002988,NORMAL,0
tx26146_00002989,NORMAL,0
tx26146_00002990,NORMAL,0
tx26146_00002991,NORMAL,0
tx26146_00002992,NORMAL,0
tx26146_00002993,NORMAL,0
tx26146_00002994,NORMAL,0
tx26146_00002995,NORMAL,0
tx26146_00002996,NORMAL,0
tx26146_00002997,NORMAL,0
tx26146_00002998,NORMAL,0
tx26146_00002999,NORMAL,0
tx26146_00003000,NORMAL,0
tx26146_00003001,NORMAL,0
tx26146_00003002,NORMAL,0
tx26146_00003003,NORMAL,0
tx26146_00003004,NORMAL,0
tx26146_00003005,NORMAL,0
tx26146_00003006,NORMAL,0
tx26146_00003007,NORMAL,0
tx26146_00003008,NORMAL,0
tx26146_00003009,NORMAL,0
tx26146_00003010,NORMAL,0
tx26146_00003011,NORMAL,0
tx26146_00003012,NORMAL,0
tx26146_00003013,NORMAL,0
tx26146_00003014,NORMAL,0
tx26146_00003015,NORMAL,0
tx26146_00003016,NORMAL,0
tx26146_00003017,NORMAL,0
tx26146_00003018,NORMAL,0
tx26146_00003019,NORMAL,0
tx26146_00003020,NORMAL,0
tx26146_00003021,NORMAL,0
tx26146_00003022,NORMAL,0
tx26146_00003023,NORMAL,0
tx26146_00003024,NORMAL,0
tx26146_00003025,NORMAL,0
tx26146_00003026,NORMAL,0
tx26146_00003027,NORMAL,0
tx26146_00003028,NORMAL,0
tx26146_00003029,NORMAL,0
tx26146_00003030,NORMAL,0
tx26146_00003031,NORMAL,0
tx26146_00003032,NORMAL,0
tx26146_00003033,NORMAL,0
tx26146_00003034,NORMAL,0
tx26146_00003035,NORMAL,0
tx26146_00003036,NORMAL,0
tx26146_00003037,NORMAL,0
tx26146_00003038,NORMAL,0
tx26146_00003039,NORMAL,0
tx26146_00003040,NORMAL,0
tx26146_00003041,NORMAL,0
tx26146_00003042,NORMAL,0
tx26146_00003043,NORMAL,0
tx26146_00003044,NORMAL,0
tx26146_00003045,NORMAL,0
tx26146_00003046,NORMAL,0
tx26146_00003047,NORMAL,0
tx26146_00003048,NORMAL,0
tx26146_00003049,NORMAL,0
tx26146_00003050,NORMAL,0
tx26146_00003051,NORMAL,0
tx26146_00003052,NORMAL,0
tx26146_00003053,NORMAL,0
tx26146_00003054,NORMAL,0
tx26146_00003055,NORMAL,0
tx26146_00003056,NORMAL,0
tx26146_00003057,NORMAL,0
tx26146_00003058,NORMAL,0
tx26146_00003059,NORMAL,0
tx26146_00003060,NORMAL,0
tx26146_00003061,NORMAL,0
tx26146_00003062,NORMAL,0
tx26146_00003063,NORMAL,0
tx26146_00003064,NORMAL,0
tx26146_00003065,NORMAL,0
tx26146_00003066,NORMAL,0
tx26146_00003067,NORMAL,0
tx26146_00003068,NORMAL,0
tx26146_00003069,NORMAL,0
tx26146_00003070,NORMAL,0
tx26146_00003071,NORMAL,0
tx26146_00003072,NORMAL,0
tx26146_00003073,NORMAL,0
tx26146_00003074,NORMAL,0
tx26146_00003075,NORMAL,0
tx26146_00003076,NORMAL,0
tx26146_00003077,NORMAL,0
tx26146_00003078,NORMAL,0
tx26146_00003079,NORMAL,0
tx26146_00003080,NORMAL,0
tx26146_00003081,NORMAL,0
tx26146_00003082,NORMAL,0
tx26146_00003083,NORMAL,0
tx26146_00003084,NORMAL,0
tx26146_00003085,NORMAL,0
tx26146_00003086,NORMAL,0
tx26146_00003087,NORMAL,0
tx26146_00003088,NORMAL,0
tx26146_00003089,NORMAL,0
tx26146_00003090,NORMAL,0
tx26146_00003091,NORMAL,0
tx26146_00003092,NORMAL,0
tx26146_00003093,NORMAL,0
tx26146_00003094,NORMAL,0
tx26146_00003095,NORMAL,0
tx26146_00003096,NORMAL,0
tx26146_00003097,NORMAL,0
tx26146_00003098,NORMAL,0
tx26146_00003099,NORMAL,0
tx26146_00003100,NORMAL,0
tx26146_00003101,NORMAL,0
tx26146_00003102,NORMAL,0
tx26146_00003103,NORMAL,0
tx26146_00003104,NORMAL,0
tx26146_00003105,NORMAL,0
tx26146_00003106,NORMAL,0
tx26146_00003107,NORMAL,0
tx26146_00003108,NORMAL,0
tx26146_00003109,NORMAL,0
tx26146_00003110,NORMAL,0
tx26146_00003111,NORMAL,0
tx26146_00003112,NORMAL,0
tx26146_00003113,NORMAL,0
tx26146_00003114,NORMAL,0
tx26146_00003115,NORMAL,0
tx26146_00003116,NORMAL,0
tx26146_00003117,NORMAL,0
tx26146_00003118,NORMAL,0
tx26146_00003119,NORMAL,0
tx26146_00003120,NORMAL,0
tx26146_00003121,NORMAL,0
tx26146_00003122,NORMAL,0
tx26146_00003123,NORMAL,0
tx26146_00003124,NORMAL,0
tx26146_00003125,NORMAL,0
tx26146_00003126,NORMAL,0
tx26146_00003127,NORMAL,0
tx26146_00003128,NORMAL,0
tx26146_00003129,NORMAL,0
tx26146_00003130,NORMAL,0
tx26146_00003131,NORMAL,0
tx26146_00003132,NORMAL,0
tx26146_00003133,NORMAL,0
tx26146_00003134,NORMAL,0
tx26146_00003135,NORMAL,0
tx26146_00003136,NORMAL,0
tx26146_00003137,NORMAL,0
tx26146_00003138,NORMAL,0
tx26146_00003139,NORMAL,0
tx26146_00003140,NORMAL,0
tx26146_00003141,NORMAL,0
tx26146_00003142,NORMAL,0
tx26146_00003143,NORMAL,0
tx26146_00003144,NORMAL,0
tx26146_00003145,NORMAL,0
tx26146_00003146,NORMAL,0
tx26146_00003147,NORMAL,0
tx26146_00003148,NORMAL,0
tx26146_00003149,NORMAL,0
tx26146_00003150,NORMAL,0
tx26146_00003151,NORMAL,0
tx26146_00003152,NORMAL,0
tx26146_00003153,NORMAL,0
tx26146_00003154,NORMAL,0
tx26146_00003155,NORMAL,0
tx26146_00003156,NORMAL,0
tx26146_00003157,NORMAL,0
tx26146_00003158,NORMAL,0
tx26146_00003159,NORMAL,0
tx26146_00003160,NORMAL,0
tx26146_00003161,NORMAL,0
tx26146_00003162,NORMAL,0
tx26146_00003163,NORMAL,0
tx26146_00003164,NORMAL,0
tx26146_00003165,NORMAL,0
tx26146_00003166,NORMAL,0
tx26146_00003167,NORMAL,0
tx26146_00003168,NORMAL,0
tx26146_00003169,NORMAL,0
tx26146_00003170,NORMAL,0
tx26146_00003171,NORMAL,0
tx26146_00003172,NORMAL,0
tx26146_00003173,NORMAL,0
tx26146_00003174,NORMAL,0
tx26146_00003175,NORMAL,0
tx26146_00003176,NORMAL,0
tx26146_00003177,NORMAL,0
tx26146_00003178,NORMAL,0
tx26146_00003179,NORMAL,0
tx26146_00003180,NORMAL,0
tx26146_00003181,NORMAL,0
tx26146_00003182,NORMAL,0
tx26146_00003183,NORMAL,0
tx26146_00003184,NORMAL,0
tx26146_00003185,NORMAL,0
tx26146_00003186,NORMAL,0
tx26146_00003187,NORMAL,0
tx26146_00003188,NORMAL,0
tx26146_00003189,NORMAL,0
tx26146_00003190,NORMAL,0
tx26146_00003191,NORMAL,0
tx26146_00003192,NORMAL,0
tx26146_00003193,NORMAL,0
tx26146_00003194,NORMAL,0
tx26146_00003195,NORMAL,0
tx26146_00003196,NORMAL,0
tx26146_00003197,NORMAL,0
tx26146_00003198,NORMAL,0
tx26146_00003199,NORMAL,0
tx26146_00003200,NORMAL,0
tx26146_00003201,NORMAL,0
tx26146_00003202,NORMAL,0
tx26146_00003203,NORMAL,0
tx26146_00003204,NORMAL,0
tx26146_00003205,NORMAL,0
tx26146_00003206,NORMAL,0
tx26146_00003207,NORMAL,0
tx26146_00003208,NORMAL,0
tx26146_00003209,NORMAL,0
tx26146_00003210,NORMAL,0
tx26146_00003211,NORMAL,0
tx26146_00003212,NORMAL,0
tx26146_00003213,NORMAL,0
tx26146_00003214,NORMAL,0
tx26146_00003215,NORMAL,0
tx26146_00003216,NORMAL,0
tx26146_00003217,NORMAL,0
tx26146_00003218,NORMAL,0
tx26146_00003219,NORMAL,0
tx26146_00003220,NORMAL,0
tx26146_00003221,NORMAL,0
tx26146_00003222,NORMAL,0
tx26146_00003223,NORMAL,0
tx26146_00003224,NORMAL,0
tx26146_00003225,NORMAL,0
tx26146_00003226,NORMAL,0
tx26146_00003227,NORMAL,0
tx26146_00003228,NORMAL,0
tx26146_00003229,NORMAL,0
tx26146_00003230,NORMAL,0
tx26146_00003231,NORMAL,0
tx26146_00003232,NORMAL,0
tx26146_00003233,NORMAL,0
tx26146_00003234,NORMAL,0
tx26146_00003235,NORMAL,0
tx26146_00003236,NORMAL,0
tx26146_00003237,NORMAL,0
tx26146_00003238,NORMAL,0
tx26146_00003239,NORMAL,0
tx26146_00003240,NORMAL,0
tx26146_00003241,NORMAL,0
tx26146_00003242,NORMAL,0
tx26146_00003243,NORMAL,0
tx26146_00003244,NORMAL,0
tx26146_00003245,NORMAL,0
tx26146_00003246,NORMAL,0
tx26146_00003247,NORMAL,0
tx26146_00003248,NORMAL,0
tx26146_00003249,NORMAL,0
tx26146_00003250,NORMAL,0
tx26146_00003251,NORMAL,0
tx26146_00003252,NORMAL,0
tx26146_00003253,NORMAL,0
tx26146_00003254,NORMAL,0
tx26146_00003255,NORMAL,0
tx26146_00003256,NORMAL,0
tx26146_00003257,NORMAL,0
tx26146_00003258,NORMAL,0
tx26146_00003259,NORMAL,0
tx26146_00003260,NORMAL,0
tx26146_00003261,NORMAL,0
tx26146_00003262,NORMAL,0
tx26146_00003263,NORMAL,0
tx26146_00003264,NORMAL,0
tx26146_00003265,NORMAL,0
tx26146_00003266,NORMAL,0
tx26146_00003267,NORMAL,0
tx26146_00003268,NORMAL,0
tx26146_00003269,NORMAL,0
tx26146_00003270,NORMAL,0
tx26146_00003271,NORMAL,0
tx26146_00003272,NORMAL,0
tx26146_00003273,NORMAL,0
tx26146_00003274,NORMAL,0
tx26146_00003275,NORMAL,0
tx26146_00003276,NORMAL,0
tx26146_00003277,NORMAL,0
tx26146_00003278,NORMAL,0
tx26146_00003279,NORMAL,0
tx26146_00003280,NORMAL,0
tx26146_00003281,NORMAL,0
tx26146_00003282,NORMAL,0
tx26146_00003283,NORMAL,0
tx26146_00003284,NORMAL,0
tx26146_00003285,NORMAL,0
tx26146_00003286,NORMAL,0
tx26146_00003287,NORMAL,0
tx26146_00003288,NORMAL,0
tx26146_00003289,NORMAL,0
tx26146_00003290,NORMAL,0
tx26146_00003291,NORMAL,0
tx26146_00003292,NORMAL,0
tx26146_00003293,NORMAL,0
tx26146_00003294,NORMAL,0
tx26146_00003295,NORMAL,0
tx26146_00003296,NORMAL,0
tx26146_00003297,NORMAL,0
tx26146_00003298,NORMAL,0
tx26146_00003299,NORMAL,0
tx26146_00003300,NORMAL,0
tx26146_00003301,NORMAL,0
tx26146_00003302,NORMAL,0
tx26146_00003303,NORMAL,0
tx26146_00003304,NORMAL,0
tx26146_00003305,NORMAL,0
tx26146_00003306,NORMAL,0
tx26146_00003307,NORMAL,0
tx26146_00003308,NORMAL,0
tx26146_00003309,NORMAL,0
tx26146_00003310,NORMAL,0
tx26146_00003311,NORMAL,0
tx26146_00003312,NORMAL,0
tx26146_00003313,NORMAL,0
tx26146_00003314,NORMAL,0
tx26146_00003315,NORMAL,0
tx26146_00003316,NORMAL,0
tx26146_00003317,NORMAL,0
tx26146_00003318,NORMAL,0
tx26146_00003319,NORMAL,0
tx26146_00003320,NORMAL,0
tx26146_00003321,NORMAL,0
tx26146_00003322,NORMAL,0
tx26146_00003323,NORMAL,0
tx26146_00003324,NORMAL,0
tx26146_00003325,NORMAL,0
tx26146_00003326,NORMAL,0
tx26146_00003327,NORMAL,0
tx26146_00003328,NORMAL,0
tx26146_00003329,NORMAL,0
tx26146_00003330,NORMAL,0
tx26146_00003331,NORMAL,0
tx26146_00003332,NORMAL,0
tx26146_00003333,NORMAL,0
tx26146_00003334,NORMAL,0
tx26146_00003335,NORMAL,0
tx26146_00003336,NORMAL,0
tx26146_00003337,NORMAL,0
tx26146_00003338,NORMAL,0
tx26146_00003339,NORMAL,0
tx26146_00003340,NORMAL,0
tx26146_00003341,NORMAL,0
tx26146_00003342,NORMAL,0
tx26146_00003343,NORMAL,0
tx26146_00003344,NORMAL,0
tx26146_00003345,NORMAL,0
tx26146_00003346,NORMAL,0
tx26146_00003347,NORMAL,0
tx26146_00003348,NORMAL,0
tx26146_00003349,NORMAL,0
tx26146_00003350,NORMAL,0
tx26146_00003351,NORMAL,0
tx26146_00003352,NORMAL,0
tx26146_00003353,NORMAL,0
tx26146_00003354,NORMAL,0
tx26146_00003355,NORMAL,0
tx26146_00003356,NORMAL,0
tx26146_00003357,NORMAL,0
tx26146_00003358,NORMAL,0
tx26146_00003359,NORMAL,0
tx26146_00003360,NORMAL,0
tx26146_00003361,NORMAL,0
tx26146_00003362,NORMAL,0
tx26146_00003363,NORMAL,0
tx26146_00003364,NORMAL,0
tx26146_00003365,NORMAL,0
tx26146_00003366,NORMAL,0
tx26146_00003367,NORMAL,0
tx26146_00003368,NORMAL,0
tx26146_00003369,NORMAL,0
tx26146_00003370,NORMAL,0
tx26146_00003371,NORMAL,0
tx26146_00003372,NORMAL,0
tx26146_00003373,NORMAL,0
tx26146_00003374,NORMAL,0
tx26146_00003375,NORMAL,0
tx26146_00003376,NORMAL,0
tx26146_00003377,NORMAL,0
tx26146_00003378,NORMAL,0
tx26146_00003379,NORMAL,0
tx26146_00003380,NORMAL,0
tx26146_00003381,NORMAL,0
tx26146_00003382,NORMAL,0
tx26146_00003383,NORMAL,0
tx26146_00003384,NORMAL,0
tx26146_00003385,NORMAL,0
tx26146_00003386,NORMAL,0
tx26146_00003387,NORMAL,0
tx26146_00003388,NORMAL,0
tx26146_00003389,NORMAL,0
tx26146_00003390,NORMAL,0
tx26146_00003391,NORMAL,0
tx26146_00003392,NORMAL,0
tx26146_00003393,NORMAL,0
tx26146_00003394,NORMAL,0
tx26146_00003395,NORMAL,0
tx26146_00003396,NORMAL,0
tx26146_00003397,NORMAL,0
tx26146_00003398,NORMAL,0
tx26146_00003399,NORMAL,0
tx26146_00003400,NORMAL,0
tx26146_00003401,NORMAL,0
tx26146_00003402,NORMAL,0
tx26146_00003403,NORMAL,0
tx26146_00003404,NORMAL,0
tx26146_00003405,NORMAL,0
tx26146_00003406,NORMAL,0
tx26146_00003407,NORMAL,0
tx26146_00003408,NORMAL,0
tx26146_00003409,NORMAL,0
tx26146_00003410,NORMAL,0
tx26146_00003411,NORMAL,0
tx26146_00003412,NORMAL,0
tx26146_00003413,NORMAL,0
tx26146_00003414,NORMAL,0
tx26146_00003415,NORMAL,0
tx26146_00003416,NORMAL,0
tx26146_00003417,NORMAL,0
tx26146_00003418,NORMAL,0
tx26146_00003419,NORMAL,0
tx26146_00003420,NORMAL,0
tx26146_00003421,NORMAL,0
tx26146_00003422,NORMAL,0
tx26146_00003423,NORMAL,0
tx26146_00003424,NORMAL,0
tx26146_00003425,NORMAL,0
tx26146_00003426,NORMAL,0
tx26146_00003427,NORMAL,0
tx26146_00003428,NORMAL,0
tx26146_00003429,NORMAL,0
tx26146_00003430,NORMAL,0
tx26146_00003431,NORMAL,0
tx26146_00003432,NORMAL,0
tx26146_00003433,NORMAL,0
tx26146_00003434,NORMAL,0
tx26146_00003435,NORMAL,0
tx26146_00003436,NORMAL,0
tx26146_00003437,NORMAL,0
tx26146_00003438,NORMAL,0
tx26146_00003439,NORMAL,0
tx26146_00003440,NORMAL,0
tx26146_00003441,NORMAL,0
tx26146_00003442,NORMAL,0
tx26146_00003443,NORMAL,0
tx26146_00003444,NORMAL,0
tx26146_00003445,NORMAL,0
tx26146_00003446,NORMAL,0
tx26146_00003447,NORMAL,0
tx26146_00003448,NORMAL,0
tx26146_00003449,NORMAL,0
tx26146_00003450,NORMAL,0
tx26146_00003451,NORMAL,0
tx26146_00003452,NORMAL,0
tx26146_00003453,NORMAL,0
tx26146_00003454,NORMAL,0
tx26146_00003455,NORMAL,0
tx26146_00003456,NORMAL,0
tx26146_00003457,NORMAL,0
tx26146_00003458,NORMAL,0
tx26146_00003459,NORMAL,0
tx26146_00003460,NORMAL,0
tx26146_00003461,NORMAL,0
tx26146_00003462,NORMAL,0
tx26146_00003463,NORMAL,0
tx26146_00003464,NORMAL,0
tx26146_00003465,NORMAL,0
tx26146_00003466,NORMAL,0
tx26146_00003467,NORMAL,0
tx26146_00003468,NORMAL,0
tx26146_00003469,NORMAL,0
tx26146_00003470,NORMAL,0
tx26146_00003471,NORMAL,0
tx26146_00003472,NORMAL,0
tx26146_00003473,NORMAL,0
tx26146_00003474,NORMAL,0
tx26146_00003475,NORMAL,0
tx26146_00003476,NORMAL,0
tx26146_00003477,NORMAL,0
tx26146_00003478,NORMAL,0
tx26146_00003479,NORMAL,0
tx26146_00003480,NORMAL,0
tx26146_00003481,NORMAL,0
tx26146_00003482,NORMAL,0
tx26146_00003483,NORMAL,0
tx26146_00003484,NORMAL,0
tx26146_00003485,NORMAL,0
tx26146_00003486,NORMAL,0
tx26146_00003487,NORMAL,0
tx26146_00003488,NORMAL,0
tx26146_00003489,NORMAL,0
tx26146_00003490,NORMAL,0
tx26146_00003491,NORMAL,0
tx26146_00003492,NORMAL,0
tx26146_00003493,NORMAL,0
tx26146_00003494,NORMAL,0
tx26146_00003495,NORMAL,0
tx26146_00003496,NORMAL,0
tx26146_00003497,NORMAL,0
tx26146_00003498,NORMAL,0
tx26146_00003499,NORMAL,0
tx26146_00003500,NORMAL,0
tx26146_00003501,NORMAL,0
tx26146_00003502,NORMAL,0
tx26146_00003503,NORMAL,0
tx26146_00003504,NORMAL,0
tx26146_00003505,NORMAL,0
tx26146_00003506,NORMAL,0
tx26146_00003507,NORMAL,0
tx26146_00003508,NORMAL,0
tx26146_00003509,NORMAL,0
tx26146_00003510,NORMAL,0
tx26146_00003511,NORMAL,0
tx26146_00003512,NORMAL,0
tx26146_00003513,NORMAL,0
tx26146_00003514,NORMAL,0
tx26146_00003515,NORMAL,0
tx26146_00003516,NORMAL,0
tx26146_00003517,NORMAL,0
tx26146_00003518,NORMAL,0
tx26146_00003519,NORMAL,0
tx26146_00003520,NORMAL,0
tx26146_00003521,NORMAL,0
tx26146_00003522,NORMAL,0
tx26146_00003523,NORMAL,0
tx26146_00003524,NORMAL,0
tx26146_00003525,NORMAL,0
tx26146_00003526,NORMAL,0
tx26146_00003527,NORMAL,0
tx26146_00003528,NORMAL,0
tx26146_00003529,NORMAL,0
tx26146_00003530,NORMAL,0
tx26146_00003531,NORMAL,0
tx26146_00003532,NORMAL,0
tx26146_00003533,NORMAL,0
tx26146_00003534,NORMAL,0
tx26146_00003535,NORMAL,0
tx26146_00003536,NORMAL,0
tx26146_00003537,NORMAL,0
tx26146_00003538,NORMAL,0
tx26146_00003539,NORMAL,0
tx26146_00003540,NORMAL,0
tx26146_00003541,NORMAL,0
tx26146_00003542,NORMAL,0
tx26146_00003543,NORMAL,0
tx26146_00003544,NORMAL,0
tx26146_00003545,NORMAL,0
tx26146_00003546,NORMAL,0
tx26146_00003547,NORMAL,0
tx26146_00003548,NORMAL,0
tx26146_00003549,NORMAL,0
tx26146_00003550,NORMAL,0
tx26146_00003551,NORMAL,0
tx26146_00003552,NORMAL,0
tx26146_00003553,NORMAL,0
tx26146_00003554,NORMAL,0
tx26146_00003555,NORMAL,0
tx26146_00003556,NORMAL,0
tx26146_00003557,NORMAL,0
tx26146_00003558,NORMAL,0
tx26146_00003559,NORMAL,0
tx26146_00003560,NORMAL,0
tx26146_00003561,NORMAL,0
tx26146_00003562,NORMAL,0
tx26146_00003563,NORMAL,0
tx26146_00003564,NORMAL,0
tx26146_00003565,NORMAL,0
tx26146_00003566,NORMAL,0
tx26146_00003567,NORMAL,0
tx26146_00003568,NORMAL,0
tx26146_00003569,NORMAL,0
tx26146_00003570,NORMAL,0
tx26146_00003571,NORMAL,0
tx26146_00003572,NORMAL,0
tx26146_00003573,NORMAL,0
tx26146_00003574,NORMAL,0
tx26146_00003575,NORMAL,0
tx26146_00003576,NORMAL,0
tx26146_00003577,NORMAL,0
tx26146_00003578,NORMAL,0
tx26146_00003579,NORMAL,0
tx26146_00003580,NORMAL,0
tx26146_00003581,NORMAL,0
tx26146_00003582,NORMAL,0
tx26146_00003583,NORMAL,0
tx26146_00003584,NORMAL,0
tx26146_00003585,NORMAL,0
tx26146_00003586,NORMAL,0
tx26146_00003587,NORMAL,0
tx26146_00003588,NORMAL,0
tx26146_00003589,NORMAL,0
tx26146_00003590,NORMAL,0
tx26146_00003591,NORMAL,0
tx26146_00003592,NORMAL,0
tx26146_00003593,NORMAL,0
tx26146_00003594,NORMAL,0
tx26146_00003595,NORMAL,0
tx26146_00003596,NORMAL,0
tx26146_00003597,NORMAL,0
tx26146_00003598,NORMAL,0
tx26146_00003599,NORMAL,0
tx26146_00003600,NORMAL,0
tx26146_00003601,NORMAL,0
tx26146_00003602,NORMAL,0
tx26146_00003603,NORMAL,0
tx26146_00003604,NORMAL,0
tx26146_00003605,NORMAL,0
tx26146_00003606,NORMAL,0
tx26146_00003607,NORMAL,0
tx26146_00003608,NORMAL,0
tx26146_00003609,NORMAL,0
tx26146_00003610,NORMAL,0
tx26146_00003611,NORMAL,0
tx26146_00003612,NORMAL,0
tx26146_00003613,NORMAL,0
tx26146_00003614,NORMAL,0
tx26146_00003615,NORMAL,0
tx26146_00003616,NORMAL,0
tx26146_00003617,NORMAL,0
tx26146_00003618,NORMAL,0
tx26146_00003619,NORMAL,0
tx26146_00003620,NORMAL,0
tx26146_00003621,NORMAL,0
tx26146_00003622,NORMAL,0
tx26146_00003623,NORMAL,0
tx26146_00003624,NORMAL,0
tx26146_00003625,NORMAL,0
tx26146_00003626,NORMAL,0
tx26146_00003627,NORMAL,0
tx26146_00003628,NORMAL,0
tx26146_00003629,NORMAL,0
tx26146_00003630,NORMAL,0
tx26146_00003631,NORMAL,0
tx26146_00003632,NORMAL,0
tx26146_00003633,NORMAL,0
tx26146_00003634,NORMAL,0
tx26146_00003635,NORMAL,0
tx26146_00003636,NORMAL,0
tx26146_00003637,NORMAL,0
tx26146_00003638,NORMAL,0
tx26146_00003639,NORMAL,0
tx26146_00003640,NORMAL,0
tx26146_00003641,NORMAL,0
tx26146_00003642,NORMAL,0
tx26146_00003643,NORMAL,0
tx26146_00003644,NORMAL,0
tx26146_00003645,NORMAL,0
tx26146_00003646,NORMAL,0
tx26146_00003647,NORMAL,0
tx26146_00003648,NORMAL,0
tx26146_00003649,NORMAL,0
tx26146_00003650,NORMAL,0
tx26146_00003651,NORMAL,0
tx26146_00003652,NORMAL,0
tx26146_00003653,NORMAL,0
tx26146_00003654,NORMAL,0
tx26146_00003655,NORMAL,0
tx26146_00003656,NORMAL,0
tx26146_00003657,NORMAL,0
tx26146_00003658,NORMAL,0
tx26146_00003659,NORMAL,0
tx26146_00003660,NORMAL,0
tx26146_00003661,NORMAL,0
tx26146_00003662,NORMAL,0
tx26146_00003663,NORMAL,0
tx26146_00003664,NORMAL,0
tx26146_00003665,NORMAL,0
tx26146_00003666,NORMAL,0
tx26146_00003667,NORMAL,0
tx26146_00003668,NORMAL,0
tx26146_00003669,NORMAL,0
tx26146_00003670,NORMAL,0
tx26146_00003671,NORMAL,0
tx26146_00003672,NORMAL,0
tx26146_00003673,NORMAL,0
tx26146_00003674,NORMAL,0
tx26146_00003675,NORMAL,0
tx26146_00003676,NORMAL,0
tx26146_00003677,NORMAL,0
tx26146_00003678,NORMAL,0
tx26146_00003679,NORMAL,0
tx26146_00003680,NORMAL,0
tx26146_00003681,NORMAL,0
tx26146_00003682,NORMAL,0
tx26146_00003683,NORMAL,0
tx26146_00003684,NORMAL,0
tx26146_00003685,NORMAL,0
tx26146_00003686,NORMAL,0
tx26146_00003687,NORMAL,0
tx26146_00003688,NORMAL,0
tx26146_00003689,NORMAL,0
tx26146_00003690,NORMAL,0
tx26146_00003691,NORMAL,0
tx26146_00003692,NORMAL,0
tx26146_00003693,NORMAL,0
tx26146_00003694,NORMAL,0
tx26146_00003695,NORMAL,0
tx26146_00003696,NORMAL,0
tx26146_00003697,NORMAL,0
tx26146_00003698,NORMAL,0
tx26146_00003699,NORMAL,0
tx26146_00003700,NORMAL,0
tx26146_00003701,NORMAL,0
tx26146_00003702,NORMAL,0
tx26146_00003703,NORMAL,0
tx26146_00003704,NORMAL,0
tx26146_00003705,NORMAL,0
tx26146_00003706,NORMAL,0
tx26146_00003707,NORMAL,0
tx26146_00003708,NORMAL,0
tx26146_00003709,NORMAL,0
tx26146_00003710,NORMAL,0
tx26146_00003711,NORMAL,0
tx26146_00003712,NORMAL,0
tx26146_00003713,NORMAL,0
tx26146_00003714,NORMAL,0
tx26146_00003715,NORMAL,0
tx26146_00003716,NORMAL,0
tx26146_00003717,NORMAL,0
tx26146_00003718,NORMAL,0
tx26146_00003719,NORMAL,0
tx26146_00003720,NORMAL,0
tx26146_00003721,NORMAL,0
tx26146_00003722,NORMAL,0
tx26146_00003723,NORMAL,0
tx26146_00003724,NORMAL,0
tx26146_00003725,NORMAL,0
tx26146_00003726,NORMAL,0
tx26146_00003727,NORMAL,0
tx26146_00003728,NORMAL,0
tx26146_00003729,NORMAL,0
tx26146_00003730,NORMAL,0
tx26146_00003731,NORMAL,0
tx26146_00003732,NORMAL,0
tx26146_00003733,NORMAL,0
tx26146_00003734,NORMAL,0
tx26146_00003735,NORMAL,0
tx26146_00003736,NORMAL,0
tx26146_00003737,NORMAL,0
tx26146_00003738,NORMAL,0
tx26146_00003739,NORMAL,0
tx26146_00003740,NORMAL,0
tx26146_00003741,NORMAL,0
tx26146_00003742,NORMAL,0
tx26146_00003743,NORMAL,0
tx26146_00003744,NORMAL,0
tx26146_00003745,NORMAL,0
tx26146_00003746,NORMAL,0
tx26146_00003747,NORMAL,0
tx26146_00003748,NORMAL,0
tx26146_00003749,NORMAL,0
tx26146_00003750,NORMAL,0
tx26146_00003751,NORMAL,0
tx26146_00003752,NORMAL,0
tx26146_00003753,NORMAL,0
tx26146_00003754,NORMAL,0
tx26146_00003755,NORMAL,0
tx26146_00003756,NORMAL,0
tx26146_00003757,NORMAL,0
tx26146_00003758,NORMAL,0
tx26146_00003759,NORMAL,0
tx26146_00003760,NORMAL,0
tx26146_00003761,NORMAL,0
tx26146_00003762,NORMAL,0
tx26146_00003763,NORMAL,0
tx26146_00003764,NORMAL,0
tx26146_00003765,NORMAL,0
tx26146_00003766,NORMAL,0
tx26146_00003767,NORMAL,0
tx26146_00003768,NORMAL,0
tx26146_00003769,NORMAL,0
tx26146_00003770,NORMAL,0
tx26146_00003771,NORMAL,0
tx26146_00003772,NORMAL,0
tx26146_00003773,NORMAL,0
tx26146_00003774,NORMAL,0
tx26146_00003775,NORMAL,0
tx26146_00003776,NORMAL,0
tx26146_00003777,NORMAL,0
tx26146_00003778,NORMAL,0
tx26146_00003779,NORMAL,0
tx26146_00003780,NORMAL,0
tx26146_00003781,NORMAL,0
tx26146_00003782,NORMAL,0
tx26146_00003783,NORMAL,0
tx26146_00003784,NORMAL,0
tx26146_00003785,NORMAL,0
tx26146_00003786,NORMAL,0
tx26146_00003787,NORMAL,0
tx26146_00003788,NORMAL,0
tx26146_00003789,NORMAL,0
tx26146_00003790,NORMAL,0
tx26146_00003791,NORMAL,0
tx26146_00003792,NORMAL,0
tx26146_00003793,NORMAL,0
tx26146_00003794,NORMAL,0
tx26146_00003795,NORMAL,0
tx26146_00003796,NORMAL,0
tx26146_00003797,NORMAL,0
tx26146_00003798,NORMAL,0
tx26146_00003799,NORMAL,0
tx26146_00003800,NORMAL,0
tx26146_00003801,NORMAL,0
tx26146_00003802,NORMAL,0
tx26146_00003803,NORMAL,0
tx26146_00003804,NORMAL,0
tx26146_00003805,NORMAL,0
tx26146_00003806,NORMAL,0
tx26146_00003807,NORMAL,0
tx26146_00003808,NORMAL,0
tx26146_00003809,NORMAL,0
tx26146_00003810,NORMAL,0
tx26146_00003811,NORMAL,0
tx26146_00003812,NORMAL,0
tx26146_00003813,NORMAL,0
tx26146_00003814,NORMAL,0
tx26146_00003815,NORMAL,0
tx26146_00003816,NORMAL,0
tx26146_00003817,NORMAL,0
tx26146_00003818,NORMAL,0
tx26146_00003819,NORMAL,0
tx26146_00003820,NORMAL,0
tx26146_00003821,NORMAL,0
tx26146_00003822,NORMAL,0
tx26146_00003823,NORMAL,0
tx26146_00003824,NORMAL,0
tx26146_00003825,NORMAL,0
tx26146_00003826,NORMAL,0
tx26146_00003827,NORMAL,0
tx26146_00003828,NORMAL,0
tx26146_00003829,NORMAL,0
tx26146_00003830,NORMAL,0
tx26146_00003831,NORMAL,0
tx26146_00003832,NORMAL,0
tx26146_00003833,NORMAL,0
tx26146_00003834,NORMAL,0
tx26146_00003835,NORMAL,0
tx26146_00003836,NORMAL,0
tx26146_00003837,NORMAL,0
tx26146_00003838,NORMAL,0
tx26146_00003839,NORMAL,0
tx26146_00003840,NORMAL,0
tx26146_00003841,NORMAL,0
tx26146_00003842,NORMAL,0
tx26146_00003843,NORMAL,0
tx26146_00003844,NORMAL,0
tx26146_00003845,NORMAL,0
tx26146_00003846,NORMAL,0
tx26146_00003847,NORMAL,0
tx26146_00003848,NORMAL,0
tx26146_00003849,NORMAL,0
tx26146_00003850,NORMAL,0
tx26146_00003851,NORMAL,0
tx26146_00003852,NORMAL,0
tx26146_00003853,NORMAL,0
tx26146_00003854,NORMAL,0
tx26146_00003855,NORMAL,0
tx26146_00003856,NORMAL,0
tx26146_00003857,NORMAL,0
tx26146_00003858,NORMAL,0
tx26146_00003859,NORMAL,0
tx26146_00003860,NORMAL,0
tx26146_00003861,NORMAL,0
tx26146_00003862,NORMAL,0
tx26146_00003863,NORMAL,0
tx26146_00003864,NORMAL,0
tx26146_00003865,NORMAL,0
tx26146_00003866,NORMAL,0
tx26146_00003867,NORMAL,0
tx26146_00003868,NORMAL,0
tx26146_00003869,NORMAL,0
tx26146_00003870,NORMAL,0
tx26146_00003871,NORMAL,0
tx26146_00003872,NORMAL,0
tx26146_00003873,NORMAL,0
tx26146_00003874,NORMAL,0
tx26146_00003875,NORMAL,0
tx26146_00003876,NORMAL,0
tx26146_00003877,NORMAL,0
tx26146_00003878,NORMAL,0
tx26146_00003879,NORMAL,0
tx26146_00003880,NORMAL,0
tx26146_00003881,NORMAL,0
tx26146_00003882,NORMAL,0
tx26146_00003883,NORMAL,0
tx26146_00003884,NORMAL,0
tx26146_00003885,NORMAL,0
tx26146_00003886,NORMAL,0
tx26146_00003887,NORMAL,0
tx26146_00003888,NORMAL,0
tx26146_00003889,NORMAL,0
tx26146_00003890,NORMAL,0
tx26146_00003891,NORMAL,0
tx26146_00003892,NORMAL,0
tx26146_00003893,NORMAL,0
tx26146_00003894,NORMAL,0
tx26146_00003895,NORMAL,0
tx26146_00003896,NORMAL,0
tx26146_00003897,NORMAL,0
tx26146_00003898,NORMAL,0
tx26146_00003899,NORMAL,0
tx26146_00003900,NORMAL,0
tx26146_00003901,NORMAL,0
tx26146_00003902,NORMAL,0
tx26146_00003903,NORMAL,0
tx26146_00003904,NORMAL,0
tx26146_00003905,NORMAL,0
tx26146_00003906,NORMAL,0
tx26146_00003907,NORMAL,0
tx26146_00003908,NORMAL,0
tx26146_00003909,NORMAL,0
tx26146_00003910,NORMAL,0
tx26146_00003911,NORMAL,0
tx26146_00003912,NORMAL,0
tx26146_00003913,NORMAL,0
tx26146_00003914,NORMAL,0
tx26146_00003915,NORMAL,0
tx26146_00003916,NORMAL,0
tx26146_00003917,NORMAL,0
tx26146_00003918,NORMAL,0
tx26146_00003919,NORMAL,0
tx26146_00003920,NORMAL,0
tx26146_00003921,NORMAL,0
tx26146_00003922,NORMAL,0
tx26146_00003923,NORMAL,0
tx26146_00003924,NORMAL,0
tx26146_00003925,NORMAL,0
tx26146_00003926,NORMAL,0
tx26146_00003927,NORMAL,0
tx26146_00003928,NORMAL,0
tx26146_00003929,NORMAL,0
tx26146_00003930,NORMAL,0
tx26146_00003931,NORMAL,0
tx26146_00003932,NORMAL,0
tx26146_00003933,NORMAL,0
tx26146_00003934,NORMAL,0
tx26146_00003935,NORMAL,0
tx26146_00003936,NORMAL,0
tx26146_00003937,NORMAL,0
tx26146_00003938,NORMAL,0
tx26146_00003939,NORMAL,0
tx26146_00003940,NORMAL,0
tx26146_00003941,NORMAL,0
tx26146_00003942,NORMAL,0
tx26146_00003943,NORMAL,0
tx26146_00003944,NORMAL,0
tx26146_00003945,NORMAL,0
tx26146_00003946,NORMAL,0
tx26146_00003947,NORMAL,0
tx26146_00003948,NORMAL,0
tx26146_00003949,NORMAL,0
tx26146_00003950,NORMAL,0
tx26146_00003951,NORMAL,0
tx26146_00003952,NORMAL,0
tx26146_00003953,NORMAL,0
tx26146_00003954,NORMAL,0
tx26146_00003955,NORMAL,0
tx26146_00003956,NORMAL,0
tx26146_00003957,NORMAL,0
tx26146_00003958,NORMAL,0
tx26146_00003959,NORMAL,0
tx26146_00003960,NORMAL,0
tx26146_00003961,NORMAL,0
tx26146_00003962,NORMAL,0
tx26146_00003963,NORMAL,0
tx26146_00003964,NORMAL,0
tx26146_00003965,NORMAL,0
tx26146_00003966,NORMAL,0
tx26146_00003967,NORMAL,0
tx26146_00003968,NORMAL,0
tx26146_00003969,NORMAL,0
tx26146_00003970,NORMAL,0
tx26146_00003971,NORMAL,0
tx26146_00003972,NORMAL,0
tx26146_00003973,NORMAL,0
tx26146_00003974,NORMAL,0
tx26146_00003975,NORMAL,0
tx26146_00003976,NORMAL,0
tx26146_00003977,NORMAL,0
tx26146_00003978,NORMAL,0
tx26146_00003979,NORMAL,0
tx26146_00003980,NORMAL,0
tx26146_00003981,NORMAL,0
tx26146_00003982,NORMAL,0
tx26146_00003983,NORMAL,0
tx26146_00003984,NORMAL,0
tx26146_00003985,NORMAL,0
tx26146_00003986,NORMAL,0
tx26146_00003987,NORMAL,0
tx26146_00003988,NORMAL,0
tx26146_00003989,NORMAL,0
tx26146_00003990,NORMAL,0
tx26146_00003991,NORMAL,0
tx26146_00003992,NORMAL,0
tx26146_00003993,NORMAL,0
tx26146_00003994,NORMAL,0
tx26146_00003995,NORMAL,0
tx26146_00003996,NORMAL,0
tx26146_00003997,NORMAL,0
tx26146_00003998,NORMAL,0
tx26146_00003999,NORMAL,0
tx26146_00004000,NORMAL,0
tx26146_00004001,NORMAL,0
tx26146_00004002,NORMAL,0
tx26146_00004003,NORMAL,0
tx26146_00004004,NORMAL,0
tx26146_00004005,NORMAL,0
tx26146_00004006,NORMAL,0
tx26146_00004007,NORMAL,0
tx26146_00004008,NORMAL,0
tx26146_00004009,NORMAL,0
tx26146_00004010,NORMAL,0
tx26146_00004011,NORMAL,0
tx26146_00004012,NORMAL,0
tx26146_00004013,NORMAL,0
tx26146_00004014,NORMAL,0
tx26146_00004015,NORMAL,0
tx26146_00004016,NORMAL,0
tx26146_00004017,NORMAL,0
tx26146_00004018,NORMAL,0
tx26146_00004019,NORMAL,0
tx26146_00004020,NORMAL,0
tx26146_00004021,NORMAL,0
tx26146_00004022,NORMAL,0
tx26146_00004023,NORMAL,0
tx26146_00004024,NORMAL,0
tx26146_00004025,NORMAL,0
tx26146_00004026,NORMAL,0
tx26146_00004027,NORMAL,0
tx26146_00004028,NORMAL,0
tx26146_00004029,NORMAL,0
tx26146_00004030,NORMAL,0
tx26146_00004031,NORMAL,0
tx26146_00004032,NORMAL,0
tx26146_00004033,NORMAL,0
tx26146_00004034,NORMAL,0
tx26146_00004035,NORMAL,0
tx26146_00004036,NORMAL,0
tx26146_00004037,NORMAL,0
tx26146_00004038,NORMAL,0
tx26146_00004039,NORMAL,0
tx26146_00004040,NORMAL,0
tx26146_00004041,NORMAL,0
tx26146_00004042,NORMAL,0
tx26146_00004043,NORMAL,0
tx26146_00004044,NORMAL,0
tx26146_00004045,NORMAL,0
tx26146_00004046,NORMAL,0
tx26146_00004047,NORMAL,0
tx26146_00004048,NORMAL,0
tx26146_00004049,NORMAL,0
tx26146_00004050,NORMAL,0
tx26146_00004051,NORMAL,0
tx26146_00004052,NORMAL,0
tx26146_00004053,NORMAL,0
tx26146_00004054,NORMAL,0
tx26146_00004055,NORMAL,0
tx26146_00004056,NORMAL,0
tx26146_00004057,NORMAL,0
tx26146_00004058,NORMAL,0
tx26146_00004059,NORMAL,0
tx26146_00004060,NORMAL,0
tx26146_00004061,NORMAL,0
tx26146_00004062,NORMAL,0
tx26146_00004063,NORMAL,0
tx26146_00004064,NORMAL,0
tx26146_00004065,NORMAL,0
tx26146_00004066,NORMAL,0
tx26146_00004067,NORMAL,0
tx26146_00004068,NORMAL,0
tx26146_00004069,NORMAL,0
tx26146_00004070,NORMAL,0
tx26146_00004071,NORMAL,0
tx26146_00004072,NORMAL,0
tx26146_00004073,NORMAL,0
tx26146_00004074,NORMAL,0
tx26146_00004075,NORMAL,0
tx26146_00004076,NORMAL,0
tx26146_00004077,NORMAL,0
tx26146_00004078,NORMAL,0
tx26146_00004079,NORMAL,0
tx26146_00004080,NORMAL,0
tx26146_00004081,NORMAL,0
tx26146_00004082,NORMAL,0
tx26146_00004083,NORMAL,0
tx26146_00004084,NORMAL,0
tx26146_00004085,NORMAL,0
tx26146_00004086,NORMAL,0
tx26146_00004087,NORMAL,0
tx26146_00004088,NORMAL,0
tx26146_00004089,NORMAL,0
tx26146_00004090,NORMAL,0
tx26146_00004091,NORMAL,0
tx26146_00004092,NORMAL,0
tx26146_00004093,NORMAL,0
tx26146_00004094,NORMAL,0
tx26146_00004095,NORMAL,0
tx26146_00004096,NORMAL,0
tx26146_00004097,NORMAL,0
tx26146_00004098,NORMAL,0
tx26146_00004099,NORMAL,0
tx26146_00004100,NORMAL,0
tx26146_00004101,NORMAL,0
tx26146_00004102,NORMAL,0
tx26146_00004103,NORMAL,0
tx26146_00004104,NORMAL,0
tx26146_00004105,NORMAL,0
tx26146_00004106,NORMAL,0
tx26146_00004107,NORMAL,0
tx26146_00004108,NORMAL,0
tx26146_00004109,NORMAL,0
tx26146_00004110,NORMAL,0
tx26146_00004111,NORMAL,0
tx26146_00004112,NORMAL,0
tx26146_00004113,NORMAL,0
tx26146_00004114,NORMAL,0
tx26146_00004115,NORMAL,0
tx26146_00004116,NORMAL,0
tx26146_00004117,NORMAL,0
tx26146_00004118,NORMAL,0
tx26146_00004119,NORMAL,0
tx26146_00004120,NORMAL,0
tx26146_00004121,NORMAL,0
tx26146_00004122,NORMAL,0
tx26146_00004123,NORMAL,0
tx26146_00004124,NORMAL,0
tx26146_00004125,NORMAL,0
tx26146_00004126,NORMAL,0
tx26146_00004127,NORMAL,0
tx26146_00004128,NORMAL,0
tx26146_00004129,NORMAL,0
tx26146_00004130,NORMAL,0
tx26146_00004131,NORMAL,0
tx26146_00004132,NORMAL,0
tx26146_00004133,NORMAL,0
tx26146_00004134,NORMAL,0
tx26146_00004135,NORMAL,0
tx26146_00004136,NORMAL,0
tx26146_00004137,NORMAL,0
tx26146_00004138,NORMAL,0
tx26146_00004139,NORMAL,0
tx26146_00004140,NORMAL,0
tx26146_00004141,NORMAL,0
tx26146_00004142,NORMAL,0
tx26146_00004143,NORMAL,0
tx26146_00004144,NORMAL,0
tx26146_00004145,NORMAL,0
tx26146_00004146,NORMAL,0
tx26146_00004147,NORMAL,0
tx26146_00004148,NORMAL,0
tx26146_00004149,NORMAL,0
tx26146_00004150,NORMAL,0
tx26146_00004151,NORMAL,0
tx26146_00004152,NORMAL,0
tx26146_00004153,NORMAL,0
tx26146_00004154,NORMAL,0
tx26146_00004155,NORMAL,0
tx26146_00004156,NORMAL,0
tx26146_00004157,NORMAL,0
tx26146_00004158,NORMAL,0
tx26146_00004159,NORMAL,0
tx26146_00004160,NORMAL,0
tx26146_00004161,NORMAL,0
tx26146_00004162,NORMAL,0
tx26146_00004163,NORMAL,0
tx26146_00004164,NORMAL,0
tx26146_00004165,NORMAL,0
tx26146_00004166,NORMAL,0
tx26146_00004167,NORMAL,0
tx26146_00004168,NORMAL,0
tx26146_00004169,NORMAL,0
tx26146_00004170,NORMAL,0
tx26146_00004171,NORMAL,0
tx26146_00004172,NORMAL,0
tx26146_00004173,NORMAL,0
tx26146_00004174,NORMAL,0
tx26146_00004175,NORMAL,0
tx26146_00004176,NORMAL,0
tx26146_00004177,NORMAL,0
tx26146_00004178,NORMAL,0
tx26146_00004179,NORMAL,0
tx26146_00004180,NORMAL,0
tx26146_00004181,NORMAL,0
tx26146_00004182,NORMAL,0
tx26146_00004183,NORMAL,0
tx26146_00004184,NORMAL,0
tx26146_00004185,NORMAL,0
tx26146_00004186,NORMAL,0
tx26146_00004187,NORMAL,0
tx26146_00004188,NORMAL,0
tx26146_00004189,NORMAL,0
tx26146_00004190,NORMAL,0
tx26146_00004191,NORMAL,0
tx26146_00004192,NORMAL,0
tx26146_00004193,NORMAL,0
tx26146_00004194,NORMAL,0
tx26146_00004195,NORMAL,0
tx26146_00004196,NORMAL,0
tx26146_00004197,NORMAL,0
tx26146_00004198,NORMAL,0
tx26146_00004199,NORMAL,0
tx26146_00004200,NORMAL,0
tx26146_00004201,NORMAL,0
tx26146_00004202,NORMAL,0
tx26146_00004203,NORMAL,0
tx26146_00004204,NORMAL,0
tx26146_00004205,NORMAL,0
tx26146_00004206,NORMAL,0
tx26146_00004207,NORMAL,0
tx26146_00004208,NORMAL,0
tx26146_00004209,NORMAL,0
tx26146_00004210,NORMAL,0
tx26146_00004211,NORMAL,0
tx26146_00004212,NORMAL,0
tx26146_00004213,NORMAL,0
tx26146_00004214,NORMAL,0
tx26146_00004215,NORMAL,0
tx26146_00004216,NORMAL,0
tx26146_00004217,NORMAL,0
tx26146_00004218,NORMAL,0
tx26146_00004219,NORMAL,0
tx26146_00004220,NORMAL,0
tx26146_00004221,NORMAL,0
tx26146_00004222,NORMAL,0
tx26146_00004223,NORMAL,0
tx26146_00004224,NORMAL,0
tx26146_00004225,NORMAL,0
tx26146_00004226,NORMAL,0
tx26146_00004227,NORMAL,0
tx26146_00004228,NORMAL,0
tx26146_00004229,NORMAL,0
tx26146_00004230,NORMAL,0
tx26146_00004231,NORMAL,0
tx26146_00004232,NORMAL,0
tx26146_00004233,NORMAL,0
tx26146_00004234,NORMAL,0
tx26146_00004235,NORMAL,0
tx26146_00004236,NORMAL,0
tx26146_00004237,NORMAL,0
tx26146_00004238,NORMAL,0
tx26146_00004239,NORMAL,0
tx26146_00004240,NORMAL,0
tx26146_00004241,NORMAL,0
tx26146_00004242,NORMAL,0
tx26146_00004243,NORMAL,0
tx26146_00004244,NORMAL,0
tx26146_00004245,NORMAL,0
tx26146_00004246,NORMAL,0
tx26146_00004247,NORMAL,0
tx26146_00004248,NORMAL,0
tx26146_00004249,NORMAL,0
tx26146_00004250,NORMAL,0
tx26146_00004251,NORMAL,0
tx26146_00004252,NORMAL,0
tx26146_00004253,NORMAL,0
tx26146_00004254,NORMAL,0
tx26146_00004255,NORMAL,0
tx26146_00004256,NORMAL,0
tx26146_00004257,NORMAL,0
tx26146_00004258,NORMAL,0
tx26146_00004259,NORMAL,0
tx26146_00004260,NORMAL,0
tx26146_00004261,NORMAL,0
tx26146_00004262,NORMAL,0
tx26146_00004263,NORMAL,0
tx26146_00004264,NORMAL,0
tx26146_00004265,NORMAL,0
tx26146_00004266,NORMAL,0
tx26146_00004267,NORMAL,0
tx26146_00004268,NORMAL,0
tx26146_00004269,NORMAL,0
tx26146_00004270,NORMAL,0
tx26146_00004271,NORMAL,0
tx26146_00004272,NORMAL,0
tx26146_00004273,NORMAL,0
tx26146_00004274,NORMAL,0
tx26146_00004275,NORMAL,0
tx26146_00004276,NORMAL,0
tx26146_00004277,NORMAL,0
tx26146_00004278,NORMAL,0
tx26146_00004279,NORMAL,0
tx26146_00004280,NORMAL,0
tx26146_00004281,NORMAL,0
tx26146_00004282,NORMAL,0
tx26146_00004283,NORMAL,0
tx26146_00004284,NORMAL,0
tx26146_00004285,NORMAL,0
tx26146_00004286,NORMAL,0
tx26146_00004287,NORMAL,0
tx26146_00004288,NORMAL,0
tx26146_00004289,NORMAL,0
tx26146_00004290,NORMAL,0
tx26146_00004291,NORMAL,0
tx26146_00004292,NORMAL,0
tx26146_00004293,NORMAL,0
tx26146_00004294,NORMAL,0
tx26146_00004295,NORMAL,0
tx26146_00004296,NORMAL,0
tx26146_00004297,NORMAL,0
tx26146_00004298,NORMAL,0
tx26146_00004299,NORMAL,0
tx26146_00004300,NORMAL,0
tx26146_00004301,NORMAL,0
tx26146_00004302,NORMAL,0
tx26146_00004303,NORMAL,0
tx26146_00004304,NORMAL,0
tx26146_00004305,NORMAL,0
tx26146_00004306,NORMAL,0
tx26146_00004307,NORMAL,0
tx26146_00004308,NORMAL,0
tx26146_00004309,NORMAL,0
tx26146_00004310,NORMAL,0
tx26146_00004311,NORMAL,0
tx26146_00004312,NORMAL,0
tx26146_00004313,NORMAL,0
tx26146_00004314,NORMAL,0
tx26146_00004315,NORMAL,0
tx26146_00004316,NORMAL,0
tx26146_00004317,NORMAL,0
tx26146_00004318,NORMAL,0
tx26146_00004319,NORMAL,0
tx26146_00004320,NORMAL,0
tx26146_00004321,NORMAL,0
tx26146_00004322,NORMAL,0
tx26146_00004323,NORMAL,0
tx26146_00004324,NORMAL,0
tx26146_00004325,NORMAL,0
tx26146_00004326,NORMAL,0
tx26146_00004327,NORMAL,0
tx26146_00004328,NORMAL,0
tx26146_00004329,NORMAL,0
tx26146_00004330,NORMAL,0
tx26146_00004331,NORMAL,0
tx26146_00004332,NORMAL,0
tx26146_00004333,NORMAL,0
tx26146_00004334,NORMAL,0
tx26146_00004335,NORMAL,0
tx26146_00004336,NORMAL,0
tx26146_00004337,NORMAL,0
tx26146_00004338,NORMAL,0
tx26146_00004339,NORMAL,0
tx26146_00004340,NORMAL,0
tx26146_00004341,NORMAL,0
tx26146_00004342,NORMAL,0
tx26146_00004343,NORMAL,0
tx26146_00004344,NORMAL,0
tx26146_00004345,NORMAL,0
tx26146_00004346,NORMAL,0
tx26146_00004347,NORMAL,0
tx26146_00004348,NORMAL,0
tx26146_00004349,NORMAL,0
tx26146_00004350,NORMAL,0
tx26146_00004351,NORMAL,0
tx26146_00004352,NORMAL,0
tx26146_00004353,NORMAL,0
tx26146_00004354,NORMAL,0
tx26146_00004355,NORMAL,0
tx26146_00004356,NORMAL,0
tx26146_00004357,NORMAL,0
tx26146_00004358,NORMAL,0
tx26146_00004359,NORMAL,0
tx26146_00004360,NORMAL,0
tx26146_00004361,NORMAL,0
tx26146_00004362,NORMAL,0
tx26146_00004363,NORMAL,0
tx26146_00004364,NORMAL,0
tx26146_00004365,NORMAL,0
tx26146_00004366,NORMAL,0
tx26146_00004367,NORMAL,0
tx26146_00004368,NORMAL,0
tx26146_00004369,NORMAL,0
tx26146_00004370,NORMAL,0
tx26146_00004371,NORMAL,0
tx26146_00004372,NORMAL,0
tx26146_00004373,NORMAL,0
tx26146_00004374,NORMAL,0
tx26146_00004375,NORMAL,0
tx26146_00004376,NORMAL,0
tx26146_00004377,NORMAL,0
tx26146_00004378,NORMAL,0
tx26146_00004379,NORMAL,0
tx26146_00004380,NORMAL,0
tx26146_00004381,NORMAL,0
tx26146_00004382,NORMAL,0
tx26146_00004383,NORMAL,0
tx26146_00004384,NORMAL,0
tx26146_00004385,NORMAL,0
tx26146_00004386,NORMAL,0
tx26146_00004387,NORMAL,0
tx26146_00004388,NORMAL,0
tx26146_00004389,NORMAL,0
tx26146_00004390,NORMAL,0
tx26146_00004391,NORMAL,0
tx26146_00004392,NORMAL,0
tx26146_00004393,NORMAL,0
tx26146_00004394,NORMAL,0
tx26146_00004395,NORMAL,0
tx26146_00004396,NORMAL,0
tx26146_00004397,NORMAL,0
tx26146_00004398,NORMAL,0
tx26146_00004399,NORMAL,0
tx26146_00004400,NORMAL,0
tx26146_00004401,NORMAL,0
tx26146_00004402,NORMAL,0
tx26146_00004403,NORMAL,0
tx26146_00004404,NORMAL,0
tx26146_00004405,NORMAL,0
tx26146_00004406,NORMAL,0
tx26146_00004407,NORMAL,0
tx26146_00004408,NORMAL,0
tx26146_00004409,NORMAL,0
tx26146_00004410,NORMAL,0
tx26146_00004411,NORMAL,0
tx26146_00004412,NORMAL,0
tx26146_00004413,NORMAL,0
tx26146_00004414,NORMAL,0
tx26146_00004415,NORMAL,0
tx26146_00004416,NORMAL,0
tx26146_00004417,NORMAL,0
tx26146_00004418,NORMAL,0
tx26146_00004419,NORMAL,0
tx26146_00004420,NORMAL,0
tx26146_00004421,NORMAL,0
tx26146_00004422,NORMAL,0
tx26146_00004423,NORMAL,0
tx26146_00004424,NORMAL,0
tx26146_00004425,NORMAL,0
tx26146_00004426,NORMAL,0
tx26146_00004427,NORMAL,0
tx26146_00004428,NORMAL,0
tx26146_00004429,NORMAL,0
tx26146_00004430,NORMAL,0
tx26146_00004431,NORMAL,0
tx26146_00004432,NORMAL,0
tx26146_00004433,NORMAL,0
tx26146_00004434,NORMAL,0
tx26146_00004435,NORMAL,0
tx26146_00004436,NORMAL,0
tx26146_00004437,NORMAL,0
tx26146_00004438,NORMAL,0
tx26146_00004439,NORMAL,0
tx26146_00004440,NORMAL,0
tx26146_00004441,NORMAL,0
tx26146_00004442,NORMAL,0
tx26146_00004443,NORMAL,0
tx26146_00004444,NORMAL,0
tx26146_00004445,NORMAL,0
tx26146_00004446,NORMAL,0
tx26146_00004447,NORMAL,0
tx26146_00004448,NORMAL,0
tx26146_00004449,NORMAL,0
tx26146_00004450,NORMAL,0
tx26146_00004451,NORMAL,0
tx26146_00004452,NORMAL,0
tx26146_00004453,NORMAL,0
tx26146_00004454,NORMAL,0
tx26146_00004455,NORMAL,0
tx26146_00004456,NORMAL,0
tx26146_00004457,NORMAL,0
tx26146_00004458,NORMAL,0
tx26146_00004459,NORMAL,0
tx26146_00004460,NORMAL,0
tx26146_00004461,NORMAL,0
tx26146_00004462,NORMAL,0
tx26146_00004463,NORMAL,0
tx26146_00004464,NORMAL,0
tx26146_00004465,NORMAL,0
tx26146_00004466,NORMAL,0
tx26146_00004467,NORMAL,0
tx26146_00004468,NORMAL,0
tx26146_00004469,NORMAL,0
tx26146_00004470,NORMAL,0
tx26146_00004471,NORMAL,0
tx26146_00004472,NORMAL,0
tx26146_00004473,NORMAL,0
tx26146_00004474,NORMAL,0
tx26146_00004475,NORMAL,0
tx26146_00004476,NORMAL,0
tx26146_00004477,NORMAL,0
tx26146_00004478,NORMAL,0
tx26146_00004479,NORMAL,0
tx26146_00004480,NORMAL,0
tx26146_00004481,NORMAL,0
tx26146_00004482,NORMAL,0
tx26146_00004483,NORMAL,0
tx26146_00004484,NORMAL,0
tx26146_00004485,NORMAL,0
tx26146_00004486,NORMAL,0
tx26146_00004487,NORMAL,0
tx26146_00004488,NORMAL,0
tx26146_00004489,NORMAL,0
tx26146_00004490,NORMAL,0
tx26146_00004491,NORMAL,0
tx26146_00004492,NORMAL,0
tx26146_00004493,NORMAL,0
tx26146_00004494,NORMAL,0
tx26146_00004495,NORMAL,0
tx26146_00004496,NORMAL,0
tx26146_00004497,NORMAL,0
tx26146_00004498,NORMAL,0
tx26146_00004499,NORMAL,0
tx26146_00004500,NORMAL,0
tx26146_00004501,NORMAL,0
tx26146_00004502,NORMAL,0
tx26146_00004503,NORMAL,0
tx26146_00004504,NORMAL,0
tx26146_00004505,NORMAL,0
tx26146_00004506,NORMAL,0
tx26146_00004507,NORMAL,0
tx26146_00004508,NORMAL,0
tx26146_00004509,NORMAL,0
tx26146_00004510,NORMAL,0
tx26146_00004511,NORMAL,0
tx26146_00004512,NORMAL,0
tx26146_00004513,NORMAL,0
tx26146_00004514,NORMAL,0
tx26146_00004515,NORMAL,0
tx26146_00004516,NORMAL,0
tx26146_00004517,NORMAL,0
tx26146_00004518,NORMAL,0
tx26146_00004519,NORMAL,0
tx26146_00004520,NORMAL,0
tx26146_00004521,NORMAL,0
tx26146_00004522,NORMAL,0
tx26146_00004523,NORMAL,0
tx26146_00004524,NORMAL,0
tx26146_00004525,NORMAL,0
tx26146_00004526,NORMAL,0
tx26146_00004527,NORMAL,0
tx26146_00004528,NORMAL,0
tx26146_00004529,NORMAL,0
tx26146_00004530,NORMAL,0
tx26146_00004531,NORMAL,0
tx26146_00004532,NORMAL,0
tx26146_00004533,NORMAL,0
tx26146_00004534,NORMAL,0
tx26146_00004535,NORMAL,0
tx26146_00004536,NORMAL,0
tx26146_00004537,NORMAL,0
tx26146_00004538,NORMAL,0
tx26146_00004539,NORMAL,0
tx26146_00004540,NORMAL,0
tx26146_00004541,NORMAL,0
tx26146_00004542,NORMAL,0
tx26146_00004543,NORMAL,0
tx26146_00004544,NORMAL,0
tx26146_00004545,NORMAL,0
tx26146_00004546,NORMAL,0
tx26146_00004547,NORMAL,0
tx26146_00004548,NORMAL,0
tx26146_00004549,NORMAL,0
tx26146_00004550,NORMAL,0
tx26146_00004551,NORMAL,0
tx26146_00004552,NORMAL,0
tx26146_00004553,NORMAL,0
tx26146_00004554,NORMAL,0
tx26146_00004555,NORMAL,0
tx26146_00004556,NORMAL,0
tx26146_00004557,NORMAL,0
tx26146_00004558,NORMAL,0
tx26146_00004559,NORMAL,0
tx26146_00004560,NORMAL,0
tx26146_00004561,NORMAL,0
tx26146_00004562,NORMAL,0
tx26146_00004563,NORMAL,0
tx26146_00004564,NORMAL,0
tx26146_00004565,NORMAL,0
tx26146_00004566,NORMAL,0
tx26146_00004567,NORMAL,0
tx26146_00004568,NORMAL,0
tx26146_00004569,NORMAL,0
tx26146_00004570,NORMAL,0
tx26146_00004571,NORMAL,0
tx26146_00004572,NORMAL,0
tx26146_00004573,NORMAL,0
tx26146_00004574,NORMAL,0
tx26146_00004575,NORMAL,0
tx26146_00004576,NORMAL,0
tx26146_00004577,NORMAL,0
tx26146_00004578,NORMAL,0
tx26146_00004579,NORMAL,0
tx26146_00004580,NORMAL,0
tx26146_00004581,NORMAL,0
tx26146_00004582,NORMAL,0
tx26146_00004583,NORMAL,0
tx26146_00004584,NORMAL,0
tx26146_00004585,NORMAL,0
tx26146_00004586,NORMAL,0
tx26146_00004587,NORMAL,0
tx26146_00004588,NORMAL,0
tx26146_00004589,NORMAL,0
tx26146_00004590,NORMAL,0
tx26146_00004591,NORMAL,0
tx26146_00004592,NORMAL,0
tx26146_00004593,NORMAL,0
tx26146_00004594,NORMAL,0
tx26146_00004595,NORMAL,0
tx26146_00004596,NORMAL,0
tx26146_00004597,NORMAL,0
tx26146_00004598,NORMAL,0
tx26146_00004599,NORMAL,0
tx26146_00004600,NORMAL,0
tx26146_00004601,NORMAL,0
tx26146_00004602,NORMAL,0
tx26146_00004603,NORMAL,0
tx26146_00004604,NORMAL,0
tx26146_00004605,NORMAL,0
tx26146_00004606,NORMAL,0
tx26146_00004607,NORMAL,0
tx26146_00004608,NORMAL,0
tx26146_00004609,NORMAL,0
tx26146_00004610,NORMAL,0
tx26146_00004611,NORMAL,0
tx26146_00004612,NORMAL,0
tx26146_00004613,NORMAL,0
tx26146_00004614,NORMAL,0
tx26146_00004615,NORMAL,0
tx26146_00004616,NORMAL,0
tx26146_00004617,NORMAL,0
tx26146_00004618,NORMAL,0
tx26146_00004619,NORMAL,0
tx26146_00004620,NORMAL,0
tx26146_00004621,NORMAL,0
tx26146_00004622,NORMAL,0
tx26146_00004623,NORMAL,0
tx26146_00004624,NORMAL,0
tx26146_00004625,NORMAL,0
tx26146_00004626,NORMAL,0
tx26146_00004627,NORMAL,0
tx26146_00004628,NORMAL,0
tx26146_00004629,NORMAL,0
tx26146_00004630,NORMAL,0
tx26146_00004631,NORMAL,0
tx26146_00004632,NORMAL,0
tx26146_00004633,NORMAL,0
tx26146_00004634,NORMAL,0
tx26146_00004635,NORMAL,0
tx26146_00004636,NORMAL,0
tx26146_00004637,NORMAL,0
tx26146_00004638,NORMAL,0
tx26146_00004639,NORMAL,0
tx26146_00004640,NORMAL,0
tx26146_00004641,NORMAL,0
tx26146_00004642,NORMAL,0
tx26146_00004643,NORMAL,0
tx26146_00004644,NORMAL,0
tx26146_00004645,NORMAL,0
tx26146_00004646,NORMAL,0
tx26146_00004647,NORMAL,0
tx26146_00004648,NORMAL,0
tx26146_00004649,NORMAL,0
tx26146_00004650,NORMAL,0
tx26146_00004651,NORMAL,0
tx26146_00004652,NORMAL,0
tx26146_00004653,NORMAL,0
tx26146_00004654,NORMAL,0
tx26146_00004655,NORMAL,0
tx26146_00004656,NORMAL,0
tx26146_00004657,NORMAL,0
tx26146_00004658,NORMAL,0
tx26146_00004659,NORMAL,0
tx26146_00004660,NORMAL,0
tx26146_00004661,NORMAL,0
tx26146_00004662,NORMAL,0
tx26146_00004663,NORMAL,0
tx26146_00004664,NORMAL,0
tx26146_00004665,NORMAL,0
tx26146_00004666,NORMAL,0
tx26146_00004667,NORMAL,0
tx26146_00004668,NORMAL,0
tx26146_00004669,NORMAL,0
tx26146_00004670,NORMAL,0
tx26146_00004671,NORMAL,0
tx26146_00004672,NORMAL,0
tx26146_00004673,NORMAL,0
tx26146_00004674,NORMAL,0
tx26146_00004675,NORMAL,0
tx26146_00004676,NORMAL,0
tx26146_00004677,NORMAL,0
tx26146_00004678,NORMAL,0
tx26146_00004679,NORMAL,0
tx26146_00004680,NORMAL,0
tx26146_00004681,NORMAL,0
tx26146_00004682,NORMAL,0
tx26146_00004683,NORMAL,0
tx26146_00004684,NORMAL,0
tx26146_00004685,NORMAL,0
tx26146_00004686,NORMAL,0
tx26146_00004687,NORMAL,0
tx26146_00004688,NORMAL,0
tx26146_00004689,NORMAL,0
tx26146_00004690,NORMAL,0
tx26146_00004691,NORMAL,0
tx26146_00004692,NORMAL,0
tx26146_00004693,NORMAL,0
tx26146_00004694,NORMAL,0
tx26146_00004695,NORMAL,0
tx26146_00004696,NORMAL,0
tx26146_00004697,NORMAL,0
tx26146_00004698,NORMAL,0
tx26146_00004699,NORMAL,0
tx26146_00004700,NORMAL,0
tx26146_00004701,NORMAL,0
tx26146_00004702,NORMAL,0
tx26146_00004703,NORMAL,0
tx26146_00004704,NORMAL,0
tx26146_00004705,NORMAL,0
tx26146_00004706,NORMAL,0
tx26146_00004707,NORMAL,0
tx26146_00004708,NORMAL,0
tx26146_00004709,NORMAL,0
tx26146_00004710,NORMAL,0
tx26146_00004711,NORMAL,0
tx26146_00004712,NORMAL,0
tx26146_00004713,NORMAL,0
tx26146_00004714,NORMAL,0
tx26146_00004715,NORMAL,0
tx26146_00004716,NORMAL,0
tx26146_00004717,NORMAL,0
tx26146_00004718,NORMAL,0
tx26146_00004719,NORMAL,0
tx26146_00004720,NORMAL,0
tx26146_00004721,NORMAL,0
tx26146_00004722,NORMAL,0
tx26146_00004723,NORMAL,0
tx26146_00004724,NORMAL,0
tx26146_00004725,NORMAL,0
tx26146_00004726,NORMAL,0
tx26146_00004727,NORMAL,0
tx26146_00004728,NORMAL,0
tx26146_00004729,NORMAL,0
tx26146_00004730,NORMAL,0
tx26146_00004731,NORMAL,0
tx26146_00004732,NORMAL,0
tx26146_00004733,NORMAL,0
tx26146_00004734,NORMAL,0
tx26146_00004735,NORMAL,0
tx26146_00004736,NORMAL,0
tx26146_00004737,NORMAL,0
tx26146_00004738,NORMAL,0
tx26146_00004739,NORMAL,0
tx26146_00004740,NORMAL,0
tx26146_00004741,NORMAL,0
tx26146_00004742,NORMAL,0
tx26146_00004743,NORMAL,0
tx26146_00004744,NORMAL,0
tx26146_00004745,NORMAL,0
tx26146_00004746,NORMAL,0
tx26146_00004747,NORMAL,0
tx26146_00004748,NORMAL,0
tx26146_00004749,NORMAL,0
tx26146_00004750,NORMAL,0
tx26146_00004751,NORMAL,0
tx26146_00004752,NORMAL,0
tx26146_00004753,NORMAL,0
tx26146_00004754,NORMAL,0
tx26146_00004755,NORMAL,0
tx26146_00004756,NORMAL,0
tx26146_00004757,NORMAL,0
tx26146_00004758,NORMAL,0
tx26146_00004759,NORMAL,0
tx26146_00004760,NORMAL,0
tx26146_00004761,NORMAL,0
tx26146_00004762,NORMAL,0
tx26146_00004763,NORMAL,0
tx26146_00004764,NORMAL,0
tx26146_00004765,NORMAL,0
tx26146_00004766,NORMAL,0
tx26146_00004767,NORMAL,0
tx26146_00004768,NORMAL,0
tx26146_00004769,NORMAL,0
tx26146_00004770,NORMAL,0
tx26146_00004771,NORMAL,0
tx26146_00004772,NORMAL,0
tx26146_00004773,NORMAL,0
tx26146_00004774,NORMAL,0
tx26146_00004775,NORMAL,0
tx26146_00004776,NORMAL,0
tx26146_00004777,NORMAL,0
tx26146_00004778,NORMAL,0
tx26146_00004779,NORMAL,0
tx26146_00004780,NORMAL,0
tx26146_00004781,NORMAL,0
tx26146_00004782,NORMAL,0
tx26146_00004783,NORMAL,0
tx26146_00004784,NORMAL,0
tx26146_00004785,NORMAL,0
tx26146_00004786,NORMAL,0
tx26146_00004787,NORMAL,0
tx26146_00004788,NORMAL,0
tx26146_00004789,NORMAL,0
tx26146_00004790,NORMAL,0
tx26146_00004791,NORMAL,0
tx26146_00004792,NORMAL,0
tx26146_00004793,NORMAL,0
tx26146_00004794,NORMAL,0
tx26146_00004795,NORMAL,0
tx26146_00004796,NORMAL,0
tx26146_00004797,NORMAL,0
tx26146_00004798,NORMAL,0
tx26146_00004799,NORMAL,0
tx26146_00004800,NORMAL,0
tx26146_00004801,NORMAL,0
tx26146_00004802,NORMAL,0
tx26146_00004803,NORMAL,0
tx26146_00004804,NORMAL,0
tx26146_00004805,NORMAL,0
tx26146_00004806,NORMAL,0
tx26146_00004807,NORMAL,0
tx26146_00004808,NORMAL,0
tx26146_00004809,NORMAL,0
tx26146_00004810,NORMAL,0
tx26146_00004811,NORMAL,0
tx26146_00004812,NORMAL,0
tx26146_00004813,NORMAL,0
tx26146_00004814,NORMAL,0
tx26146_00004815,NORMAL,0
tx26146_00004816,NORMAL,0
tx26146_00004817,NORMAL,0
tx26146_00004818,NORMAL,0
tx26146_00004819,NORMAL,0
tx26146_00004820,NORMAL,0
tx26146_00004821,NORMAL,0
tx26146_00004822,NORMAL,0
tx26146_00004823,NORMAL,0
tx26146_00004824,NORMAL,0
tx26146_00004825,NORMAL,0
tx26146_00004826,NORMAL,0
tx26146_00004827,NORMAL,0
tx26146_00004828,NORMAL,0
tx26146_00004829,NORMAL,0
tx26146_00004830,NORMAL,0
tx26146_00004831,NORMAL,0
tx26146_00004832,NORMAL,0
tx26146_00004833,NORMAL,0
tx26146_00004834,NORMAL,0
tx26146_00004835,NORMAL,0
tx26146_00004836,NORMAL,0
tx26146_00004837,NORMAL,0
tx26146_00004838,NORMAL,0
tx26146_00004839,NORMAL,0
tx26146_00004840,NORMAL,0
tx26146_00004841,NORMAL,0
tx26146_00004842,NORMAL,0
tx26146_00004843,NORMAL,0
tx26146_00004844,NORMAL,0
tx26146_00004845,NORMAL,0
tx26146_00004846,NORMAL,0
tx26146_00004847,NORMAL,0
tx26146_00004848,NORMAL,0
tx26146_00004849,NORMAL,0
tx26146_00004850,NORMAL,0
tx26146_00004851,NORMAL,0
tx26146_00004852,NORMAL,0
tx26146_00004853,NORMAL,0
tx26146_00004854,NORMAL,0
tx26146_00004855,NORMAL,0
tx26146_00004856,NORMAL,0
tx26146_00004857,NORMAL,0
tx26146_00004858,NORMAL,0
tx26146_00004859,NORMAL,0
tx26146_00004860,NORMAL,0
tx26146_00004861,NORMAL,0
tx26146_00004862,NORMAL,0
tx26146_00004863,NORMAL,0
tx26146_00004864,NORMAL,0
tx26146_00004865,NORMAL,0
tx26146_00004866,NORMAL,0
tx26146_00004867,NORMAL,0
tx26146_00004868,NORMAL,0
tx26146_00004869,NORMAL,0
tx26146_00004870,NORMAL,0
tx26146_00004871,NORMAL,0
tx26146_00004872,NORMAL,0
tx26146_00004873,NORMAL,0
tx26146_00004874,NORMAL,0
tx26146_00004875,NORMAL,0
tx26146_00004876,NORMAL,0
tx26146_00004877,NORMAL,0
tx26146_00004878,NORMAL,0
tx26146_00004879,NORMAL,0
tx26146_00004880,NORMAL,0
tx26146_00004881,NORMAL,0
tx26146_00004882,NORMAL,0
tx26146_00004883,NORMAL,0
tx26146_00004884,NORMAL,0
tx26146_00004885,NORMAL,0
tx26146_00004886,NORMAL,0
tx26146_00004887,NORMAL,0
tx26146_00004888,NORMAL,0
tx26146_00004889,NORMAL,0
tx26146_00004890,NORMAL,0
tx26146_00004891,NORMAL,0
tx26146_00004892,NORMAL,0
tx26146_00004893,NORMAL,0
tx26146_00004894,NORMAL,0
tx26146_00004895,NORMAL,0
tx26146_00004896,NORMAL,0
tx26146_00004897,NORMAL,0
tx26146_00004898,NORMAL,0
tx26146_00004899,NORMAL,0
tx26146_00004900,NORMAL,0
tx26146_00004901,NORMAL,0
tx26146_00004902,NORMAL,0
tx26146_00004903,NORMAL,0
tx26146_00004904,NORMAL,0
tx26146_00004905,NORMAL,0
tx26146_00004906,NORMAL,0
tx26146_00004907,NORMAL,0
tx26146_00004908,NORMAL,0
tx26146_00004909,NORMAL,0
tx26146_00004910,NORMAL,0
tx26146_00004911,NORMAL,0
tx26146_00004912,NORMAL,0
tx26146_00004913,NORMAL,0
tx26146_00004914,NORMAL,0
tx26146_00004915,NORMAL,0
tx26146_00004916,NORMAL,0
tx26146_00004917,NORMAL,0
tx26146_00004918,NORMAL,0
tx26146_00004919,NORMAL,0
tx26146_00004920,NORMAL,0
tx26146_00004921,NORMAL,0
tx26146_00004922,NORMAL,0
tx26146_00004923,NORMAL,0
tx26146_00004924,NORMAL,0
tx26146_00004925,NORMAL,0
tx26146_00004926,NORMAL,0
tx26146_00004927,NORMAL,0
tx26146_00004928,NORMAL,0
tx26146_00004929,NORMAL,0
tx26146_00004930,NORMAL,0
tx26146_00004931,NORMAL,0
tx26146_00004932,NORMAL,0
tx26146_00004933,NORMAL,0
tx26146_00004934,NORMAL,0
tx26146_00004935,NORMAL,0
tx26146_00004936,NORMAL,0
tx26146_00004937,NORMAL,0
tx26146_00004938,NORMAL,0
tx26146_00004939,NORMAL,0
tx26146_00004940,NORMAL,0
tx26146_00004941,NORMAL,0
tx26146_00004942,NORMAL,0
tx26146_00004943,NORMAL,0
tx26146_00004944,NORMAL,0
tx26146_00004945,NORMAL,0
tx26146_00004946,NORMAL,0
tx26146_00004947,NORMAL,0
tx26146_00004948,NORMAL,0
tx26146_00004949,NORMAL,0
tx26146_00004950,NORMAL,0
tx26146_00004951,NORMAL,0
tx26146_00004952,NORMAL,0
tx26146_00004953,NORMAL,0
tx26146_00004954,NORMAL,0
tx26146_00004955,NORMAL,0
tx26146_00004956,NORMAL,0
tx26146_00004957,NORMAL,0
tx26146_00004958,NORMAL,0
tx26146_00004959,NORMAL,0
tx26146_00004960,NORMAL,0
tx26146_00004961,NORMAL,0
tx26146_00004962,NORMAL,0
tx26146_00004963,NORMAL,0
tx26146_00004964,NORMAL,0
tx26146_00004965,NORMAL,0
tx26146_00004966,NORMAL,0
tx26146_00004967,NORMAL,0
tx26146_00004968,NORMAL,0
tx26146_00004969,NORMAL,0
tx26146_00004970,NORMAL,0
tx26146_00004971,NORMAL,0
tx26146_00004972,NORMAL,0
tx26146_00004973,NORMAL,0
tx26146_00004974,NORMAL,0
tx26146_00004975,NORMAL,0
tx26146_00004976,NORMAL,0
tx26146_00004977,NORMAL,0
tx26146_00004978,NORMAL,0
tx26146_00004979,NORMAL,0
tx26146_00004980,NORMAL,0
tx26146_00004981,NORMAL,0
tx26146_00004982,NORMAL,0
tx26146_00004983,NORMAL,0
tx26146_00004984,NORMAL,0
tx26146_00004985,NORMAL,0
tx26146_00004986,NORMAL,0
tx26146_00004987,NORMAL,0
tx26146_00004988,NORMAL,0
tx26146_00004989,NORMAL,0
tx26146_00004990,NORMAL,0
tx26146_00004991,NORMAL,0
tx26146_00004992,NORMAL,0
tx26146_00004993,NORMAL,0
tx26146_00004994,NORMAL,0
tx26146_00004995,NORMAL,0
tx26146_00004996,NORMAL,0
tx26146_00004997,NORMAL,0
tx26146_00004998,NORMAL,0
tx26146_00004999,NORMAL,0
tx26146_00005000,NORMAL,0
tx26146_00005001,NORMAL,0
tx26146_00005002,NORMAL,0
tx26146_00005003,NORMAL,0
tx26146_00005004,NORMAL,0
tx26146_00005005,NORMAL,0
tx26146_00005006,NORMAL,0
tx26146_00005007,NORMAL,0
tx26146_00005008,NORMAL,0
tx26146_00005009,NORMAL,0
tx26146_00005010,NORMAL,0
tx26146_00005011,NORMAL,0
tx26146_00005012,NORMAL,0
tx26146_00005013,NORMAL,0
tx26146_00005014,NORMAL,0
tx26146_00005015,NORMAL,0
tx26146_00005016,NORMAL,0
tx26146_00005017,NORMAL,0
tx26146_00005018,NORMAL,0
tx26146_00005019,NORMAL,0
tx26146_00005020,NORMAL,0
tx26146_00005021,NORMAL,0
tx26146_00005022,NORMAL,0
tx26146_00005023,NORMAL,0
tx26146_00005024,NORMAL,0
tx26146_00005025,NORMAL,0
tx26146_00005026,NORMAL,0
tx26146_00005027,NORMAL,0
tx26146_00005028,NORMAL,0
tx26146_00005029,NORMAL,0
tx26146_00005030,NORMAL,0
tx26146_00005031,NORMAL,0
tx26146_00005032,NORMAL,0
tx26146_00005033,NORMAL,0
tx26146_00005034,NORMAL,0
tx26146_00005035,NORMAL,0
tx26146_00005036,NORMAL,0
tx26146_00005037,NORMAL,0
tx26146_00005038,NORMAL,0
tx26146_00005039,NORMAL,0
tx26146_00005040,NORMAL,0
tx26146_00005041,NORMAL,0
tx26146_00005042,NORMAL,0
tx26146_00005043,NORMAL,0
tx26146_00005044,NORMAL,0
tx26146_00005045,NORMAL,0
tx26146_00005046,NORMAL,0
tx26146_00005047,NORMAL,0
tx26146_00005048,NORMAL,0
tx26146_00005049,NORMAL,0
tx26146_00005050,NORMAL,0
tx26146_00005051,NORMAL,0
tx26146_00005052,NORMAL,0
tx26146_00005053,NORMAL,0
tx26146_00005054,NORMAL,0
tx26146_00005055,NORMAL,0
tx26146_00005056,NORMAL,0
tx26146_00005057,NORMAL,0
tx26146_00005058,NORMAL,0
tx26146_00005059,NORMAL,0
tx26146_00005060,NORMAL,0
tx26146_00005061,NORMAL,0
tx26146_00005062,NORMAL,0
tx26146_00005063,NORMAL,0
tx26146_00005064,NORMAL,0
tx26146_00005065,NORMAL,0
tx26146_00005066,NORMAL,0
tx26146_00005067,NORMAL,0
tx26146_00005068,NORMAL,0
tx26146_00005069,NORMAL,0
tx26146_00005070,NORMAL,0
tx26146_00005071,NORMAL,0
tx26146_00005072,NORMAL,0
tx26146_00005073,NORMAL,0
tx26146_00005074,NORMAL,0
tx26146_00005075,NORMAL,0
tx26146_00005076,NORMAL,0
tx26146_00005077,NORMAL,0
tx26146_00005078,NORMAL,0
tx26146_00005079,NORMAL,0
tx26146_00005080,NORMAL,0
tx26146_00005081,NORMAL,0
tx26146_00005082,NORMAL,0
tx26146_00005083,NORMAL,0
tx26146_00005084,NORMAL,0
tx26146_00005085,NORMAL,0
tx26146_00005086,NORMAL,0
tx26146_00005087,NORMAL,0
tx26146_00005088,NORMAL,0
tx26146_00005089,NORMAL,0
tx26146_00005090,NORMAL,0
tx26146_00005091,NORMAL,0
tx26146_00005092,NORMAL,0
tx26146_00005093,NORMAL,0
tx26146_00005094,NORMAL,0
tx26146_00005095,NORMAL,0
tx26146_00005096,NORMAL,0
tx26146_00005097,NORMAL,0
tx26146_00005098,NORMAL,0
tx26146_00005099,NORMAL,0
tx26146_00005100,NORMAL,0
tx26146_00005101,NORMAL,0
tx26146_00005102,NORMAL,0
tx26146_00005103,NORMAL,0
tx26146_00005104,NORMAL,0
tx26146_00005105,NORMAL,0
tx26146_00005106,NORMAL,0
tx26146_00005107,NORMAL,0
tx26146_00005108,NORMAL,0
tx26146_00005109,NORMAL,0
tx26146_00005110,NORMAL,0
tx26146_00005111,NORMAL,0
tx26146_00005112,NORMAL,0
tx26146_00005113,NORMAL,0
tx26146_00005114,NORMAL,0
tx26146_00005115,NORMAL,0
tx26146_00005116,NORMAL,0
tx26146_00005117,NORMAL,0
tx26146_00005118,NORMAL,0
tx26146_00005119,NORMAL,0
tx26146_00005120,NORMAL,0
tx26146_00005121,NORMAL,0
tx26146_00005122,NORMAL,0
tx26146_00005123,NORMAL,0
tx26146_00005124,NORMAL,0
tx26146_00005125,NORMAL,0
tx26146_00005126,NORMAL,0
tx26146_00005127,NORMAL,0
tx26146_00005128,NORMAL,0
tx26146_00005129,NORMAL,0
tx26146_00005130,NORMAL,0
tx26146_00005131,NORMAL,0
tx26146_00005132,NORMAL,0
tx26146_00005133,NORMAL,0
tx26146_00005134,NORMAL,0
tx26146_00005135,NORMAL,0
tx26146_00005136,NORMAL,0
tx26146_00005137,NORMAL,0
tx26146_00005138,NORMAL,0
tx26146_00005139,NORMAL,0
tx26146_00005140,NORMAL,0
tx26146_00005141,NORMAL,0
tx26146_00005142,NORMAL,0
tx26146_00005143,NORMAL,0
tx26146_00005144,NORMAL,0
tx26146_00005145,NORMAL,0
tx26146_00005146,NORMAL,0
tx26146_00005147,NORMAL,0
tx26146_00005148,NORMAL,0
tx26146_00005149,NORMAL,0
tx26146_00005150,NORMAL,0
tx26146_00005151,NORMAL,0
tx26146_00005152,NORMAL,0
tx26146_00005153,NORMAL,0
tx26146_00005154,NORMAL,0
tx26146_00005155,NORMAL,0
tx26146_00005156,NORMAL,0
tx26146_00005157,NORMAL,0
tx26146_00005158,NORMAL,0
tx26146_00005159,NORMAL,0
tx26146_00005160,NORMAL,0
tx26146_00005161,NORMAL,0
tx26146_00005162,NORMAL,0
tx26146_00005163,NORMAL,0
tx26146_00005164,NORMAL,0
tx26146_00005165,NORMAL,0
tx26146_00005166,NORMAL,0
tx26146_00005167,NORMAL,0
tx26146_00005168,NORMAL,0
tx26146_00005169,NORMAL,0
tx26146_00005170,NORMAL,0
tx26146_00005171,NORMAL,0
tx26146_00005172,NORMAL,0
tx26146_00005173,NORMAL,0
tx26146_00005174,NORMAL,0
tx26146_00005175,NORMAL,0
tx26146_00005176,NORMAL,0
tx26146_00005177,NORMAL,0
tx26146_00005178,NORMAL,0
tx26146_00005179,NORMAL,0
tx26146_00005180,NORMAL,0
tx26146_00005181,NORMAL,0
tx26146_00005182,NORMAL,0
tx26146_00005183,NORMAL,0
tx26146_00005184,NORMAL,0
tx26146_00005185,NORMAL,0
tx26146_00005186,NORMAL,0
tx26146_00005187,NORMAL,0
tx26146_00005188,NORMAL,0
tx26146_00005189,NORMAL,0
tx26146_00005190,NORMAL,0
tx26146_00005191,NORMAL,0
tx26146_00005192,NORMAL,0
tx26146_00005193,NORMAL,0
tx26146_00005194,NORMAL,0
tx26146_00005195,NORMAL,0
tx26146_00005196,NORMAL,0
tx26146_00005197,NORMAL,0
tx26146_00005198,NORMAL,0
tx26146_00005199,NORMAL,0
tx26146_00005200,NORMAL,0
tx26146_00005201,NORMAL,0
tx26146_00005202,NORMAL,0
tx26146_00005203,NORMAL,0
tx26146_00005204,NORMAL,0
tx26146_00005205,NORMAL,0
tx26146_00005206,NORMAL,0
tx26146_00005207,NORMAL,0
tx26146_00005208,NORMAL,0
tx26146_00005209,NORMAL,0
tx26146_00005210,NORMAL,0
tx26146_00005211,NORMAL,0
tx26146_00005212,NORMAL,0
tx26146_00005213,NORMAL,0
tx26146_00005214,NORMAL,0
tx26146_00005215,NORMAL,0
tx26146_00005216,NORMAL,0
tx26146_00005217,NORMAL,0
tx26146_00005218,NORMAL,0
tx26146_00005219,NORMAL,0
tx26146_00005220,NORMAL,0
tx26146_00005221,NORMAL,0
tx26146_00005222,NORMAL,0
tx26146_00005223,NORMAL,0
tx26146_00005224,NORMAL,0
tx26146_00005225,NORMAL,0
tx26146_00005226,NORMAL,0
tx26146_00005227,NORMAL,0
tx26146_00005228,NORMAL,0
tx26146_00005229,NORMAL,0
tx26146_00005230,NORMAL,0
tx26146_00005231,NORMAL,0
tx26146_00005232,NORMAL,0
tx26146_00005233,NORMAL,0
tx26146_00005234,NORMAL,0
tx26146_00005235,NORMAL,0
tx26146_00005236,NORMAL,0
tx26146_00005237,NORMAL,0
tx26146_00005238,NORMAL,0
tx26146_00005239,NORMAL,0
tx26146_00005240,NORMAL,0
tx26146_00005241,NORMAL,0
tx26146_00005242,NORMAL,0
tx26146_00005243,NORMAL,0
tx26146_00005244,NORMAL,0
tx26146_00005245,NORMAL,0
tx26146_00005246,NORMAL,0
tx26146_00005247,NORMAL,0
tx26146_00005248,NORMAL,0
tx26146_00005249,NORMAL,0
tx26146_00005250,NORMAL,0
tx26146_00005251,NORMAL,0
tx26146_00005252,NORMAL,0
tx26146_00005253,NORMAL,0
tx26146_00005254,NORMAL,0
tx26146_00005255,NORMAL,0
tx26146_00005256,NORMAL,0
tx26146_00005257,NORMAL,0
tx26146_00005258,NORMAL,0
tx26146_00005259,NORMAL,0
tx26146_00005260,NORMAL,0
tx26146_00005261,NORMAL,0
tx26146_00005262,NORMAL,0
tx26146_00005263,NORMAL,0
tx26146_00005264,NORMAL,0
tx26146_00005265,NORMAL,0
tx26146_00005266,NORMAL,0
tx26146_00005267,NORMAL,0
tx26146_00005268,NORMAL,0
tx26146_00005269,NORMAL,0
tx26146_00005270,NORMAL,0
tx26146_00005271,NORMAL,0
tx26146_00005272,NORMAL,0
tx26146_00005273,NORMAL,0
tx26146_00005274,NORMAL,0
tx26146_00005275,NORMAL,0
tx26146_00005276,NORMAL,0
tx26146_00005277,NORMAL,0
tx26146_00005278,NORMAL,0
tx26146_00005279,NORMAL,0
tx26146_00005280,NORMAL,0
tx26146_00005281,NORMAL,0
tx26146_00005282,NORMAL,0
tx26146_00005283,NORMAL,0
tx26146_00005284,NORMAL,0
tx26146_00005285,NORMAL,0
tx26146_00005286,NORMAL,0
tx26146_00005287,NORMAL,0
tx26146_00005288,NORMAL,0
tx26146_00005289,NORMAL,0
tx26146_00005290,NORMAL,0
tx26146_00005291,NORMAL,0
tx26146_00005292,NORMAL,0
tx26146_00005293,NORMAL,0
tx26146_00005294,NORMAL,0
tx26146_00005295,NORMAL,0
tx26146_00005296,NORMAL,0
tx26146_00005297,NORMAL,0
tx26146_00005298,NORMAL,0
tx26146_00005299,NORMAL,0
tx26146_00005300,NORMAL,0
tx26146_00005301,NORMAL,0
tx26146_00005302,NORMAL,0
tx26146_00005303,NORMAL,0
tx26146_00005304,NORMAL,0
tx26146_00005305,NORMAL,0
tx26146_00005306,NORMAL,0
tx26146_00005307,NORMAL,0
tx26146_00005308,NORMAL,0
tx26146_00005309,NORMAL,0
tx26146_00005310,NORMAL,0
tx26146_00005311,NORMAL,0
tx26146_00005312,NORMAL,0
tx26146_00005313,NORMAL,0
tx26146_00005314,NORMAL,0
tx26146_00005315,NORMAL,0
tx26146_00005316,NORMAL,0
tx26146_00005317,NORMAL,0
tx26146_00005318,NORMAL,0
tx26146_00005319,NORMAL,0
tx26146_00005320,NORMAL,0
tx26146_00005321,NORMAL,0
tx26146_00005322,NORMAL,0
tx26146_00005323,NORMAL,0
tx26146_00005324,NORMAL,0
tx26146_00005325,NORMAL,0
tx26146_00005326,NORMAL,0
tx26146_00005327,NORMAL,0
tx26146_00005328,NORMAL,0
tx26146_00005329,NORMAL,0
tx26146_00005330,NORMAL,0
tx26146_00005331,NORMAL,0
tx26146_00005332,NORMAL,0
tx26146_00005333,NORMAL,0
tx26146_00005334,NORMAL,0
tx26146_00005335,NORMAL,0
tx26146_00005336,NORMAL,0
tx26146_00005337,NORMAL,0
tx26146_00005338,NORMAL,0
tx26146_00005339,NORMAL,0
tx26146_00005340,NORMAL,0
tx26146_00005341,NORMAL,0
tx26146_00005342,NORMAL,0
tx26146_00005343,NORMAL,0
tx26146_00005344,NORMAL,0
tx26146_00005345,NORMAL,0
tx26146_00005346,NORMAL,0
tx26146_00005347,NORMAL,0
tx26146_00005348,NORMAL,0
tx26146_00005349,NORMAL,0
tx26146_00005350,NORMAL,0
tx26146_00005351,NORMAL,0
tx26146_00005352,NORMAL,0
tx26146_00005353,NORMAL,0
tx26146_00005354,NORMAL,0
tx26146_00005355,NORMAL,0
tx26146_00005356,NORMAL,0
tx26146_00005357,NORMAL,0
tx26146_00005358,NORMAL,0
tx26146_00005359,NORMAL,0
tx26146_00005360,NORMAL,0
tx26146_00005361,NORMAL,0
tx26146_00005362,NORMAL,0
tx26146_00005363,NORMAL,0
tx26146_00005364,NORMAL,0
tx26146_00005365,NORMAL,0
tx26146_00005366,NORMAL,0
tx26146_00005367,NORMAL,0
tx26146_00005368,NORMAL,0
tx26146_00005369,NORMAL,0
tx26146_00005370,NORMAL,0
tx26146_00005371,NORMAL,0
tx26146_00005372,NORMAL,0
tx26146_00005373,NORMAL,0
tx26146_00005374,NORMAL,0
tx26146_00005375,NORMAL,0
tx26146_00005376,NORMAL,0
tx26146_00005377,NORMAL,0
tx26146_00005378,NORMAL,0
tx26146_00005379,NORMAL,0
tx26146_00005380,NORMAL,0
tx26146_00005381,NORMAL,0
tx26146_00005382,NORMAL,0
tx26146_00005383,NORMAL,0
tx26146_00005384,NORMAL,0
tx26146_00005385,NORMAL,0
tx26146_00005386,NORMAL,0
tx26146_00005387,NORMAL,0
tx26146_00005388,NORMAL,0
tx26146_00005389,NORMAL,0
tx26146_00005390,NORMAL,0
tx26146_00005391,NORMAL,0
tx26146_00005392,NORMAL,0
tx26146_00005393,NORMAL,0
tx26146_00005394,NORMAL,0
tx26146_00005395,NORMAL,0
tx26146_00005396,NORMAL,0
tx26146_00005397,NORMAL,0
tx26146_00005398,NORMAL,0
tx26146_00005399,NORMAL,0
tx26146_00005400,NORMAL,0
tx26146_00005401,NORMAL,0
tx26146_00005402,NORMAL,0
tx26146_00005403,NORMAL,0
tx26146_00005404,NORMAL,0
tx26146_00005405,NORMAL,0
tx26146_00005406,NORMAL,0
tx26146_00005407,NORMAL,0
tx26146_00005408,NORMAL,0
tx26146_00005409,NORMAL,0
tx26146_00005410,NORMAL,0
tx26146_00005411,NORMAL,0
tx26146_00005412,NORMAL,0
tx26146_00005413,NORMAL,0
tx26146_00005414,NORMAL,0
tx26146_00005415,NORMAL,0
tx26146_00005416,NORMAL,0
tx26146_00005417,NORMAL,0
tx26146_00005418,NORMAL,0
tx26146_00005419,NORMAL,0
tx26146_00005420,NORMAL,0
tx26146_00005421,NORMAL,0
tx26146_00005422,NORMAL,0
tx26146_00005423,NORMAL,0
tx26146_00005424,NORMAL,0
tx26146_00005425,NORMAL,0
tx26146_00005426,NORMAL,0
tx26146_00005427,NORMAL,0
tx26146_00005428,NORMAL,0
tx26146_00005429,NORMAL,0
tx26146_00005430,NORMAL,0
tx26146_00005431,NORMAL,0
tx26146_00005432,NORMAL,0
tx26146_00005433,NORMAL,0
tx26146_00005434,NORMAL,0
tx26146_00005435,NORMAL,0
tx26146_00005436,NORMAL,0
tx26146_00005437,NORMAL,0
tx26146_00005438,NORMAL,0
tx26146_00005439,NORMAL,0
tx26146_00005440,NORMAL,0
tx26146_00005441,NORMAL,0
tx26146_00005442,NORMAL,0
tx26146_00005443,NORMAL,0
tx26146_00005444,NORMAL,0
tx26146_00005445,NORMAL,0
tx26146_00005446,NORMAL,0
tx26146_00005447,NORMAL,0
tx26146_00005448,NORMAL,0
tx26146_00005449,NORMAL,0
tx26146_00005450,NORMAL,0
tx26146_00005451,NORMAL,0
tx26146_00005452,NORMAL,0
tx26146_00005453,NORMAL,0
tx26146_00005454,NORMAL,0
tx26146_00005455,NORMAL,0
tx26146_00005456,NORMAL,0
tx26146_00005457,NORMAL,0
tx26146_00005458,NORMAL,0
tx26146_00005459,NORMAL,0
tx26146_00005460,NORMAL,0
tx26146_00005461,NORMAL,0
tx26146_00005462,NORMAL,0
tx26146_00005463,NORMAL,0
tx26146_00005464,NORMAL,0
tx26146_00005465,NORMAL,0
tx26146_00005466,NORMAL,0
tx26146_00005467,NORMAL,0
tx26146_00005468,NORMAL,0
tx26146_00005469,NORMAL,0
tx26146_00005470,NORMAL,0
tx26146_00005471,NORMAL,0
tx26146_00005472,NORMAL,0
tx26146_00005473,NORMAL,0
tx26146_00005474,NORMAL,0
tx26146_00005475,NORMAL,0
tx26146_00005476,NORMAL,0
tx26146_00005477,NORMAL,0
tx26146_00005478,NORMAL,0
tx26146_00005479,NORMAL,0
tx26146_00005480,NORMAL,0
tx26146_00005481,NORMAL,0
tx26146_00005482,NORMAL,0
tx26146_00005483,NORMAL,0
tx26146_00005484,NORMAL,0
tx26146_00005485,NORMAL,0
tx26146_00005486,NORMAL,0
tx26146_00005487,NORMAL,0
tx26146_00005488,NORMAL,0
tx26146_00005489,NORMAL,0
tx26146_00005490,NORMAL,0
tx26146_00005491,NORMAL,0
tx26146_00005492,NORMAL,0
tx26146_00005493,NORMAL,0
tx26146_00005494,NORMAL,0
tx26146_00005495,NORMAL,0
tx26146_00005496,NORMAL,0
tx26146_00005497,NORMAL,0
tx26146_00005498,NORMAL,0
tx26146_00005499,NORMAL,0
tx26146_00005500,NORMAL,0
tx26146_00005501,NORMAL,0
tx26146_00005502,NORMAL,0
tx26146_00005503,NORMAL,0
tx26146_00005504,NORMAL,0
tx26146_00005505,NORMAL,0
tx26146_00005506,NORMAL,0
tx26146_00005507,NORMAL,0
tx26146_00005508,NORMAL,0
tx26146_00005509,NORMAL,0
tx26146_00005510,NORMAL,0
tx26146_00005511,NORMAL,0
tx26146_00005512,NORMAL,0
tx26146_00005513,NORMAL,0
tx26146_00005514,NORMAL,0
tx26146_00005515,NORMAL,0
tx26146_00005516,NORMAL,0
tx26146_00005517,NORMAL,0
tx26146_00005518,NORMAL,0
tx26146_00005519,NORMAL,0
tx26146_00005520,NORMAL,0
tx26146_00005521,NORMAL,0
tx26146_00005522,NORMAL,0
tx26146_00005523,NORMAL,0
tx26146_00005524,NORMAL,0
tx26146_00005525,NORMAL,0
tx26146_00005526,NORMAL,0
tx26146_00005527,NORMAL,0
tx26146_00005528,NORMAL,0
tx26146_00005529,NORMAL,0
tx26146_00005530,NORMAL,0
tx26146_00005531,NORMAL,0
tx26146_00005532,NORMAL,0
tx26146_00005533,NORMAL,0
tx26146_00005534,NORMAL,0
tx26146_00005535,NORMAL,0
tx26146_00005536,NORMAL,0
tx26146_00005537,NORMAL,0
tx26146_00005538,NORMAL,0
tx26146_00005539,NORMAL,0
tx26146_00005540,NORMAL,0
tx26146_00005541,NORMAL,0
tx26146_00005542,NORMAL,0
tx26146_00005543,NORMAL,0
tx26146_00005544,NORMAL,0
tx26146_00005545,NORMAL,0
tx26146_00005546,NORMAL,0
tx26146_00005547,NORMAL,0
tx26146_00005548,NORMAL,0
tx26146_00005549,NORMAL,0
tx26146_00005550,NORMAL,0
tx26146_00005551,NORMAL,0
tx26146_00005552,NORMAL,0
tx26146_00005553,NORMAL,0
tx26146_00005554,NORMAL,0
tx26146_00005555,NORMAL,0
tx26146_00005556,NORMAL,0
tx26146_00005557,NORMAL,0
tx26146_00005558,NORMAL,0
tx26146_00005559,NORMAL,0
tx26146_00005560,NORMAL,0
tx26146_00005561,NORMAL,0
tx26146_00005562,NORMAL,0
tx26146_00005563,NORMAL,0
tx26146_00005564,NORMAL,0
tx26146_00005565,NORMAL,0
tx26146_00005566,NORMAL,0
tx26146_00005567,NORMAL,0
tx26146_00005568,NORMAL,0
tx26146_00005569,NORMAL,0
tx26146_00005570,NORMAL,0
tx26146_00005571,NORMAL,0
tx26146_00005572,NORMAL,0
tx26146_00005573,NORMAL,0
tx26146_00005574,NORMAL,0
tx26146_00005575,NORMAL,0
tx26146_00005576,NORMAL,0
tx26146_00005577,NORMAL,0
tx26146_00005578,NORMAL,0
tx26146_00005579,NORMAL,0
tx26146_00005580,NORMAL,0
tx26146_00005581,NORMAL,0
tx26146_00005582,NORMAL,0
tx26146_00005583,NORMAL,0
tx26146_00005584,NORMAL,0
tx26146_00005585,NORMAL,0
tx26146_00005586,NORMAL,0
tx26146_00005587,NORMAL,0
tx26146_00005588,NORMAL,0
tx26146_00005589,NORMAL,0
tx26146_00005590,NORMAL,0
tx26146_00005591,NORMAL,0
tx26146_00005592,NORMAL,0
tx26146_00005593,NORMAL,0
tx26146_00005594,NORMAL,0
tx26146_00005595,NORMAL,0
tx26146_00005596,NORMAL,0
tx26146_00005597,NORMAL,0
tx26146_00005598,NORMAL,0
tx26146_00005599,NORMAL,0
tx26146_00005600,NORMAL,0
tx26146_00005601,NORMAL,0
tx26146_00005602,NORMAL,0
tx26146_00005603,NORMAL,0
tx26146_00005604,NORMAL,0
tx26146_00005605,NORMAL,0
tx26146_00005606,NORMAL,0
tx26146_00005607,NORMAL,0
tx26146_00005608,NORMAL,0
tx26146_00005609,NORMAL,0
tx26146_00005610,NORMAL,0
tx26146_00005611,NORMAL,0
tx26146_00005612,NORMAL,0
tx26146_00005613,NORMAL,0
tx26146_00005614,NORMAL,0
tx26146_00005615,NORMAL,0
tx26146_00005616,NORMAL,0
tx26146_00005617,NORMAL,0
tx26146_00005618,NORMAL,0
tx26146_00005619,NORMAL,0
tx26146_00005620,NORMAL,0
tx26146_00005621,NORMAL,0
tx26146_00005622,NORMAL,0
tx26146_00005623,NORMAL,0
tx26146_00005624,NORMAL,0
tx26146_00005625,NORMAL,0
tx26146_00005626,NORMAL,0
tx26146_00005627,NORMAL,0
tx26146_00005628,NORMAL,0
tx26146_00005629,NORMAL,0
tx26146_00005630,NORMAL,0
tx26146_00005631,NORMAL,0
tx26146_00005632,NORMAL,0
tx26146_00005633,NORMAL,0
tx26146_00005634,NORMAL,0
tx26146_00005635,NORMAL,0
tx26146_00005636,NORMAL,0
tx26146_00005637,NORMAL,0
tx26146_00005638,NORMAL,0
tx26146_00005639,NORMAL,0
tx26146_00005640,NORMAL,0
tx26146_00005641,NORMAL,0
tx26146_00005642,NORMAL,0
tx26146_00005643,NORMAL,0
tx26146_00005644,NORMAL,0
tx26146_00005645,NORMAL,0
tx26146_00005646,NORMAL,0
tx26146_00005647,NORMAL,0
tx26146_00005648,NORMAL,0
tx26146_00005649,NORMAL,0
tx26146_00005650,NORMAL,0
tx26146_00005651,NORMAL,0
tx26146_00005652,NORMAL,0
tx26146_00005653,NORMAL,0
tx26146_00005654,NORMAL,0
tx26146_00005655,NORMAL,0
tx26146_00005656,NORMAL,0
tx26146_00005657,NORMAL,0
tx26146_00005658,NORMAL,0
tx26146_00005659,NORMAL,0
tx26146_00005660,NORMAL,0
tx26146_00005661,NORMAL,0
tx26146_00005662,NORMAL,0
tx26146_00005663,NORMAL,0
tx26146_00005664,NORMAL,0
tx26146_00005665,NORMAL,0
tx26146_00005666,NORMAL,0
tx26146_00005667,NORMAL,0
tx26146_00005668,NORMAL,0
tx26146_00005669,NORMAL,0
tx26146_00005670,NORMAL,0
tx26146_00005671,NORMAL,0
tx26146_00005672,NORMAL,0
tx26146_00005673,NORMAL,0
tx26146_00005674,NORMAL,0
tx26146_00005675,NORMAL,0
tx26146_00005676,NORMAL,0
tx26146_00005677,NORMAL,0
tx26146_00005678,NORMAL,0
tx26146_00005679,NORMAL,0
tx26146_00005680,NORMAL,0
tx26146_00005681,NORMAL,0
tx26146_00005682,NORMAL,0
tx26146_00005683,NORMAL,0
tx26146_00005684,NORMAL,0
tx26146_00005685,NORMAL,0
tx26146_00005686,NORMAL,0
tx26146_00005687,NORMAL,0
tx26146_00005688,NORMAL,0
tx26146_00005689,NORMAL,0
tx26146_00005690,NORMAL,0
tx26146_00005691,NORMAL,0
tx26146_00005692,NORMAL,0
tx26146_00005693,NORMAL,0
tx26146_00005694,NORMAL,0
tx26146_00005695,NORMAL,0
tx26146_00005696,NORMAL,0
tx26146_00005697,NORMAL,0
tx26146_00005698,NORMAL,0
tx26146_00005699,NORMAL,0
tx26146_00005700,NORMAL,0
tx26146_00005701,NORMAL,0
tx26146_00005702,NORMAL,0
tx26146_00005703,NORMAL,0
tx26146_00005704,NORMAL,0
tx26146_00005705,NORMAL,0
tx26146_00005706,NORMAL,0
tx26146_00005707,NORMAL,0
tx26146_00005708,NORMAL,0
tx26146_00005709,NORMAL,0
tx26146_00005710,NORMAL,0
tx26146_00005711,NORMAL,0
tx26146_00005712,NORMAL,0
tx26146_00005713,NORMAL,0
tx26146_00005714,NORMAL,0
tx26146_00005715,NORMAL,0
tx26146_00005716,NORMAL,0
tx26146_00005717,NORMAL,0
tx26146_00005718,NORMAL,0
tx26146_00005719,NORMAL,0
tx26146_00005720,NORMAL,0
tx26146_00005721,NORMAL,0
tx26146_00005722,NORMAL,0
tx26146_00005723,NORMAL,0
tx26146_00005724,NORMAL,0
tx26146_00005725,NORMAL,0
tx26146_00005726,NORMAL,0
tx26146_00005727,NORMAL,0
tx26146_00005728,NORMAL,0
tx26146_00005729,NORMAL,0
tx26146_00005730,NORMAL,0
tx26146_00005731,NORMAL,0
tx26146_00005732,NORMAL,0
tx26146_00005733,NORMAL,0
tx26146_00005734,NORMAL,0
tx26146_00005735,NORMAL,0
tx26146_00005736,NORMAL,0
tx26146_00005737,NORMAL,0
tx26146_00005738,NORMAL,0
tx26146_00005739,NORMAL,0
tx26146_00005740,NORMAL,0
tx26146_00005741,NORMAL,0
tx26146_00005742,NORMAL,0
tx26146_00005743,NORMAL,0
tx26146_00005744,NORMAL,0
tx26146_00005745,NORMAL,0
tx26146_00005746,NORMAL,0
tx26146_00005747,NORMAL,0
tx26146_00005748,NORMAL,0
tx26146_00005749,NORMAL,0
tx26146_00005750,NORMAL,0
tx26146_00005751,NORMAL,0
tx26146_00005752,NORMAL,0
tx26146_00005753,NORMAL,0
tx26146_00005754,NORMAL,0
tx26146_00005755,NORMAL,0
tx26146_00005756,NORMAL,0
tx26146_00005757,NORMAL,0
tx26146_00005758,NORMAL,0
tx26146_00005759,NORMAL,0
tx26146_00005760,NORMAL,0
tx26146_00005761,NORMAL,0
tx26146_00005762,NORMAL,0
tx26146_00005763,NORMAL,0
tx26146_00005764,NORMAL,0
tx26146_00005765,NORMAL,0
tx26146_00005766,NORMAL,0
tx26146_00005767,NORMAL,0
tx26146_00005768,NORMAL,0
tx26146_00005769,NORMAL,0
tx26146_00005770,NORMAL,0
tx26146_00005771,NORMAL,0
tx26146_00005772,NORMAL,0
tx26146_00005773,NORMAL,0
tx26146_00005774,NORMAL,0
tx26146_00005775,NORMAL,0
tx26146_00005776,NORMAL,0
tx26146_00005777,NORMAL,0
tx26146_00005778,NORMAL,0
tx26146_00005779,NORMAL,0
tx26146_00005780,NORMAL,0
tx26146_00005781,NORMAL,0
tx26146_00005782,NORMAL,0
tx26146_00005783,NORMAL,0
tx26146_00005784,NORMAL,0
tx26146_00005785,NORMAL,0
tx26146_00005786,NORMAL,0
tx26146_00005787,NORMAL,0
tx26146_00005788,NORMAL,0
tx26146_00005789,NORMAL,0
tx26146_00005790,NORMAL,0
tx26146_00005791,NORMAL,0
tx26146_00005792,NORMAL,0
tx26146_00005793,NORMAL,0
tx26146_00005794,NORMAL,0
tx26146_00005795,NORMAL,0
tx26146_00005796,NORMAL,0
tx26146_00005797,NORMAL,0
tx26146_00005798,NORMAL,0
tx26146_00005799,NORMAL,0
tx26146_00005800,NORMAL,0
tx26146_00005801,NORMAL,0
tx26146_00005802,NORMAL,0
tx26146_00005803,NORMAL,0
tx26146_00005804,NORMAL,0
tx26146_00005805,NORMAL,0
tx26146_00005806,NORMAL,0
tx26146_00005807,NORMAL,0
tx26146_00005808,NORMAL,0
tx26146_00005809,NORMAL,0
tx26146_00005810,NORMAL,0
tx26146_00005811,NORMAL,0
tx26146_00005812,NORMAL,0
tx26146_00005813,NORMAL,0
tx26146_00005814,NORMAL,0
tx26146_00005815,NORMAL,0
tx26146_00005816,NORMAL,0
tx26146_00005817,NORMAL,0
tx26146_00005818,NORMAL,0
tx26146_00005819,NORMAL,0
tx26146_00005820,NORMAL,0
tx26146_00005821,NORMAL,0
tx26146_00005822,NORMAL,0
tx26146_00005823,NORMAL,0
tx26146_00005824,NORMAL,0
tx26146_00005825,NORMAL,0
tx26146_00005826,NORMAL,0
tx26146_00005827,NORMAL,0
tx26146_00005828,NORMAL,0
tx26146_00005829,NORMAL,0
tx26146_00005830,NORMAL,0
tx26146_00005831,NORMAL,0
tx26146_00005832,NORMAL,0
tx26146_00005833,NORMAL,0
tx26146_00005834,NORMAL,0
tx26146_00005835,NORMAL,0
tx26146_00005836,NORMAL,0
tx26146_00005837,NORMAL,0
tx26146_00005838,NORMAL,0
tx26146_00005839,NORMAL,0
tx26146_00005840,NORMAL,0
tx26146_00005841,NORMAL,0
tx26146_00005842,NORMAL,0
tx26146_00005843,NORMAL,0
tx26146_00005844,NORMAL,0
tx26146_00005845,NORMAL,0
tx26146_00005846,NORMAL,0
tx26146_00005847,NORMAL,0
tx26146_00005848,NORMAL,0
tx26146_00005849,NORMAL,0
tx26146_00005850,NORMAL,0
tx26146_00005851,NORMAL,0
tx26146_00005852,NORMAL,0
tx26146_00005853,NORMAL,0
tx26146_00005854,NORMAL,0
tx26146_00005855,NORMAL,0
tx26146_00005856,NORMAL,0
tx26146_00005857,NORMAL,0
tx26146_00005858,NORMAL,0
tx26146_00005859,NORMAL,0
tx26146_00005860,NORMAL,0
tx26146_00005861,NORMAL,0
tx26146_00005862,NORMAL,0
tx26146_00005863,NORMAL,0
tx26146_00005864,NORMAL,0
tx26146_00005865,NORMAL,0
tx26146_00005866,NORMAL,0
tx26146_00005867,NORMAL,0
tx26146_00005868,NORMAL,0
tx26146_00005869,NORMAL,0
tx26146_00005870,NORMAL,0
tx26146_00005871,NORMAL,0
tx26146_00005872,NORMAL,0
tx26146_00005873,NORMAL,0
tx26146_00005874,NORMAL,0
tx26146_00005875,NORMAL,0
tx26146_00005876,NORMAL,0
tx26146_00005877,NORMAL,0
tx26146_00005878,NORMAL,0
tx26146_00005879,NORMAL,0
tx26146_00005880,NORMAL,0
tx26146_00005881,NORMAL,0
tx26146_00005882,NORMAL,0
tx26146_00005883,NORMAL,0
tx26146_00005884,NORMAL,0
tx26146_00005885,NORMAL,0
tx26146_00005886,NORMAL,0
tx26146_00005887,NORMAL,0
tx26146_00005888,NORMAL,0
tx26146_00005889,NORMAL,0
tx26146_00005890,NORMAL,0
tx26146_00005891,NORMAL,0
tx26146_00005892,NORMAL,0
tx26146_00005893,NORMAL,0
tx26146_00005894,NORMAL,0
tx26146_00005895,NORMAL,0
tx26146_00005896,NORMAL,0
tx26146_00005897,NORMAL,0
tx26146_00005898,NORMAL,0
tx26146_00005899,NORMAL,0
tx26146_00005900,NORMAL,0
tx26146_00005901,NORMAL,0
tx26146_00005902,NORMAL,0
tx26146_00005903,NORMAL,0
tx26146_00005904,NORMAL,0
tx26146_00005905,NORMAL,0
tx26146_00005906,NORMAL,0
tx26146_00005907,NORMAL,0
tx26146_00005908,NORMAL,0
tx26146_00005909,NORMAL,0
tx26146_00005910,NORMAL,0
tx26146_00005911,NORMAL,0
tx26146_00005912,NORMAL,0
tx26146_00005913,NORMAL,0
tx26146_00005914,NORMAL,0
tx26146_00005915,NORMAL,0
tx26146_00005916,NORMAL,0
tx26146_00005917,NORMAL,0
tx26146_00005918,NORMAL,0
tx26146_00005919,NORMAL,0
tx26146_00005920,NORMAL,0
tx26146_00005921,NORMAL,0
tx26146_00005922,NORMAL,0
tx26146_00005923,NORMAL,0
tx26146_00005924,NORMAL,0
tx26146_00005925,NORMAL,0
tx26146_00005926,NORMAL,0
tx26146_00005927,NORMAL,0
tx26146_00005928,NORMAL,0
tx26146_00005929,NORMAL,0
tx26146_00005930,NORMAL,0
tx26146_00005931,NORMAL,0
tx26146_00005932,NORMAL,0
tx26146_00005933,NORMAL,0
tx26146_00005934,NORMAL,0
tx26146_00005935,NORMAL,0
tx26146_00005936,NORMAL,0
tx26146_00005937,NORMAL,0
tx26146_00005938,NORMAL,0
tx26146_00005939,NORMAL,0
tx26146_00005940,NORMAL,0
tx26146_00005941,NORMAL,0
tx26146_00005942,NORMAL,0
tx26146_00005943,NORMAL,0
tx26146_00005944,NORMAL,0
tx26146_00005945,NORMAL,0
tx26146_00005946,NORMAL,0
tx26146_00005947,NORMAL,0
tx26146_00005948,NORMAL,0
tx26146_00005949,NORMAL,0
tx26146_00005950,NORMAL,0
tx26146_00005951,NORMAL,0
tx26146_00005952,NORMAL,0
tx26146_00005953,NORMAL,0
tx26146_00005954,NORMAL,0
tx26146_00005955,NORMAL,0
tx26146_00005956,NORMAL,0
tx26146_00005957,NORMAL,0
tx26146_00005958,NORMAL,0
tx26146_00005959,NORMAL,0
tx26146_00005960,NORMAL,0
tx26146_00005961,NORMAL,0
tx26146_00005962,NORMAL,0
tx26146_00005963,NORMAL,0
tx26146_00005964,NORMAL,0
tx26146_00005965,NORMAL,0
tx26146_00005966,NORMAL,0
tx26146_00005967,NORMAL,0
tx26146_00005968,NORMAL,0
tx26146_00005969,NORMAL,0
tx26146_00005970,NORMAL,0
tx26146_00005971,NORMAL,0
tx26146_00005972,NORMAL,0
tx26146_00005973,NORMAL,0
tx26146_00005974,NORMAL,0
tx26146_00005975,NORMAL,0
tx26146_00005976,NORMAL,0
tx26146_00005977,NORMAL,0
tx26146_00005978,NORMAL,0
tx26146_00005979,NORMAL,0
tx26146_00005980,NORMAL,0
tx26146_00005981,NORMAL,0
tx26146_00005982,NORMAL,0
tx26146_00005983,NORMAL,0
tx26146_00005984,NORMAL,0
tx26146_00005985,NORMAL,0
tx26146_00005986,NORMAL,0
tx26146_00005987,NORMAL,0
tx26146_00005988,NORMAL,0
tx26146_00005989,NORMAL,0
tx26146_00005990,NORMAL,0
tx26146_00005991,NORMAL,0
tx26146_00005992,NORMAL,0
tx26146_00005993,NORMAL,0
tx26146_00005994,NORMAL,0
tx26146_00005995,NORMAL,0
tx26146_00005996,NORMAL,0
tx26146_00005997,NORMAL,0
tx26146_00005998,NORMAL,0
tx26146_00005999,NORMAL,0
tx26146_00006000,NORMAL,0
tx26146_00006001,NORMAL,0
tx26146_00006002,NORMAL,0
tx26146_00006003,NORMAL,0
tx26146_00006004,NORMAL,0
tx26146_00006005,NORMAL,0
tx26146_00006006,NORMAL,0
tx26146_00006007,NORMAL,0
tx26146_00006008,NORMAL,0
tx26146_00006009,NORMAL,0
tx26146_00006010,NORMAL,0
tx26146_00006011,NORMAL,0
tx26146_00006012,NORMAL,0
tx26146_00006013,NORMAL,0
tx26146_00006014,NORMAL,0
tx26146_00006015,NORMAL,0
tx26146_00006016,NORMAL,0
tx26146_00006017,NORMAL,0
tx26146_00006018,NORMAL,0
tx26146_00006019,NORMAL,0
tx26146_00006020,NORMAL,0
tx26146_00006021,NORMAL,0
tx26146_00006022,NORMAL,0
tx26146_00006023,NORMAL,0
tx26146_00006024,NORMAL,0
tx26146_00006025,NORMAL,0
tx26146_00006026,NORMAL,0
tx26146_00006027,NORMAL,0
tx26146_00006028,NORMAL,0
tx26146_00006029,NORMAL,0
tx26146_00006030,NORMAL,0
tx26146_00006031,NORMAL,0
tx26146_00006032,NORMAL,0
tx26146_00006033,NORMAL,0
tx26146_00006034,NORMAL,0
tx26146_00006035,NORMAL,0
tx26146_00006036,NORMAL,0
tx26146_00006037,NORMAL,0
tx26146_00006038,NORMAL,0
tx26146_00006039,NORMAL,0
tx26146_00006040,NORMAL,0
tx26146_00006041,NORMAL,0
tx26146_00006042,NORMAL,0
tx26146_00006043,NORMAL,0
tx26146_00006044,NORMAL,0
tx26146_00006045,NORMAL,0
tx26146_00006046,NORMAL,0
tx26146_00006047,NORMAL,0
tx26146_00006048,NORMAL,0
tx26146_00006049,NORMAL,0
tx26146_00006050,NORMAL,0
tx26146_00006051,NORMAL,0
tx26146_00006052,NORMAL,0
tx26146_00006053,NORMAL,0
tx26146_00006054,NORMAL,0
tx26146_00006055,NORMAL,0
tx26146_00006056,NORMAL,0
tx26146_00006057,NORMAL,0
tx26146_00006058,NORMAL,0
tx26146_00006059,NORMAL,0
tx26146_00006060,NORMAL,0
tx26146_00006061,NORMAL,0
tx26146_00006062,NORMAL,0
tx26146_00006063,NORMAL,0
tx26146_00006064,NORMAL,0
tx26146_00006065,NORMAL,0
tx26146_00006066,NORMAL,0
tx26146_00006067,NORMAL,0
tx26146_00006068,NORMAL,0
tx26146_00006069,NORMAL,0
tx26146_00006070,NORMAL,0
tx26146_00006071,NORMAL,0
tx26146_00006072,NORMAL,0
tx26146_00006073,NORMAL,0
tx26146_00006074,NORMAL,0
tx26146_00006075,NORMAL,0
tx26146_00006076,NORMAL,0
tx26146_00006077,NORMAL,0
tx26146_00006078,NORMAL,0
tx26146_00006079,NORMAL,0
tx26146_00006080,NORMAL,0
tx26146_00006081,NORMAL,0
tx26146_00006082,NORMAL,0
tx26146_00006083,NORMAL,0
tx26146_00006084,NORMAL,0
tx26146_00006085,NORMAL,0
tx26146_00006086,NORMAL,0
tx26146_00006087,NORMAL,0
tx26146_00006088,NORMAL,0
tx26146_00006089,NORMAL,0
tx26146_00006090,NORMAL,0
tx26146_00006091,NORMAL,0
tx26146_00006092,NORMAL,0
tx26146_00006093,NORMAL,0
tx26146_00006094,NORMAL,0
tx26146_00006095,NORMAL,0
tx26146_00006096,NORMAL,0
tx26146_00006097,NORMAL,0
tx26146_00006098,NORMAL,0
tx26146_00006099,NORMAL,0
tx26146_00006100,NORMAL,0
tx26146_00006101,NORMAL,0
tx26146_00006102,NORMAL,0
tx26146_00006103,NORMAL,0
tx26146_00006104,NORMAL,0
tx26146_00006105,NORMAL,0
tx26146_00006106,NORMAL,0
tx26146_00006107,NORMAL,0
tx26146_00006108,NORMAL,0
tx26146_00006109,NORMAL,0
tx26146_00006110,NORMAL,0
tx26146_00006111,NORMAL,0
tx26146_00006112,NORMAL,0
tx26146_00006113,NORMAL,0
tx26146_00006114,NORMAL,0
tx26146_00006115,NORMAL,0
tx26146_00006116,NORMAL,0
tx26146_00006117,NORMAL,0
tx26146_00006118,NORMAL,0
tx26146_00006119,NORMAL,0
tx26146_00006120,NORMAL,0
tx26146_00006121,NORMAL,0
tx26146_00006122,NORMAL,0
tx26146_00006123,NORMAL,0
tx26146_00006124,NORMAL,0
tx26146_00006125,NORMAL,0
tx26146_00006126,NORMAL,0
tx26146_00006127,NORMAL,0
tx26146_00006128,NORMAL,0
tx26146_00006129,NORMAL,0
tx26146_00006130,NORMAL,0
tx26146_00006131,NORMAL,0
tx26146_00006132,NORMAL,0
tx26146_00006133,NORMAL,0
tx26146_00006134,NORMAL,0
tx26146_00006135,NORMAL,0
tx26146_00006136,NORMAL,0
tx26146_00006137,NORMAL,0
tx26146_00006138,NORMAL,0
tx26146_00006139,NORMAL,0
tx26146_00006140,NORMAL,0
tx26146_00006141,NORMAL,0
tx26146_00006142,NORMAL,0
tx26146_00006143,NORMAL,0
tx26146_00006144,NORMAL,0
tx26146_00006145,NORMAL,0
tx26146_00006146,NORMAL,0
tx26146_00006147,NORMAL,0
tx26146_00006148,NORMAL,0
tx26146_00006149,NORMAL,0
tx26146_00006150,NORMAL,0
tx26146_00006151,NORMAL,0
tx26146_00006152,NORMAL,0
tx26146_00006153,NORMAL,0
tx26146_00006154,NORMAL,0
tx26146_00006155,NORMAL,0
tx26146_00006156,NORMAL,0
tx26146_00006157,NORMAL,0
tx26146_00006158,NORMAL,0
tx26146_00006159,NORMAL,0
tx26146_00006160,NORMAL,0
tx26146_00006161,NORMAL,0
tx26146_00006162,NORMAL,0
tx26146_00006163,NORMAL,0
tx26146_00006164,NORMAL,0
tx26146_00006165,NORMAL,0
tx26146_00006166,NORMAL,0
tx26146_00006167,NORMAL,0
tx26146_00006168,NORMAL,0
tx26146_00006169,NORMAL,0
tx26146_00006170,NORMAL,0
tx26146_00006171,NORMAL,0
tx26146_00006172,NORMAL,0
tx26146_00006173,NORMAL,0
tx26146_00006174,NORMAL,0
tx26146_00006175,NORMAL,0
tx26146_00006176,NORMAL,0
tx26146_00006177,NORMAL,0
tx26146_00006178,NORMAL,0
tx26146_00006179,NORMAL,0
tx26146_00006180,NORMAL,0
tx26146_00006181,NORMAL,0
tx26146_00006182,NORMAL,0
tx26146_00006183,NORMAL,0
tx26146_00006184,NORMAL,0
tx26146_00006185,NORMAL,0
tx26146_00006186,NORMAL,0
tx26146_00006187,NORMAL,0
tx26146_00006188,NORMAL,0
tx26146_00006189,NORMAL,0
tx26146_00006190,NORMAL,0
tx26146_00006191,NORMAL,0
tx26146_00006192,NORMAL,0
tx26146_00006193,NORMAL,0
tx26146_00006194,NORMAL,0
tx26146_00006195,NORMAL,0
tx26146_00006196,NORMAL,0
tx26146_00006197,NORMAL,0
tx26146_00006198,NORMAL,0
tx26146_00006199,NORMAL,0
tx26146_00006200,NORMAL,0
tx26146_00006201,NORMAL,0
tx26146_00006202,NORMAL,0
tx26146_00006203,NORMAL,0
tx26146_00006204,NORMAL,0
tx26146_00006205,NORMAL,0
tx26146_00006206,NORMAL,0
tx26146_00006207,NORMAL,0
tx26146_00006208,NORMAL,0
tx26146_00006209,NORMAL,0
tx26146_00006210,NORMAL,0
tx26146_00006211,NORMAL,0
tx26146_00006212,NORMAL,0
tx26146_00006213,NORMAL,0
tx26146_00006214,NORMAL,0
tx26146_00006215,NORMAL,0
tx26146_00006216,NORMAL,0
tx26146_00006217,NORMAL,0
tx26146_00006218,NORMAL,0
tx26146_00006219,NORMAL,0
tx26146_00006220,NORMAL,0
tx26146_00006221,NORMAL,0
tx26146_00006222,NORMAL,0
tx26146_00006223,NORMAL,0
tx26146_00006224,NORMAL,0
tx26146_00006225,NORMAL,0
tx26146_00006226,NORMAL,0
tx26146_00006227,NORMAL,0
tx26146_00006228,NORMAL,0
tx26146_00006229,NORMAL,0
tx26146_00006230,NORMAL,0
tx26146_00006231,NORMAL,0
tx26146_00006232,NORMAL,0
tx26146_00006233,NORMAL,0
tx26146_00006234,NORMAL,0
tx26146_00006235,NORMAL,0
tx26146_00006236,NORMAL,0
tx26146_00006237,NORMAL,0
tx26146_00006238,NORMAL,0
tx26146_00006239,NORMAL,0
tx26146_00006240,NORMAL,0
tx26146_00006241,NORMAL,0
tx26146_00006242,NORMAL,0
tx26146_00006243,NORMAL,0
tx26146_00006244,NORMAL,0
tx26146_00006245,NORMAL,0
tx26146_00006246,NORMAL,0
tx26146_00006247,NORMAL,0
tx26146_00006248,NORMAL,0
tx26146_00006249,NORMAL,0
tx26146_00006250,NORMAL,0
tx26146_00006251,NORMAL,0
tx26146_00006252,NORMAL,0
tx26146_00006253,NORMAL,0
tx26146_00006254,NORMAL,0
tx26146_00006255,NORMAL,0
tx26146_00006256,NORMAL,0
tx26146_00006257,NORMAL,0
tx26146_00006258,NORMAL,0
tx26146_00006259,NORMAL,0
tx26146_00006260,NORMAL,0
tx26146_00006261,NORMAL,0
tx26146_00006262,NORMAL,0
tx26146_00006263,NORMAL,0
tx26146_00006264,NORMAL,0
tx26146_00006265,NORMAL,0
tx26146_00006266,NORMAL,0
tx26146_00006267,NORMAL,0
tx26146_00006268,NORMAL,0
tx26146_00006269,NORMAL,0
tx26146_00006270,NORMAL,0
tx26146_00006271,NORMAL,0
tx26146_00006272,NORMAL,0
tx26146_00006273,NORMAL,0
tx26146_00006274,NORMAL,0
tx26146_00006275,NORMAL,0
tx26146_00006276,NORMAL,0
tx26146_00006277,NORMAL,0
tx26146_00006278,NORMAL,0
tx26146_00006279,NORMAL,0
tx26146_00006280,NORMAL,0
tx26146_00006281,NORMAL,0
tx26146_00006282,NORMAL,0
tx26146_00006283,NORMAL,0
tx26146_00006284,NORMAL,0
tx26146_00006285,NORMAL,0
tx26146_00006286,NORMAL,0
tx26146_00006287,NORMAL,0
tx26146_00006288,NORMAL,0
tx26146_00006289,NORMAL,0
tx26146_00006290,NORMAL,0
tx26146_00006291,NORMAL,0
tx26146_00006292,NORMAL,0
tx26146_00006293,NORMAL,0
tx26146_00006294,NORMAL,0
tx26146_00006295,NORMAL,0
tx26146_00006296,NORMAL,0
tx26146_00006297,NORMAL,0
tx26146_00006298,NORMAL,0
tx26146_00006299,NORMAL,0
tx26146_00006300,NORMAL,0
tx26146_00006301,NORMAL,0
tx26146_00006302,NORMAL,0
tx26146_00006303,NORMAL,0
tx26146_00006304,NORMAL,0
tx26146_00006305,NORMAL,0
tx26146_00006306,NORMAL,0
tx26146_00006307,NORMAL,0
tx26146_00006308,NORMAL,0
tx26146_00006309,NORMAL,0
tx26146_00006310,NORMAL,0
tx26146_00006311,NORMAL,0
tx26146_00006312,NORMAL,0
tx26146_00006313,NORMAL,0
tx26146_00006314,NORMAL,0
tx26146_00006315,NORMAL,0
tx26146_00006316,NORMAL,0
tx26146_00006317,NORMAL,0
tx26146_00006318,NORMAL,0
tx26146_00006319,NORMAL,0
tx26146_00006320,NORMAL,0
tx26146_00006321,NORMAL,0
tx26146_00006322,NORMAL,0
tx26146_00006323,NORMAL,0
tx26146_00006324,NORMAL,0
tx26146_00006325,NORMAL,0
tx26146_00006326,NORMAL,0
tx26146_00006327,NORMAL,0
tx26146_00006328,NORMAL,0
tx26146_00006329,NORMAL,0
tx26146_00006330,NORMAL,0
tx26146_00006331,NORMAL,0
tx26146_00006332,NORMAL,0
tx26146_00006333,NORMAL,0
tx26146_00006334,NORMAL,0
tx26146_00006335,NORMAL,0
tx26146_00006336,NORMAL,0
tx26146_00006337,NORMAL,0
tx26146_00006338,NORMAL,0
tx26146_00006339,NORMAL,0
tx26146_00006340,NORMAL,0
tx26146_00006341,NORMAL,0
tx26146_00006342,NORMAL,0
tx26146_00006343,NORMAL,0
tx26146_00006344,NORMAL,0
tx26146_00006345,NORMAL,0
tx26146_00006346,NORMAL,0
tx26146_00006347,NORMAL,0
tx26146_00006348,NORMAL,0
tx26146_00006349,NORMAL,0
tx26146_00006350,NORMAL,0
tx26146_00006351,NORMAL,0
tx26146_00006352,NORMAL,0
tx26146_00006353,NORMAL,0
tx26146_00006354,NORMAL,0
tx26146_00006355,NORMAL,0
tx26146_00006356,NORMAL,0
tx26146_00006357,NORMAL,0
tx26146_00006358,NORMAL,0
tx26146_00006359,NORMAL,0
tx26146_00006360,NORMAL,0
tx26146_00006361,NORMAL,0
tx26146_00006362,NORMAL,0
tx26146_00006363,NORMAL,0
tx26146_00006364,NORMAL,0
tx26146_00006365,NORMAL,0
tx26146_00006366,NORMAL,0
tx26146_00006367,NORMAL,0
tx26146_00006368,NORMAL,0
tx26146_00006369,NORMAL,0
tx26146_00006370,NORMAL,0
tx26146_00006371,NORMAL,0
tx26146_00006372,NORMAL,0
tx26146_00006373,NORMAL,0
tx26146_00006374,NORMAL,0
tx26146_00006375,NORMAL,0
tx26146_00006376,NORMAL,0
tx26146_00006377,NORMAL,0
tx26146_00006378,NORMAL,0
tx26146_00006379,NORMAL,0
tx26146_00006380,NORMAL,0
tx26146_00006381,NORMAL,0
tx26146_00006382,NORMAL,0
tx26146_00006383,NORMAL,0
tx26146_00006384,NORMAL,0
tx26146_00006385,NORMAL,0
tx26146_00006386,NORMAL,0
tx26146_00006387,NORMAL,0
tx26146_00006388,NORMAL,0
tx26146_00006389,NORMAL,0
tx26146_00006390,NORMAL,0
tx26146_00006391,NORMAL,0
tx26146_00006392,NORMAL,0
tx26146_00006393,NORMAL,0
tx26146_00006394,NORMAL,0
tx26146_00006395,NORMAL,0
tx26146_00006396,NORMAL,0
tx26146_00006397,NORMAL,0
tx26146_00006398,NORMAL,0
tx26146_00006399,NORMAL,0
tx26146_00006400,NORMAL,0
tx26146_00006401,NORMAL,0
tx26146_00006402,NORMAL,0
tx26146_00006403,NORMAL,0
tx26146_00006404,NORMAL,0
tx26146_00006405,NORMAL,0
tx26146_00006406,NORMAL,0
tx26146_00006407,NORMAL,0
tx26146_00006408,NORMAL,0
tx26146_00006409,NORMAL,0
tx26146_00006410,NORMAL,0
tx26146_00006411,NORMAL,0
tx26146_00006412,NORMAL,0
tx26146_00006413,NORMAL,0
tx26146_00006414,NORMAL,0
tx26146_00006415,NORMAL,0
tx26146_00006416,NORMAL,0
tx26146_00006417,NORMAL,0
tx26146_00006418,NORMAL,0
tx26146_00006419,NORMAL,0
tx26146_00006420,NORMAL,0
tx26146_00006421,NORMAL,0
tx26146_00006422,NORMAL,0
tx26146_00006423,NORMAL,0
tx26146_00006424,NORMAL,0
tx26146_00006425,NORMAL,0
tx26146_00006426,NORMAL,0
tx26146_00006427,NORMAL,0
tx26146_00006428,NORMAL,0
tx26146_00006429,NORMAL,0
tx26146_00006430,NORMAL,0
tx26146_00006431,NORMAL,0
tx26146_00006432,NORMAL,0
tx26146_00006433,NORMAL,0
tx26146_00006434,NORMAL,0
tx26146_00006435,NORMAL,0
tx26146_00006436,NORMAL,0
tx26146_00006437,NORMAL,0
tx26146_00006438,NORMAL,0
tx26146_00006439,NORMAL,0
tx26146_00006440,NORMAL,0
tx26146_00006441,NORMAL,0
tx26146_00006442,NORMAL,0
tx26146_00006443,NORMAL,0
tx26146_00006444,NORMAL,0
tx26146_00006445,NORMAL,0
tx26146_00006446,NORMAL,0
tx26146_00006447,NORMAL,0
tx26146_00006448,NORMAL,0
tx26146_00006449,NORMAL,0
tx26146_00006450,NORMAL,0
tx26146_00006451,NORMAL,0
tx26146_00006452,NORMAL,0
tx26146_00006453,NORMAL,0
tx26146_00006454,NORMAL,0
tx26146_00006455,NORMAL,0
tx26146_00006456,NORMAL,0
tx26146_00006457,NORMAL,0
tx26146_00006458,NORMAL,0
tx26146_00006459,NORMAL,0
tx26146_00006460,NORMAL,0
tx26146_00006461,NORMAL,0
tx26146_00006462,NORMAL,0
tx26146_00006463,NORMAL,0
tx26146_00006464,NORMAL,0
tx26146_00006465,NORMAL,0
tx26146_00006466,NORMAL,0
tx26146_00006467,NORMAL,0
tx26146_00006468,NORMAL,0
tx26146_00006469,NORMAL,0
tx26146_00006470,NORMAL,0
tx26146_00006471,NORMAL,0
tx26146_00006472,NORMAL,0
tx26146_00006473,NORMAL,0
tx26146_00006474,NORMAL,0
tx26146_00006475,NORMAL,0
tx26146_00006476,NORMAL,0
tx26146_00006477,NORMAL,0
tx26146_00006478,NORMAL,0
tx26146_00006479,NORMAL,0
tx26146_00006480,NORMAL,0
tx26146_00006481,NORMAL,0
tx26146_00006482,NORMAL,0
tx26146_00006483,NORMAL,0
tx26146_00006484,NORMAL,0
tx26146_00006485,NORMAL,0
tx26146_00006486,NORMAL,0
tx26146_00006487,NORMAL,0
tx26146_00006488,NORMAL,0
tx26146_00006489,NORMAL,0
tx26146_00006490,NORMAL,0
tx26146_00006491,NORMAL,0
tx26146_00006492,NORMAL,0
tx26146_00006493,NORMAL,0
tx26146_00006494,NORMAL,0
tx26146_00006495,NORMAL,0
tx26146_00006496,NORMAL,0
tx26146_00006497,NORMAL,0
tx26146_00006498,NORMAL,0
tx26146_00006499,NORMAL,0
tx26146_00006500,NORMAL,0
tx26146_00006501,NORMAL,0
tx26146_00006502,NORMAL,0
tx26146_00006503,NORMAL,0
tx26146_00006504,NORMAL,0
tx26146_00006505,NORMAL,0
tx26146_00006506,NORMAL,0
tx26146_00006507,NORMAL,0
tx26146_00006508,NORMAL,0
tx26146_00006509,NORMAL,0
tx26146_00006510,NORMAL,0
tx26146_00006511,NORMAL,0
tx26146_00006512,NORMAL,0
tx26146_00006513,NORMAL,0
tx26146_00006514,NORMAL,0
tx26146_00006515,NORMAL,0
tx26146_00006516,NORMAL,0
tx26146_00006517,NORMAL,0
tx26146_00006518,NORMAL,0
tx26146_00006519,NORMAL,0
tx26146_00006520,NORMAL,0
tx26146_00006521,NORMAL,0
tx26146_00006522,NORMAL,0
tx26146_00006523,NORMAL,0
tx26146_00006524,NORMAL,0
tx26146_00006525,NORMAL,0
tx26146_00006526,NORMAL,0
tx26146_00006527,NORMAL,0
tx26146_00006528,NORMAL,0
tx26146_00006529,NORMAL,0
tx26146_00006530,NORMAL,0
tx26146_00006531,NORMAL,0
tx26146_00006532,NORMAL,0
tx26146_00006533,NORMAL,0
tx26146_00006534,NORMAL,0
tx26146_00006535,NORMAL,0
tx26146_00006536,NORMAL,0
tx26146_00006537,NORMAL,0
tx26146_00006538,NORMAL,0
tx26146_00006539,NORMAL,0
tx26146_00006540,NORMAL,0
tx26146_00006541,NORMAL,0
tx26146_00006542,NORMAL,0
tx26146_00006543,NORMAL,0
tx26146_00006544,NORMAL,0
tx26146_00006545,NORMAL,0
tx26146_00006546,NORMAL,0
tx26146_00006547,NORMAL,0
tx26146_00006548,NORMAL,0
tx26146_00006549,NORMAL,0
tx26146_00006550,NORMAL,0
tx26146_00006551,NORMAL,0
tx26146_00006552,NORMAL,0
tx26146_00006553,NORMAL,0
tx26146_00006554,NORMAL,0
tx26146_00006555,NORMAL,0
tx26146_00006556,NORMAL,0
tx26146_00006557,NORMAL,0
tx26146_00006558,NORMAL,0
tx26146_00006559,NORMAL,0
tx26146_00006560,NORMAL,0
tx26146_00006561,NORMAL,0
tx26146_00006562,NORMAL,0
tx26146_00006563,NORMAL,0
tx26146_00006564,NORMAL,0
tx26146_00006565,NORMAL,0
tx26146_00006566,NORMAL,0
tx26146_00006567,NORMAL,0
tx26146_00006568,NORMAL,0
tx26146_00006569,NORMAL,0
tx26146_00006570,NORMAL,0
tx26146_00006571,NORMAL,0
tx26146_00006572,NORMAL,0
tx26146_00006573,NORMAL,0
tx26146_00006574,NORMAL,0
tx26146_00006575,NORMAL,0
tx26146_00006576,NORMAL,0
tx26146_00006577,NORMAL,0
tx26146_00006578,NORMAL,0
tx26146_00006579,NORMAL,0
tx26146_00006580,NORMAL,0
tx26146_00006581,NORMAL,0
tx26146_00006582,NORMAL,0
tx26146_00006583,NORMAL,0
tx26146_00006584,NORMAL,0
tx26146_00006585,NORMAL,0
tx26146_00006586,NORMAL,0
tx26146_00006587,NORMAL,0
tx26146_00006588,NORMAL,0
tx26146_00006589,NORMAL,0
tx26146_00006590,NORMAL,0
tx26146_00006591,NORMAL,0
tx26146_00006592,NORMAL,0
tx26146_00006593,NORMAL,0
tx26146_00006594,NORMAL,0
tx26146_00006595,NORMAL,0
tx26146_00006596,NORMAL,0
tx26146_00006597,NORMAL,0
tx26146_00006598,NORMAL,0
tx26146_00006599,NORMAL,0
tx26146_00006600,NORMAL,0
tx26146_00006601,NORMAL,0
tx26146_00006602,NORMAL,0
tx26146_00006603,NORMAL,0
tx26146_00006604,NORMAL,0
tx26146_00006605,NORMAL,0
tx26146_00006606,NORMAL,0
tx26146_00006607,NORMAL,0
tx26146_00006608,NORMAL,0
tx26146_00006609,NORMAL,0
tx26146_00006610,NORMAL,0
tx26146_00006611,NORMAL,0
tx26146_00006612,NORMAL,0
tx26146_00006613,NORMAL,0
tx26146_00006614,NORMAL,0
tx26146_00006615,NORMAL,0
tx26146_00006616,NORMAL,0
tx26146_00006617,NORMAL,0
tx26146_00006618,NORMAL,0
tx26146_00006619,NORMAL,0
tx26146_00006620,NORMAL,0
tx26146_00006621,NORMAL,0
tx26146_00006622,NORMAL,0
tx26146_00006623,NORMAL,0
tx26146_00006624,NORMAL,0
tx26146_00006625,NORMAL,0
tx26146_00006626,NORMAL,0
tx26146_00006627,NORMAL,0
tx26146_00006628,NORMAL,0
tx26146_00006629,NORMAL,0
tx26146_00006630,NORMAL,0
tx26146_00006631,NORMAL,0
tx26146_00006632,NORMAL,0
tx26146_00006633,NORMAL,0
tx26146_00006634,NORMAL,0
tx26146_00006635,NORMAL,0
tx26146_00006636,NORMAL,0
tx26146_00006637,NORMAL,0
tx26146_00006638,NORMAL,0
tx26146_00006639,NORMAL,0
tx26146_00006640,NORMAL,0
tx26146_00006641,NORMAL,0
tx26146_00006642,NORMAL,0
tx26146_00006643,NORMAL,0
tx26146_00006644,NORMAL,0
tx26146_00006645,NORMAL,0
tx26146_00006646,NORMAL,0
tx26146_00006647,NORMAL,0
tx26146_00006648,NORMAL,0
tx26146_00006649,NORMAL,0
tx26146_00006650,NORMAL,0
tx26146_00006651,NORMAL,0
tx26146_00006652,NORMAL,0
tx26146_00006653,NORMAL,0
tx26146_00006654,NORMAL,0
tx26146_00006655,NORMAL,0
tx26146_00006656,NORMAL,0
tx26146_00006657,NORMAL,0
tx26146_00006658,NORMAL,0
tx26146_00006659,NORMAL,0
tx26146_00006660,NORMAL,0
tx26146_00006661,NORMAL,0
tx26146_00006662,NORMAL,0
tx26146_00006663,NORMAL,0
tx26146_00006664,NORMAL,0
tx26146_00006665,NORMAL,0
tx26146_00006666,NORMAL,0
tx26146_00006667,NORMAL,0
tx26146_00006668,NORMAL,0
tx26146_00006669,NORMAL,0
tx26146_00006670,NORMAL,0
tx26146_00006671,NORMAL,0
tx26146_00006672,NORMAL,0
tx26146_00006673,NORMAL,0
tx26146_00006674,NORMAL,0
tx26146_00006675,NORMAL,0
tx26146_00006676,NORMAL,0
tx26146_00006677,NORMAL,0
tx26146_00006678,NORMAL,0
tx26146_00006679,NORMAL,0
tx26146_00006680,NORMAL,0
tx26146_00006681,NORMAL,0
tx26146_00006682,NORMAL,0
tx26146_00006683,NORMAL,0
tx26146_00006684,NORMAL,0
tx26146_00006685,NORMAL,0
tx26146_00006686,NORMAL,0
tx26146_00006687,NORMAL,0
tx26146_00006688,NORMAL,0
tx26146_00006689,NORMAL,0
tx26146_00006690,NORMAL,0
tx26146_00006691,NORMAL,0
tx26146_00006692,NORMAL,0
tx26146_00006693,NORMAL,0
tx26146_00006694,NORMAL,0
tx26146_00006695,NORMAL,0
tx26146_00006696,NORMAL,0
tx26146_00006697,NORMAL,0
tx26146_00006698,NORMAL,0
tx26146_00006699,NORMAL,0
tx26146_00006700,NORMAL,0
tx26146_00006701,NORMAL,0
tx26146_00006702,NORMAL,0
tx26146_00006703,NORMAL,0
tx26146_00006704,NORMAL,0
tx26146_00006705,NORMAL,0
tx26146_00006706,NORMAL,0
tx26146_00006707,NORMAL,0
tx26146_00006708,NORMAL,0
tx26146_00006709,NORMAL,0
tx26146_00006710,NORMAL,0
tx26146_00006711,NORMAL,0
tx26146_00006712,NORMAL,0
tx26146_00006713,NORMAL,0
tx26146_00006714,NORMAL,0
tx26146_00006715,NORMAL,0
tx26146_00006716,NORMAL,0
tx26146_00006717,NORMAL,0
tx26146_00006718,NORMAL,0
tx26146_00006719,NORMAL,0
tx26146_00006720,NORMAL,0
tx26146_00006721,NORMAL,0
tx26146_00006722,NORMAL,0
tx26146_00006723,NORMAL,0
tx26146_00006724,NORMAL,0
tx26146_00006725,NORMAL,0
tx26146_00006726,NORMAL,0
tx26146_00006727,NORMAL,0
tx26146_00006728,NORMAL,0
tx26146_00006729,NORMAL,0
tx26146_00006730,NORMAL,0
tx26146_00006731,NORMAL,0
tx26146_00006732,NORMAL,0
tx26146_00006733,NORMAL,0
tx26146_00006734,NORMAL,0
tx26146_00006735,NORMAL,0
tx26146_00006736,NORMAL,0
tx26146_00006737,NORMAL,0
tx26146_00006738,NORMAL,0
tx26146_00006739,NORMAL,0
tx26146_00006740,NORMAL,0
tx26146_00006741,NORMAL,0
tx26146_00006742,NORMAL,0
tx26146_00006743,NORMAL,0
tx26146_00006744,NORMAL,0
tx26146_00006745,NORMAL,0
tx26146_00006746,NORMAL,0
tx26146_00006747,NORMAL,0
tx26146_00006748,NORMAL,0
tx26146_00006749,NORMAL,0
tx26146_00006750,NORMAL,0
tx26146_00006751,NORMAL,0
tx26146_00006752,NORMAL,0
tx26146_00006753,NORMAL,0
tx26146_00006754,NORMAL,0
tx26146_00006755,NORMAL,0
tx26146_00006756,NORMAL,0
tx26146_00006757,NORMAL,0
tx26146_00006758,NORMAL,0
tx26146_00006759,NORMAL,0
tx26146_00006760,NORMAL,0
tx26146_00006761,NORMAL,0
tx26146_00006762,NORMAL,0
tx26146_00006763,NORMAL,0
tx26146_00006764,NORMAL,0
tx26146_00006765,NORMAL,0
tx26146_00006766,NORMAL,0
tx26146_00006767,NORMAL,0
tx26146_00006768,NORMAL,0
tx26146_00006769,NORMAL,0
tx26146_00006770,NORMAL,0
tx26146_00006771,NORMAL,0
tx26146_00006772,NORMAL,0
tx26146_00006773,NORMAL,0
tx26146_00006774,NORMAL,0
tx26146_00006775,NORMAL,0
tx26146_00006776,NORMAL,0
tx26146_00006777,NORMAL,0
tx26146_00006778,NORMAL,0
tx26146_00006779,NORMAL,0
tx26146_00006780,NORMAL,0
tx26146_00006781,NORMAL,0
tx26146_00006782,NORMAL,0
tx26146_00006783,NORMAL,0
tx26146_00006784,NORMAL,0
tx26146_00006785,NORMAL,0
tx26146_00006786,NORMAL,0
tx26146_00006787,NORMAL,0
tx26146_00006788,NORMAL,0
tx26146_00006789,NORMAL,0
tx26146_00006790,NORMAL,0
tx26146_00006791,NORMAL,0
tx26146_00006792,NORMAL,0
tx26146_00006793,NORMAL,0
tx26146_00006794,NORMAL,0
tx26146_00006795,NORMAL,0
tx26146_00006796,NORMAL,0
tx26146_00006797,NORMAL,0
tx26146_00006798,NORMAL,0
tx26146_00006799,NORMAL,0
tx26146_00006800,NORMAL,0
tx26146_00006801,NORMAL,0
tx26146_00006802,NORMAL,0
tx26146_00006803,NORMAL,0
tx26146_00006804,NORMAL,0
tx26146_00006805,NORMAL,0
tx26146_00006806,NORMAL,0
tx26146_00006807,NORMAL,0
tx26146_00006808,NORMAL,0
tx26146_00006809,NORMAL,0
tx26146_00006810,NORMAL,0
tx26146_00006811,NORMAL,0
tx26146_00006812,NORMAL,0
tx26146_00006813,NORMAL,0
tx26146_00006814,NORMAL,0
tx26146_00006815,NORMAL,0
tx26146_00006816,NORMAL,0
tx26146_00006817,NORMAL,0
tx26146_00006818,NORMAL,0
tx26146_00006819,NORMAL,0
tx26146_00006820,NORMAL,0
tx26146_00006821,NORMAL,0
tx26146_00006822,NORMAL,0
tx26146_00006823,NORMAL,0
tx26146_00006824,NORMAL,0
tx26146_00006825,NORMAL,0
tx26146_00006826,NORMAL,0
tx26146_00006827,NORMAL,0
tx26146_00006828,NORMAL,0
tx26146_00006829,NORMAL,0
tx26146_00006830,NORMAL,0
tx26146_00006831,NORMAL,0
tx26146_00006832,NORMAL,0
tx26146_00006833,NORMAL,0
tx26146_00006834,NORMAL,0
tx26146_00006835,NORMAL,0
tx26146_00006836,NORMAL,0
tx26146_00006837,NORMAL,0
tx26146_00006838,NORMAL,0
tx26146_00006839,NORMAL,0
tx26146_00006840,NORMAL,0
tx26146_00006841,NORMAL,0
tx26146_00006842,NORMAL,0
tx26146_00006843,NORMAL,0
tx26146_00006844,NORMAL,0
tx26146_00006845,NORMAL,0
tx26146_00006846,NORMAL,0
tx26146_00006847,NORMAL,0
tx26146_00006848,NORMAL,0
tx26146_00006849,NORMAL,0
tx26146_00006850,NORMAL,0
tx26146_00006851,NORMAL,0
tx26146_00006852,NORMAL,0
tx26146_00006853,NORMAL,0
tx26146_00006854,NORMAL,0
tx26146_00006855,NORMAL,0
tx26146_00006856,NORMAL,0
tx26146_00006857,NORMAL,0
tx26146_00006858,NORMAL,0
tx26146_00006859,NORMAL,0
tx26146_00006860,NORMAL,0
tx26146_00006861,NORMAL,0
tx26146_00006862,NORMAL,0
tx26146_00006863,NORMAL,0
tx26146_00006864,NORMAL,0
tx26146_00006865,NORMAL,0
tx26146_00006866,NORMAL,0
tx26146_00006867,NORMAL,0
tx26146_00006868,NORMAL,0
tx26146_00006869,NORMAL,0
tx26146_00006870,NORMAL,0
tx26146_00006871,NORMAL,0
tx26146_00006872,NORMAL,0
tx26146_00006873,NORMAL,0
tx26146_00006874,NORMAL,0
tx26146_00006875,NORMAL,0
tx26146_00006876,NORMAL,0
tx26146_00006877,NORMAL,0
tx26146_00006878,NORMAL,0
tx26146_00006879,NORMAL,0
tx26146_00006880,NORMAL,0
tx26146_00006881,NORMAL,0
tx26146_00006882,NORMAL,0
tx26146_00006883,NORMAL,0
tx26146_00006884,NORMAL,0
tx26146_00006885,NORMAL,0
tx26146_00006886,NORMAL,0
tx26146_00006887,NORMAL,0
tx26146_00006888,NORMAL,0
tx26146_00006889,NORMAL,0
tx26146_00006890,NORMAL,0
tx26146_00006891,NORMAL,0
tx26146_00006892,NORMAL,0
tx26146_00006893,NORMAL,0
tx26146_00006894,NORMAL,0
tx26146_00006895,NORMAL,0
tx26146_00006896,NORMAL,0
tx26146_00006897,NORMAL,0
tx26146_00006898,NORMAL,0
tx26146_00006899,NORMAL,0
tx26146_00006900,NORMAL,0
tx26146_00006901,NORMAL,0
tx26146_00006902,NORMAL,0
tx26146_00006903,NORMAL,0
tx26146_00006904,NORMAL,0
tx26146_00006905,NORMAL,0
tx26146_00006906,NORMAL,0
tx26146_00006907,NORMAL,0
tx26146_00006908,NORMAL,0
tx26146_00006909,NORMAL,0
tx26146_00006910,NORMAL,0
tx26146_00006911,NORMAL,0
tx26146_00006912,NORMAL,0
tx26146_00006913,NORMAL,0
tx26146_00006914,NORMAL,0
tx26146_00006915,NORMAL,0
tx26146_00006916,NORMAL,0
tx26146_00006917,NORMAL,0
tx26146_00006918,NORMAL,0
tx26146_00006919,NORMAL,0
tx26146_00006920,NORMAL,0
tx26146_00006921,NORMAL,0
tx26146_00006922,NORMAL,0
tx26146_00006923,NORMAL,0
tx26146_00006924,NORMAL,0
tx26146_00006925,NORMAL,0
tx26146_00006926,NORMAL,0
tx26146_00006927,NORMAL,0
tx26146_00006928,NORMAL,0
tx26146_00006929,NORMAL,0
tx26146_00006930,NORMAL,0
tx26146_00006931,NORMAL,0
tx26146_00006932,NORMAL,0
tx26146_00006933,NORMAL,0
tx26146_00006934,NORMAL,0
tx26146_00006935,NORMAL,0
tx26146_00006936,NORMAL,0
tx26146_00006937,NORMAL,0
tx26146_00006938,NORMAL,0
tx26146_00006939,NORMAL,0
tx26146_00006940,NORMAL,0
tx26146_00006941,NORMAL,0
tx26146_00006942,NORMAL,0
tx26146_00006943,NORMAL,0
tx26146_00006944,NORMAL,0
tx26146_00006945,NORMAL,0
tx26146_00006946,NORMAL,0
tx26146_00006947,NORMAL,0
tx26146_00006948,NORMAL,0
tx26146_00006949,NORMAL,0
tx26146_00006950,NORMAL,0
tx26146_00006951,NORMAL,0
tx26146_00006952,NORMAL,0
tx26146_00006953,NORMAL,0
tx26146_00006954,NORMAL,0
tx26146_00006955,NORMAL,0
tx26146_00006956,NORMAL,0
tx26146_00006957,NORMAL,0
tx26146_00006958,NORMAL,0
tx26146_00006959,NORMAL,0
tx26146_00006960,NORMAL,0
tx26146_00006961,NORMAL,0
tx26146_00006962,NORMAL,0
tx26146_00006963,NORMAL,0
tx26146_00006964,NORMAL,0
tx26146_00006965,NORMAL,0
tx26146_00006966,NORMAL,0
tx26146_00006967,NORMAL,0
tx26146_00006968,NORMAL,0
tx26146_00006969,NORMAL,0
tx26146_00006970,NORMAL,0
tx26146_00006971,NORMAL,0
tx26146_00006972,NORMAL,0
tx26146_00006973,NORMAL,0
tx26146_00006974,NORMAL,0
tx26146_00006975,NORMAL,0
tx26146_00006976,NORMAL,0
tx26146_00006977,NORMAL,0
tx26146_00006978,NORMAL,0
tx26146_00006979,NORMAL,0
tx26146_00006980,NORMAL,0
tx26146_00006981,NORMAL,0
tx26146_00006982,NORMAL,0
tx26146_00006983,NORMAL,0
tx26146_00006984,NORMAL,0
tx26146_00006985,NORMAL,0
tx26146_00006986,NORMAL,0
tx26146_00006987,NORMAL,0
tx26146_00006988,NORMAL,0
tx26146_00006989,NORMAL,0
tx26146_00006990,NORMAL,0
tx26146_00006991,NORMAL,0
tx26146_00006992,NORMAL,0
tx26146_00006993,NORMAL,0
tx26146_00006994,NORMAL,0
tx26146_00006995,NORMAL,0
tx26146_00006996,NORMAL,0
tx26146_00006997,NORMAL,0
tx26146_00006998,NORMAL,0
tx26146_00006999,NORMAL,0
tx26146_00007000,FAN_IN,1
tx26146_00007001,FAN_IN,1
tx26146_00007002,FAN_IN,1
tx26146_00007003,FAN_IN,1
tx26146_00007004,FAN_IN,1
tx26146_00007005,FAN_IN,1
tx26146_00007006,FAN_IN,1
tx26146_00007007,FAN_IN,1
tx26146_00007008,FAN_IN,1
tx26146_00007009,FAN_IN,1
tx26146_00007010,FAN_IN,1
tx26146_00007011,FAN_IN,1
tx26146_00007012,FAN_IN,1
tx26146_00007013,FAN_IN,1
tx26146_00007014,FAN_IN,1
tx26146_00007015,FAN_IN,1
tx26146_00007016,FAN_IN,1
tx26146_00007017,FAN_IN,1
tx26146_00007018,FAN_IN,1
tx26146_00007019,FAN_IN,1
tx26146_00007020,FAN_IN,1
tx26146_00007021,FAN_IN,1
tx26146_00007022,FAN_IN,1
tx26146_00007023,FAN_IN,1
tx26146_00007024,FAN_IN,1
tx26146_00007025,FAN_IN,1
tx26146_00007026,FAN_IN,1
tx26146_00007027,FAN_IN,1
tx26146_00007028,FAN_IN,1
tx26146_00007029,FAN_IN,1
tx26146_00007030,FAN_IN,1
tx26146_00007031,FAN_IN,1
tx26146_00007032,FAN_IN,1
tx26146_00007033,FAN_IN,1
tx26146_00007034,FAN_IN,1
tx26146_00007035,FAN_IN,1
tx26146_00007036,FAN_IN,1
tx26146_00007037,FAN_IN,1
tx26146_00007038,FAN_IN,1
tx26146_00007039,FAN_IN,1
tx26146_00007040,FAN_IN,1
tx26146_00007041,FAN_IN,1
tx26146_00007042,FAN_IN,1
tx26146_00007043,FAN_IN,1
tx26146_00007044,FAN_IN,1
tx26146_00007045,FAN_IN,1
tx26146_00007046,FAN_IN,1
tx26146_00007047,FAN_IN,1
tx26146_00007048,FAN_IN,1
tx26146_00007049,FAN_IN,1
tx26146_00007050,FAN_IN,1
tx26146_00007051,FAN_IN,1
tx26146_00007052,FAN_IN,1
tx26146_00007053,FAN_IN,1
tx26146_00007054,FAN_IN,1
tx26146_00007055,FAN_IN,1
tx26146_00007056,FAN_IN,1
tx26146_00007057,FAN_IN,1
tx26146_00007058,FAN_IN,1
tx26146_00007059,FAN_IN,1
tx26146_00007060,FAN_IN,1
tx26146_00007061,FAN_IN,1
tx26146_00007062,FAN_IN,1
tx26146_00007063,FAN_IN,1
tx26146_00007064,FAN_IN,1
tx26146_00007065,FAN_IN,1
tx26146_00007066,FAN_IN,1
tx26146_00007067,FAN_IN,1
tx26146_00007068,FAN_IN,1
tx26146_00007069,FAN_IN,1
tx26146_00007070,FAN_IN,1
tx26146_00007071,FAN_IN,1
tx26146_00007072,FAN_IN,1
tx26146_00007073,FAN_IN,1
tx26146_00007074,FAN_IN,1
tx26146_00007075,FAN_IN,1
tx26146_00007076,FAN_IN,1
tx26146_00007077,FAN_IN,1
tx26146_00007078,FAN_IN,1
tx26146_00007079,FAN_IN,1
tx26146_00007080,FAN_IN,1
tx26146_00007081,FAN_IN,1
tx26146_00007082,FAN_IN,1
tx26146_00007083,FAN_IN,1
tx26146_00007084,FAN_IN,1
tx26146_00007085,FAN_IN,1
tx26146_00007086,FAN_IN,1
tx26146_00007087,FAN_IN,1
tx26146_00007088,FAN_IN,1
tx26146_00007089,FAN_IN,1
tx26146_00007090,FAN_IN,1
tx26146_00007091,FAN_IN,1
tx26146_00007092,FAN_IN,1
tx26146_00007093,FAN_IN,1
tx26146_00007094,FAN_IN,1
tx26146_00007095,FAN_IN,1
tx26146_00007096,FAN_IN,1
tx26146_00007097,FAN_IN,1
tx26146_00007098,FAN_IN,1
tx26146_00007099,FAN_IN,1
tx26146_00007100,FAN_IN,1
tx26146_00007101,FAN_IN,1
tx26146_00007102,FAN_IN,1
tx26146_00007103,FAN_IN,1
tx26146_00007104,FAN_IN,1
tx26146_00007105,FAN_IN,1
tx26146_00007106,FAN_IN,1
tx26146_00007107,FAN_IN,1
tx26146_00007108,FAN_IN,1
tx26146_00007109,FAN_IN,1
tx26146_00007110,FAN_IN,1
tx26146_00007111,FAN_IN,1
tx26146_00007112,FAN_IN,1
tx26146_00007113,FAN_IN,1
tx26146_00007114,FAN_IN,1
tx26146_00007115,FAN_IN,1
tx26146_00007116,FAN_IN,1
tx26146_00007117,FAN_IN,1
tx26146_00007118,FAN_IN,1
tx26146_00007119,FAN_IN,1
tx26146_00007120,FAN_IN,1
tx26146_00007121,FAN_IN,1
tx26146_00007122,FAN_IN,1
tx26146_00007123,FAN_IN,1
tx26146_00007124,FAN_IN,1
tx26146_00007125,FAN_IN,1
tx26146_00007126,FAN_IN,1
tx26146_00007127,FAN_IN,1
tx26146_00007128,FAN_IN,1
tx26146_00007129,FAN_IN,1
tx26146_00007130,FAN_IN,1
tx26146_00007131,FAN_IN,1
tx26146_00007132,FAN_IN,1
tx26146_00007133,FAN_IN,1
tx26146_00007134,FAN_IN,1
tx26146_00007135,FAN_IN,1
tx26146_00007136,FAN_IN,1
tx26146_00007137,FAN_IN,1
tx26146_00007138,FAN_IN,1
tx26146_00007139,FAN_IN,1
tx26146_00007140,FAN_IN,1
tx26146_00007141,FAN_IN,1
tx26146_00007142,FAN_IN,1
tx26146_00007143,FAN_IN,1
tx26146_00007144,FAN_IN,1
tx26146_00007145,FAN_IN,1
tx26146_00007146,FAN_IN,1
tx26146_00007147,FAN_IN,1
tx26146_00007148,FAN_IN,1
tx26146_00007149,FAN_IN,1
tx26146_00007150,FAN_IN,1
tx26146_00007151,FAN_IN,1
tx26146_00007152,FAN_IN,1
tx26146_00007153,FAN_IN,1
tx26146_00007154,FAN_IN,1
tx26146_00007155,FAN_IN,1
tx26146_00007156,FAN_IN,1
tx26146_00007157,FAN_IN,1
tx26146_00007158,FAN_IN,1
tx26146_00007159,FAN_IN,1
tx26146_00007160,FAN_IN,1
tx26146_00007161,FAN_IN,1
tx26146_00007162,FAN_IN,1
tx26146_00007163,FAN_IN,1
tx26146_00007164,FAN_IN,1
tx26146_00007165,FAN_IN,1
tx26146_00007166,FAN_IN,1
tx26146_00007167,FAN_IN,1
tx26146_00007168,FAN_IN,1
tx26146_00007169,FAN_IN,1
tx26146_00007170,FAN_IN,1
tx26146_00007171,FAN_IN,1
tx26146_00007172,FAN_IN,1
tx26146_00007173,FAN_IN,1
tx26146_00007174,FAN_IN,1
tx26146_00007175,FAN_IN,1
tx26146_00007176,FAN_IN,1
tx26146_00007177,FAN_IN,1
tx26146_00007178,FAN_IN,1
tx26146_00007179,FAN_IN,1
tx26146_00007180,FAN_IN,1
tx26146_00007181,FAN_IN,1
tx26146_00007182,FAN_IN,1
tx26146_00007183,FAN_IN,1
tx26146_00007184,FAN_IN,1
tx26146_00007185,FAN_IN,1
tx26146_00007186,FAN_IN,1
tx26146_00007187,FAN_IN,1
tx26146_00007188,FAN_IN,1
tx26146_00007189,FAN_IN,1
tx26146_00007190,FAN_IN,1
tx26146_00007191,FAN_IN,1
tx26146_00007192,FAN_IN,1
tx26146_00007193,FAN_IN,1
tx26146_00007194,FAN_IN,1
tx26146_00007195,FAN_IN,1
tx26146_00007196,FAN_IN,1
tx26146_00007197,FAN_IN,1
tx26146_00007198,FAN_IN,1
tx26146_00007199,FAN_IN,1
tx26146_00007200,FAN_IN,1
tx26146_00007201,FAN_IN,1
tx26146_00007202,FAN_IN,1
tx26146_00007203,FAN_IN,1
tx26146_00007204,FAN_IN,1
tx26146_00007205,FAN_IN,1
tx26146_00007206,FAN_IN,1
tx26146_00007207,FAN_IN,1
tx26146_00007208,FAN_IN,1
tx26146_00007209,FAN_IN,1
tx26146_00007210,FAN_IN,1
tx26146_00007211,FAN_IN,1
tx26146_00007212,FAN_IN,1
tx26146_00007213,FAN_IN,1
tx26146_00007214,FAN_IN,1
tx26146_00007215,FAN_IN,1
tx26146_00007216,FAN_IN,1
tx26146_00007217,FAN_IN,1
tx26146_00007218,FAN_IN,1
tx26146_00007219,FAN_IN,1
tx26146_00007220,FAN_IN,1
tx26146_00007221,FAN_IN,1
tx26146_00007222,FAN_IN,1
tx26146_00007223,FAN_IN,1
tx26146_00007224,FAN_IN,1
tx26146_00007225,FAN_IN,1
tx26146_00007226,FAN_IN,1
tx26146_00007227,FAN_IN,1
tx26146_00007228,FAN_IN,1
tx26146_00007229,FAN_IN,1
tx26146_00007230,FAN_IN,1
tx26146_00007231,FAN_IN,1
tx26146_00007232,FAN_IN,1
tx26146_00007233,FAN_IN,1
tx26146_00007234,FAN_IN,1
tx26146_00007235,FAN_IN,1
tx26146_00007236,FAN_IN,1
tx26146_00007237,FAN_IN,1
tx26146_00007238,FAN_IN,1
tx26146_00007239,FAN_IN,1
tx26146_00007240,FAN_IN,1
tx26146_00007241,FAN_IN,1
tx26146_00007242,FAN_IN,1
tx26146_00007243,FAN_IN,1
tx26146_00007244,FAN_IN,1
tx26146_00007245,FAN_IN,1
tx26146_00007246,FAN_IN,1
tx26146_00007247,FAN_IN,1
tx26146_00007248,FAN_IN,1
tx26146_00007249,FAN_IN,1
tx26146_00007250,FAN_IN,1
tx26146_00007251,FAN_IN,1
tx26146_00007252,FAN_IN,1
tx26146_00007253,FAN_IN,1
tx26146_00007254,FAN_IN,1
tx26146_00007255,FAN_IN,1
tx26146_00007256,FAN_IN,1
tx26146_00007257,FAN_IN,1
tx26146_00007258,FAN_IN,1
tx26146_00007259,FAN_IN,1
tx26146_00007260,FAN_IN,1
tx26146_00007261,FAN_IN,1
tx26146_00007262,FAN_IN,1
tx26146_00007263,FAN_IN,1
tx26146_00007264,FAN_IN,1
tx26146_00007265,FAN_IN,1
tx26146_00007266,FAN_IN,1
tx26146_00007267,FAN_IN,1
tx26146_00007268,FAN_IN,1
tx26146_00007269,FAN_IN,1
tx26146_00007270,FAN_IN,1
tx26146_00007271,FAN_IN,1
tx26146_00007272,FAN_IN,1
tx26146_00007273,FAN_IN,1
tx26146_00007274,FAN_IN,1
tx26146_00007275,FAN_IN,1
tx26146_00007276,FAN_IN,1
tx26146_00007277,FAN_IN,1
tx26146_00007278,FAN_IN,1
tx26146_00007279,FAN_IN,1
tx26146_00007280,FAN_IN,1
tx26146_00007281,FAN_IN,1
tx26146_00007282,FAN_IN,1
tx26146_00007283,FAN_IN,1
tx26146_00007284,FAN_IN,1
tx26146_00007285,FAN_IN,1
tx26146_00007286,FAN_IN,1
tx26146_00007287,FAN_IN,1
tx26146_00007288,FAN_IN,1
tx26146_00007289,FAN_IN,1
tx26146_00007290,FAN_IN,1
tx26146_00007291,FAN_IN,1
tx26146_00007292,FAN_IN,1
tx26146_00007293,FAN_IN,1
tx26146_00007294,FAN_IN,1
tx26146_00007295,FAN_IN,1
tx26146_00007296,FAN_IN,1
tx26146_00007297,FAN_IN,1
tx26146_00007298,FAN_IN,1
tx26146_00007299,FAN_IN,1
tx26146_00007300,FAN_IN,1
tx26146_00007301,FAN_IN,1
tx26146_00007302,FAN_IN,1
tx26146_00007303,FAN_IN,1
tx26146_00007304,FAN_IN,1
tx26146_00007305,FAN_IN,1
tx26146_00007306,FAN_IN,1
tx26146_00007307,FAN_IN,1
tx26146_00007308,FAN_IN,1
tx26146_00007309,FAN_IN,1
tx26146_00007310,FAN_IN,1
tx26146_00007311,FAN_IN,1
tx26146_00007312,FAN_IN,1
tx26146_00007313,FAN_IN,1
tx26146_00007314,FAN_IN,1
tx26146_00007315,FAN_IN,1
tx26146_00007316,FAN_IN,1
tx26146_00007317,FAN_IN,1
tx26146_00007318,FAN_IN,1
tx26146_00007319,FAN_IN,1
tx26146_00007320,FAN_IN,1
tx26146_00007321,FAN_IN,1
tx26146_00007322,FAN_IN,1
tx26146_00007323,FAN_IN,1
tx26146_00007324,FAN_IN,1
tx26146_00007325,FAN_IN,1
tx26146_00007326,FAN_IN,1
tx26146_00007327,FAN_IN,1
tx26146_00007328,FAN_IN,1
tx26146_00007329,FAN_IN,1
tx26146_00007330,FAN_IN,1
tx26146_00007331,FAN_IN,1
tx26146_00007332,FAN_IN,1
tx26146_00007333,FAN_IN,1
tx26146_00007334,FAN_IN,1
tx26146_00007335,FAN_IN,1
tx26146_00007336,FAN_IN,1
tx26146_00007337,FAN_IN,1
tx26146_00007338,FAN_IN,1
tx26146_00007339,FAN_IN,1
tx26146_00007340,FAN_IN,1
tx26146_00007341,FAN_IN,1
tx26146_00007342,FAN_IN,1
tx26146_00007343,FAN_IN,1
tx26146_00007344,FAN_IN,1
tx26146_00007345,FAN_IN,1
tx26146_00007346,FAN_IN,1
tx26146_00007347,FAN_IN,1
tx26146_00007348,FAN_IN,1
tx26146_00007349,FAN_IN,1
tx26146_00007350,FAN_IN,1
tx26146_00007351,FAN_IN,1
tx26146_00007352,FAN_IN,1
tx26146_00007353,FAN_IN,1
tx26146_00007354,FAN_IN,1
tx26146_00007355,FAN_IN,1
tx26146_00007356,FAN_IN,1
tx26146_00007357,FAN_IN,1
tx26146_00007358,FAN_IN,1
tx26146_00007359,FAN_IN,1
tx26146_00007360,FAN_IN,1
tx26146_00007361,FAN_IN,1
tx26146_00007362,FAN_IN,1
tx26146_00007363,FAN_IN,1
tx26146_00007364,FAN_IN,1
tx26146_00007365,FAN_IN,1
tx26146_00007366,FAN_IN,1
tx26146_00007367,FAN_IN,1
tx26146_00007368,FAN_IN,1
tx26146_00007369,FAN_IN,1
tx26146_00007370,FAN_IN,1
tx26146_00007371,FAN_IN,1
tx26146_00007372,FAN_IN,1
tx26146_00007373,FAN_IN,1
tx26146_00007374,FAN_IN,1
tx26146_00007375,FAN_IN,1
tx26146_00007376,FAN_IN,1
tx26146_00007377,FAN_IN,1
tx26146_00007378,FAN_IN,1
tx26146_00007379,FAN_IN,1
tx26146_00007380,FAN_IN,1
tx26146_00007381,FAN_IN,1
tx26146_00007382,FAN_IN,1
tx26146_00007383,FAN_IN,1
tx26146_00007384,FAN_IN,1
tx26146_00007385,FAN_IN,1
tx26146_00007386,FAN_IN,1
tx26146_00007387,FAN_IN,1
tx26146_00007388,FAN_IN,1
tx26146_00007389,FAN_IN,1
tx26146_00007390,FAN_IN,1
tx26146_00007391,FAN_IN,1
tx26146_00007392,FAN_IN,1
tx26146_00007393,FAN_IN,1
tx26146_00007394,FAN_IN,1
tx26146_00007395,FAN_IN,1
tx26146_00007396,FAN_IN,1
tx26146_00007397,FAN_IN,1
tx26146_00007398,FAN_IN,1
tx26146_00007399,FAN_IN,1
tx26146_00007400,FAN_IN,1
tx26146_00007401,FAN_IN,1
tx26146_00007402,FAN_IN,1
tx26146_00007403,FAN_IN,1
tx26146_00007404,FAN_IN,1
tx26146_00007405,FAN_IN,1
tx26146_00007406,FAN_IN,1
tx26146_00007407,FAN_IN,1
tx26146_00007408,FAN_IN,1
tx26146_00007409,FAN_IN,1
tx26146_00007410,FAN_IN,1
tx26146_00007411,FAN_IN,1
tx26146_00007412,FAN_IN,1
tx26146_00007413,FAN_IN,1
tx26146_00007414,FAN_IN,1
tx26146_00007415,FAN_IN,1
tx26146_00007416,FAN_IN,1
tx26146_00007417,FAN_IN,1
tx26146_00007418,FAN_IN,1
tx26146_00007419,FAN_IN,1
tx26146_00007420,FAN_IN,1
tx26146_00007421,FAN_IN,1
tx26146_00007422,FAN_IN,1
tx26146_00007423,FAN_IN,1
tx26146_00007424,FAN_IN,1
tx26146_00007425,FAN_IN,1
tx26146_00007426,FAN_IN,1
tx26146_00007427,FAN_IN,1
tx26146_00007428,FAN_IN,1
tx26146_00007429,FAN_IN,1
tx26146_00007430,FAN_IN,1
tx26146_00007431,FAN_IN,1
tx26146_00007432,FAN_IN,1
tx26146_00007433,FAN_IN,1
tx26146_00007434,FAN_IN,1
tx26146_00007435,FAN_IN,1
tx26146_00007436,FAN_IN,1
tx26146_00007437,FAN_IN,1
tx26146_00007438,FAN_IN,1
tx26146_00007439,FAN_IN,1
tx26146_00007440,FAN_IN,1
tx26146_00007441,FAN_IN,1
tx26146_00007442,FAN_IN,1
tx26146_00007443,FAN_IN,1
tx26146_00007444,FAN_IN,1
tx26146_00007445,FAN_IN,1
tx26146_00007446,FAN_IN,1
tx26146_00007447,FAN_IN,1
tx26146_00007448,FAN_IN,1
tx26146_00007449,FAN_IN,1
tx26146_00007450,FAN_IN,1
tx26146_00007451,FAN_IN,1
tx26146_00007452,FAN_IN,1
tx26146_00007453,FAN_IN,1
tx26146_00007454,FAN_IN,1
tx26146_00007455,FAN_IN,1
tx26146_00007456,FAN_IN,1
tx26146_00007457,FAN_IN,1
tx26146_00007458,FAN_IN,1
tx26146_00007459,FAN_IN,1
tx26146_00007460,FAN_IN,1
tx26146_00007461,FAN_IN,1
tx26146_00007462,FAN_IN,1
tx26146_00007463,FAN_IN,1
tx26146_00007464,FAN_IN,1
tx26146_00007465,FAN_IN,1
tx26146_00007466,FAN_IN,1
tx26146_00007467,FAN_IN,1
tx26146_00007468,FAN_IN,1
tx26146_00007469,FAN_IN,1
tx26146_00007470,FAN_IN,1
tx26146_00007471,FAN_IN,1
tx26146_00007472,FAN_IN,1
tx26146_00007473,FAN_IN,1
tx26146_00007474,FAN_IN,1
tx26146_00007475,FAN_IN,1
tx26146_00007476,FAN_IN,1
tx26146_00007477,FAN_IN,1
tx26146_00007478,FAN_IN,1
tx26146_00007479,FAN_IN,1
tx26146_00007480,FAN_IN,1
tx26146_00007481,FAN_IN,1
tx26146_00007482,FAN_IN,1
tx26146_00007483,FAN_IN,1
tx26146_00007484,FAN_IN,1
tx26146_00007485,FAN_IN,1
tx26146_00007486,FAN_IN,1
tx26146_00007487,FAN_IN,1
tx26146_00007488,FAN_IN,1
tx26146_00007489,FAN_IN,1
tx26146_00007490,FAN_IN,1
tx26146_00007491,FAN_IN,1
tx26146_00007492,FAN_IN,1
tx26146_00007493,FAN_IN,1
tx26146_00007494,FAN_IN,1
tx26146_00007495,FAN_IN,1
tx26146_00007496,FAN_IN,1
tx26146_00007497,FAN_IN,1
tx26146_00007498,FAN_IN,1
tx26146_00007499,FAN_IN,1
tx26146_00007500,FAN_IN,1
tx26146_00007501,FAN_IN,1
tx26146_00007502,FAN_IN,1
tx26146_00007503,FAN_IN,1
tx26146_00007504,FAN_IN,1
tx26146_00007505,FAN_IN,1
tx26146_00007506,FAN_IN,1
tx26146_00007507,FAN_IN,1
tx26146_00007508,FAN_IN,1
tx26146_00007509,FAN_IN,1
tx26146_00007510,FAN_IN,1
tx26146_00007511,FAN_IN,1
tx26146_00007512,FAN_IN,1
tx26146_00007513,FAN_IN,1
tx26146_00007514,FAN_IN,1
tx26146_00007515,FAN_IN,1
tx26146_00007516,FAN_IN,1
tx26146_00007517,FAN_IN,1
tx26146_00007518,FAN_IN,1
tx26146_00007519,FAN_IN,1
tx26146_00007520,FAN_IN,1
tx26146_00007521,FAN_IN,1
tx26146_00007522,FAN_IN,1
tx26146_00007523,FAN_IN,1
tx26146_00007524,FAN_IN,1
tx26146_00007525,FAN_IN,1
tx26146_00007526,FAN_IN,1
tx26146_00007527,FAN_IN,1
tx26146_00007528,FAN_IN,1
tx26146_00007529,FAN_IN,1
tx26146_00007530,FAN_IN,1
tx26146_00007531,FAN_IN,1
tx26146_00007532,FAN_IN,1
tx26146_00007533,FAN_IN,1
tx26146_00007534,FAN_IN,1
tx26146_00007535,FAN_IN,1
tx26146_00007536,FAN_IN,1
tx26146_00007537,FAN_IN,1
tx26146_00007538,FAN_IN,1
tx26146_00007539,FAN_IN,1
tx26146_00007540,FAN_IN,1
tx26146_00007541,FAN_IN,1
tx26146_00007542,FAN_IN,1
tx26146_00007543,FAN_IN,1
tx26146_00007544,FAN_IN,1
tx26146_00007545,FAN_IN,1
tx26146_00007546,FAN_IN,1
tx26146_00007547,FAN_IN,1
tx26146_00007548,FAN_IN,1
tx26146_00007549,FAN_IN,1
tx26146_00007550,FAN_IN,1
tx26146_00007551,FAN_IN,1
tx26146_00007552,FAN_IN,1
tx26146_00007553,FAN_IN,1
tx26146_00007554,FAN_IN,1
tx26146_00007555,FAN_IN,1
tx26146_00007556,FAN_IN,1
tx26146_00007557,FAN_IN,1
tx26146_00007558,FAN_IN,1
tx26146_00007559,FAN_IN,1
tx26146_00007560,FAN_IN,1
tx26146_00007561,FAN_IN,1
tx26146_00007562,FAN_IN,1
tx26146_00007563,FAN_IN,1
tx26146_00007564,FAN_IN,1
tx26146_00007565,FAN_IN,1
tx26146_00007566,FAN_IN,1
tx26146_00007567,FAN_IN,1
tx26146_00007568,FAN_IN,1
tx26146_00007569,FAN_IN,1
tx26146_00007570,FAN_IN,1
tx26146_00007571,FAN_IN,1
tx26146_00007572,FAN_IN,1
tx26146_00007573,FAN_IN,1
tx26146_00007574,FAN_IN,1
tx26146_00007575,FAN_IN,1
tx26146_00007576,FAN_IN,1
tx26146_00007577,FAN_IN,1
tx26146_00007578,FAN_IN,1
tx26146_00007579,FAN_IN,1
tx26146_00007580,FAN_IN,1
tx26146_00007581,FAN_IN,1
tx26146_00007582,FAN_IN,1
tx26146_00007583,FAN_IN,1
tx26146_00007584,FAN_IN,1
tx26146_00007585,FAN_IN,1
tx26146_00007586,FAN_IN,1
tx26146_00007587,FAN_IN,1
tx26146_00007588,FAN_IN,1
tx26146_00007589,FAN_IN,1
tx26146_00007590,FAN_IN,1
tx26146_00007591,FAN_IN,1
tx26146_00007592,FAN_IN,1
tx26146_00007593,FAN_IN,1
tx26146_00007594,FAN_IN,1
tx26146_00007595,FAN_IN,1
tx26146_00007596,FAN_IN,1
tx26146_00007597,FAN_IN,1
tx26146_00007598,FAN_IN,1
tx26146_00007599,FAN_IN,1
tx26146_00007600,FAN_IN,1
tx26146_00007601,FAN_IN,1
tx26146_00007602,FAN_IN,1
tx26146_00007603,FAN_IN,1
tx26146_00007604,FAN_IN,1
tx26146_00007605,FAN_IN,1
tx26146_00007606,FAN_IN,1
tx26146_00007607,FAN_IN,1
tx26146_00007608,FAN_IN,1
tx26146_00007609,FAN_IN,1
tx26146_00007610,FAN_IN,1
tx26146_00007611,FAN_IN,1
tx26146_00007612,FAN_IN,1
tx26146_00007613,FAN_IN,1
tx26146_00007614,FAN_IN,1
tx26146_00007615,FAN_IN,1
tx26146_00007616,FAN_IN,1
tx26146_00007617,FAN_IN,1
tx26146_00007618,FAN_IN,1
tx26146_00007619,FAN_IN,1
tx26146_00007620,FAN_IN,1
tx26146_00007621,FAN_IN,1
tx26146_00007622,FAN_IN,1
tx26146_00007623,FAN_IN,1
tx26146_00007624,FAN_IN,1
tx26146_00007625,FAN_IN,1
tx26146_00007626,FAN_IN,1
tx26146_00007627,FAN_IN,1
tx26146_00007628,FAN_IN,1
tx26146_00007629,FAN_IN,1
tx26146_00007630,FAN_IN,1
tx26146_00007631,FAN_IN,1
tx26146_00007632,FAN_IN,1
tx26146_00007633,FAN_IN,1
tx26146_00007634,FAN_IN,1
tx26146_00007635,FAN_IN,1
tx26146_00007636,FAN_IN,1
tx26146_00007637,FAN_IN,1
tx26146_00007638,FAN_IN,1
tx26146_00007639,FAN_IN,1
tx26146_00007640,FAN_IN,1
tx26146_00007641,FAN_IN,1
tx26146_00007642,FAN_IN,1
tx26146_00007643,FAN_IN,1
tx26146_00007644,FAN_IN,1
tx26146_00007645,FAN_IN,1
tx26146_00007646,FAN_IN,1
tx26146_00007647,FAN_IN,1
tx26146_00007648,FAN_IN,1
tx26146_00007649,FAN_IN,1
tx26146_00007650,FAN_IN,1
tx26146_00007651,FAN_IN,1
tx26146_00007652,FAN_IN,1
tx26146_00007653,FAN_IN,1
tx26146_00007654,FAN_IN,1
tx26146_00007655,FAN_IN,1
tx26146_00007656,FAN_IN,1
tx26146_00007657,FAN_IN,1
tx26146_00007658,FAN_IN,1
tx26146_00007659,FAN_IN,1
tx26146_00007660,FAN_IN,1
tx26146_00007661,FAN_IN,1
tx26146_00007662,FAN_IN,1
tx26146_00007663,FAN_IN,1
tx26146_00007664,FAN_IN,1
tx26146_00007665,FAN_IN,1
tx26146_00007666,FAN_IN,1
tx26146_00007667,FAN_IN,1
tx26146_00007668,FAN_IN,1
tx26146_00007669,FAN_IN,1
tx26146_00007670,FAN_IN,1
tx26146_00007671,FAN_IN,1
tx26146_00007672,FAN_IN,1
tx26146_00007673,FAN_IN,1
tx26146_00007674,FAN_IN,1
tx26146_00007675,FAN_IN,1
tx26146_00007676,FAN_IN,1
tx26146_00007677,FAN_IN,1
tx26146_00007678,FAN_IN,1
tx26146_00007679,FAN_IN,1
tx26146_00007680,FAN_IN,1
tx26146_00007681,FAN_IN,1
tx26146_00007682,FAN_IN,1
tx26146_00007683,FAN_IN,1
tx26146_00007684,FAN_IN,1
tx26146_00007685,FAN_IN,1
tx26146_00007686,FAN_IN,1
tx26146_00007687,FAN_IN,1
tx26146_00007688,FAN_IN,1
tx26146_00007689,FAN_IN,1
tx26146_00007690,FAN_IN,1
tx26146_00007691,FAN_IN,1
tx26146_00007692,FAN_IN,1
tx26146_00007693,FAN_IN,1
tx26146_00007694,FAN_IN,1
tx26146_00007695,FAN_IN,1
tx26146_00007696,FAN_IN,1
tx26146_00007697,FAN_IN,1
tx26146_00007698,FAN_IN,1
tx26146_00007699,FAN_IN,1
tx26146_00007700,FAN_IN,1
tx26146_00007701,FAN_IN,1
tx26146_00007702,FAN_IN,1
tx26146_00007703,FAN_IN,1
tx26146_00007704,FAN_IN,1
tx26146_00007705,FAN_IN,1
tx26146_00007706,FAN_IN,1
tx26146_00007707,FAN_IN,1
tx26146_00007708,FAN_IN,1
tx26146_00007709,FAN_IN,1
tx26146_00007710,FAN_IN,1
tx26146_00007711,FAN_IN,1
tx26146_00007712,FAN_IN,1
tx26146_00007713,FAN_IN,1
tx26146_00007714,FAN_IN,1
tx26146_00007715,FAN_IN,1
tx26146_00007716,FAN_IN,1
tx26146_00007717,FAN_IN,1
tx26146_00007718,FAN_IN,1
tx26146_00007719,FAN_IN,1
tx26146_00007720,FAN_IN,1
tx26146_00007721,FAN_IN,1
tx26146_00007722,FAN_IN,1
tx26146_00007723,FAN_IN,1
tx26146_00007724,FAN_IN,1
tx26146_00007725,FAN_IN,1
tx26146_00007726,FAN_IN,1
tx26146_00007727,FAN_IN,1
tx26146_00007728,FAN_IN,1
tx26146_00007729,FAN_IN,1
tx26146_00007730,FAN_IN,1
tx26146_00007731,FAN_IN,1
tx26146_00007732,FAN_IN,1
tx26146_00007733,FAN_IN,1
tx26146_00007734,FAN_IN,1
tx26146_00007735,FAN_IN,1
tx26146_00007736,FAN_IN,1
tx26146_00007737,FAN_IN,1
tx26146_00007738,FAN_IN,1
tx26146_00007739,FAN_IN,1
tx26146_00007740,FAN_IN,1
tx26146_00007741,FAN_IN,1
tx26146_00007742,FAN_IN,1
tx26146_00007743,FAN_IN,1
tx26146_00007744,FAN_IN,1
tx26146_00007745,FAN_IN,1
tx26146_00007746,FAN_IN,1
tx26146_00007747,FAN_IN,1
tx26146_00007748,FAN_IN,1
tx26146_00007749,FAN_IN,1
tx26146_00007750,FAN_IN,1
tx26146_00007751,FAN_IN,1
tx26146_00007752,FAN_IN,1
tx26146_00007753,FAN_IN,1
tx26146_00007754,FAN_IN,1
tx26146_00007755,FAN_IN,1
tx26146_00007756,FAN_IN,1
tx26146_00007757,FAN_IN,1
tx26146_00007758,FAN_IN,1
tx26146_00007759,FAN_IN,1
tx26146_00007760,FAN_IN,1
tx26146_00007761,FAN_IN,1
tx26146_00007762,FAN_IN,1
tx26146_00007763,FAN_IN,1
tx26146_00007764,FAN_IN,1
tx26146_00007765,FAN_IN,1
tx26146_00007766,FAN_IN,1
tx26146_00007767,FAN_IN,1
tx26146_00007768,FAN_IN,1
tx26146_00007769,FAN_IN,1
tx26146_00007770,FAN_IN,1
tx26146_00007771,FAN_IN,1
tx26146_00007772,FAN_IN,1
tx26146_00007773,FAN_IN,1
tx26146_00007774,FAN_IN,1
tx26146_00007775,FAN_IN,1
tx26146_00007776,FAN_IN,1
tx26146_00007777,FAN_IN,1
tx26146_00007778,FAN_IN,1
tx26146_00007779,FAN_IN,1
tx26146_00007780,FAN_IN,1
tx26146_00007781,FAN_IN,1
tx26146_00007782,FAN_IN,1
tx26146_00007783,FAN_IN,1
tx26146_00007784,FAN_IN,1
tx26146_00007785,FAN_IN,1
tx26146_00007786,FAN_IN,1
tx26146_00007787,FAN_IN,1
tx26146_00007788,FAN_IN,1
tx26146_00007789,FAN_IN,1
tx26146_00007790,FAN_IN,1
tx26146_00007791,FAN_IN,1
tx26146_00007792,FAN_IN,1
tx26146_00007793,FAN_IN,1
tx26146_00007794,FAN_IN,1
tx26146_00007795,FAN_IN,1
tx26146_00007796,FAN_IN,1
tx26146_00007797,FAN_IN,1
tx26146_00007798,FAN_IN,1
tx26146_00007799,FAN_IN,1
tx26146_00007800,FAN_IN,1
tx26146_00007801,FAN_IN,1
tx26146_00007802,FAN_IN,1
tx26146_00007803,FAN_IN,1
tx26146_00007804,FAN_IN,1
tx26146_00007805,FAN_IN,1
tx26146_00007806,FAN_IN,1
tx26146_00007807,FAN_IN,1
tx26146_00007808,FAN_IN,1
tx26146_00007809,FAN_IN,1
tx26146_00007810,FAN_IN,1
tx26146_00007811,FAN_IN,1
tx26146_00007812,FAN_IN,1
tx26146_00007813,FAN_IN,1
tx26146_00007814,FAN_IN,1
tx26146_00007815,FAN_IN,1
tx26146_00007816,FAN_IN,1
tx26146_00007817,FAN_IN,1
tx26146_00007818,FAN_IN,1
tx26146_00007819,FAN_IN,1
tx26146_00007820,FAN_IN,1
tx26146_00007821,FAN_IN,1
tx26146_00007822,FAN_IN,1
tx26146_00007823,FAN_IN,1
tx26146_00007824,FAN_IN,1
tx26146_00007825,FAN_IN,1
tx26146_00007826,FAN_IN,1
tx26146_00007827,FAN_IN,1
tx26146_00007828,FAN_IN,1
tx26146_00007829,FAN_IN,1
tx26146_00007830,FAN_IN,1
tx26146_00007831,FAN_IN,1
tx26146_00007832,FAN_IN,1
tx26146_00007833,FAN_IN,1
tx26146_00007834,FAN_IN,1
tx26146_00007835,FAN_IN,1
tx26146_00007836,FAN_IN,1
tx26146_00007837,FAN_IN,1
tx26146_00007838,FAN_IN,1
tx26146_00007839,FAN_IN,1
tx26146_00007840,FAN_IN,1
tx26146_00007841,FAN_IN,1
tx26146_00007842,FAN_IN,1
tx26146_00007843,FAN_IN,1
tx26146_00007844,FAN_IN,1
tx26146_00007845,FAN_IN,1
tx26146_00007846,FAN_IN,1
tx26146_00007847,FAN_IN,1
tx26146_00007848,FAN_IN,1
tx26146_00007849,FAN_IN,1
tx26146_00007850,FAN_IN,1
tx26146_00007851,FAN_IN,1
tx26146_00007852,FAN_IN,1
tx26146_00007853,FAN_IN,1
tx26146_00007854,FAN_IN,1
tx26146_00007855,FAN_IN,1
tx26146_00007856,FAN_IN,1
tx26146_00007857,FAN_IN,1
tx26146_00007858,FAN_IN,1
tx26146_00007859,FAN_IN,1
tx26146_00007860,FAN_IN,1
tx26146_00007861,FAN_IN,1
tx26146_00007862,FAN_IN,1
tx26146_00007863,FAN_IN,1
tx26146_00007864,FAN_IN,1
tx26146_00007865,FAN_IN,1
tx26146_00007866,FAN_IN,1
tx26146_00007867,FAN_IN,1
tx26146_00007868,FAN_IN,1
tx26146_00007869,FAN_IN,1
tx26146_00007870,FAN_IN,1
tx26146_00007871,FAN_IN,1
tx26146_00007872,FAN_IN,1
tx26146_00007873,FAN_IN,1
tx26146_00007874,FAN_IN,1
tx26146_00007875,FAN_IN,1
tx26146_00007876,FAN_IN,1
tx26146_00007877,FAN_IN,1
tx26146_00007878,FAN_IN,1
tx26146_00007879,FAN_IN,1
tx26146_00007880,FAN_IN,1
tx26146_00007881,FAN_IN,1
tx26146_00007882,FAN_IN,1
tx26146_00007883,FAN_IN,1
tx26146_00007884,FAN_IN,1
tx26146_00007885,FAN_IN,1
tx26146_00007886,FAN_IN,1
tx26146_00007887,FAN_IN,1
tx26146_00007888,FAN_IN,1
tx26146_00007889,FAN_IN,1
tx26146_00007890,FAN_IN,1
tx26146_00007891,FAN_IN,1
tx26146_00007892,FAN_IN,1
tx26146_00007893,FAN_IN,1
tx26146_00007894,FAN_IN,1
tx26146_00007895,FAN_IN,1
tx26146_00007896,FAN_IN,1
tx26146_00007897,FAN_IN,1
tx26146_00007898,FAN_IN,1
tx26146_00007899,FAN_IN,1
tx26146_00007900,FAN_IN,1
tx26146_00007901,FAN_IN,1
tx26146_00007902,FAN_IN,1
tx26146_00007903,FAN_IN,1
tx26146_00007904,FAN_IN,1
tx26146_00007905,FAN_IN,1
tx26146_00007906,FAN_IN,1
tx26146_00007907,FAN_IN,1
tx26146_00007908,FAN_IN,1
tx26146_00007909,FAN_IN,1
tx26146_00007910,FAN_IN,1
tx26146_00007911,FAN_IN,1
tx26146_00007912,FAN_IN,1
tx26146_00007913,FAN_IN,1
tx26146_00007914,FAN_IN,1
tx26146_00007915,FAN_IN,1
tx26146_00007916,FAN_IN,1
tx26146_00007917,FAN_IN,1
tx26146_00007918,FAN_IN,1
tx26146_00007919,FAN_IN,1
tx26146_00007920,FAN_IN,1
tx26146_00007921,FAN_IN,1
tx26146_00007922,FAN_IN,1
tx26146_00007923,FAN_IN,1
tx26146_00007924,FAN_IN,1
tx26146_00007925,FAN_IN,1
tx26146_00007926,FAN_IN,1
tx26146_00007927,FAN_IN,1
tx26146_00007928,FAN_IN,1
tx26146_00007929,FAN_IN,1
tx26146_00007930,FAN_IN,1
tx26146_00007931,FAN_IN,1
tx26146_00007932,FAN_IN,1
tx26146_00007933,FAN_IN,1
tx26146_00007934,FAN_IN,1
tx26146_00007935,FAN_IN,1
tx26146_00007936,FAN_IN,1
tx26146_00007937,FAN_IN,1
tx26146_00007938,FAN_IN,1
tx26146_00007939,FAN_IN,1
tx26146_00007940,FAN_IN,1
tx26146_00007941,FAN_IN,1
tx26146_00007942,FAN_IN,1
tx26146_00007943,FAN_IN,1
tx26146_00007944,FAN_IN,1
tx26146_00007945,FAN_IN,1
tx26146_00007946,FAN_IN,1
tx26146_00007947,FAN_IN,1
tx26146_00007948,FAN_IN,1
tx26146_00007949,FAN_IN,1
tx26146_00007950,FAN_IN,1
tx26146_00007951,FAN_IN,1
tx26146_00007952,FAN_IN,1
tx26146_00007953,FAN_IN,1
tx26146_00007954,FAN_IN,1
tx26146_00007955,FAN_IN,1
tx26146_00007956,FAN_IN,1
tx26146_00007957,FAN_IN,1
tx26146_00007958,FAN_IN,1
tx26146_00007959,FAN_IN,1
tx26146_00007960,FAN_IN,1
tx26146_00007961,FAN_IN,1
tx26146_00007962,FAN_IN,1
tx26146_00007963,FAN_IN,1
tx26146_00007964,FAN_IN,1
tx26146_00007965,FAN_IN,1
tx26146_00007966,FAN_IN,1
tx26146_00007967,FAN_IN,1
tx26146_00007968,FAN_IN,1
tx26146_00007969,FAN_IN,1
tx26146_00007970,FAN_IN,1
tx26146_00007971,FAN_IN,1
tx26146_00007972,FAN_IN,1
tx26146_00007973,FAN_IN,1
tx26146_00007974,FAN_IN,1
tx26146_00007975,FAN_IN,1
tx26146_00007976,FAN_IN,1
tx26146_00007977,FAN_IN,1
tx26146_00007978,FAN_IN,1
tx26146_00007979,FAN_IN,1
tx26146_00007980,FAN_IN,1
tx26146_00007981,FAN_IN,1
tx26146_00007982,FAN_IN,1
tx26146_00007983,FAN_IN,1
tx26146_00007984,FAN_IN,1
tx26146_00007985,FAN_IN,1
tx26146_00007986,FAN_IN,1
tx26146_00007987,FAN_IN,1
tx26146_00007988,FAN_IN,1
tx26146_00007989,FAN_IN,1
tx26146_00007990,FAN_IN,1
tx26146_00007991,FAN_IN,1
tx26146_00007992,FAN_IN,1
tx26146_00007993,FAN_IN,1
tx26146_00007994,FAN_IN,1
tx26146_00007995,FAN_IN,1
tx26146_00007996,FAN_IN,1
tx26146_00007997,FAN_IN,1
tx26146_00007998,FAN_IN,1
tx26146_00007999,FAN_IN,1
tx26146_00008000,FAN_IN,1
tx26146_00008001,FAN_IN,1
tx26146_00008002,FAN_IN,1
tx26146_00008003,FAN_IN,1
tx26146_00008004,FAN_IN,1
tx26146_00008005,FAN_IN,1
tx26146_00008006,FAN_IN,1
tx26146_00008007,FAN_IN,1
tx26146_00008008,FAN_IN,1
tx26146_00008009,FAN_IN,1
tx26146_00008010,FAN_IN,1
tx26146_00008011,FAN_IN,1
tx26146_00008012,FAN_IN,1
tx26146_00008013,FAN_IN,1
tx26146_00008014,FAN_IN,1
tx26146_00008015,FAN_IN,1
tx26146_00008016,FAN_IN,1
tx26146_00008017,FAN_IN,1
tx26146_00008018,FAN_IN,1
tx26146_00008019,FAN_IN,1
tx26146_00008020,FAN_IN,1
tx26146_00008021,FAN_IN,1
tx26146_00008022,FAN_IN,1
tx26146_00008023,FAN_IN,1
tx26146_00008024,FAN_IN,1
tx26146_00008025,FAN_IN,1
tx26146_00008026,FAN_IN,1
tx26146_00008027,FAN_IN,1
tx26146_00008028,FAN_IN,1
tx26146_00008029,FAN_IN,1
tx26146_00008030,FAN_IN,1
tx26146_00008031,FAN_IN,1
tx26146_00008032,FAN_IN,1
tx26146_00008033,FAN_IN,1
tx26146_00008034,FAN_IN,1
tx26146_00008035,FAN_IN,1
tx26146_00008036,FAN_IN,1
tx26146_00008037,FAN_IN,1
tx26146_00008038,FAN_IN,1
tx26146_00008039,FAN_IN,1
tx26146_00008040,FAN_IN,1
tx26146_00008041,FAN_IN,1
tx26146_00008042,FAN_IN,1
tx26146_00008043,FAN_IN,1
tx26146_00008044,FAN_IN,1
tx26146_00008045,FAN_IN,1
tx26146_00008046,FAN_IN,1
tx26146_00008047,FAN_IN,1
tx26146_00008048,FAN_IN,1
tx26146_00008049,FAN_IN,1
tx26146_00008050,FAN_IN,1
tx26146_00008051,FAN_IN,1
tx26146_00008052,FAN_IN,1
tx26146_00008053,FAN_IN,1
tx26146_00008054,FAN_IN,1
tx26146_00008055,FAN_IN,1
tx26146_00008056,FAN_IN,1
tx26146_00008057,FAN_IN,1
tx26146_00008058,FAN_IN,1
tx26146_00008059,FAN_IN,1
tx26146_00008060,FAN_IN,1
tx26146_00008061,FAN_IN,1
tx26146_00008062,FAN_IN,1
tx26146_00008063,FAN_IN,1
tx26146_00008064,FAN_IN,1
tx26146_00008065,FAN_IN,1
tx26146_00008066,FAN_IN,1
tx26146_00008067,FAN_IN,1
tx26146_00008068,FAN_IN,1
tx26146_00008069,FAN_IN,1
tx26146_00008070,FAN_IN,1
tx26146_00008071,FAN_IN,1
tx26146_00008072,FAN_IN,1
tx26146_00008073,FAN_IN,1
tx26146_00008074,FAN_IN,1
tx26146_00008075,FAN_IN,1
tx26146_00008076,FAN_IN,1
tx26146_00008077,FAN_IN,1
tx26146_00008078,FAN_IN,1
tx26146_00008079,FAN_IN,1
tx26146_00008080,FAN_IN,1
tx26146_00008081,FAN_IN,1
tx26146_00008082,FAN_IN,1
tx26146_00008083,FAN_IN,1
tx26146_00008084,FAN_IN,1
tx26146_00008085,FAN_IN,1
tx26146_00008086,FAN_IN,1
tx26146_00008087,FAN_IN,1
tx26146_00008088,FAN_IN,1
tx26146_00008089,FAN_IN,1
tx26146_00008090,FAN_IN,1
tx26146_00008091,FAN_IN,1
tx26146_00008092,FAN_IN,1
tx26146_00008093,FAN_IN,1
tx26146_00008094,FAN_IN,1
tx26146_00008095,FAN_IN,1
tx26146_00008096,FAN_IN,1
tx26146_00008097,FAN_IN,1
tx26146_00008098,FAN_IN,1
tx26146_00008099,FAN_IN,1
tx26146_00008100,FAN_IN,1
tx26146_00008101,FAN_IN,1
tx26146_00008102,FAN_IN,1
tx26146_00008103,FAN_IN,1
tx26146_00008104,FAN_IN,1
tx26146_00008105,FAN_IN,1
tx26146_00008106,FAN_IN,1
tx26146_00008107,FAN_IN,1
tx26146_00008108,FAN_IN,1
tx26146_00008109,FAN_IN,1
tx26146_00008110,FAN_IN,1
tx26146_00008111,FAN_IN,1
tx26146_00008112,FAN_IN,1
tx26146_00008113,FAN_IN,1
tx26146_00008114,FAN_IN,1
tx26146_00008115,FAN_IN,1
tx26146_00008116,FAN_IN,1
tx26146_00008117,FAN_IN,1
tx26146_00008118,FAN_IN,1
tx26146_00008119,FAN_IN,1
tx26146_00008120,FAN_IN,1
tx26146_00008121,FAN_IN,1
tx26146_00008122,FAN_IN,1
tx26146_00008123,FAN_IN,1
tx26146_00008124,FAN_IN,1
tx26146_00008125,FAN_IN,1
tx26146_00008126,FAN_IN,1
tx26146_00008127,FAN_IN,1
tx26146_00008128,FAN_IN,1
tx26146_00008129,FAN_IN,1
tx26146_00008130,FAN_IN,1
tx26146_00008131,FAN_IN,1
tx26146_00008132,FAN_IN,1
tx26146_00008133,FAN_IN,1
tx26146_00008134,FAN_IN,1
tx26146_00008135,FAN_IN,1
tx26146_00008136,FAN_IN,1
tx26146_00008137,FAN_IN,1
tx26146_00008138,FAN_IN,1
tx26146_00008139,FAN_IN,1
tx26146_00008140,FAN_IN,1
tx26146_00008141,FAN_IN,1
tx26146_00008142,FAN_IN,1
tx26146_00008143,FAN_IN,1
tx26146_00008144,FAN_IN,1
tx26146_00008145,FAN_IN,1
tx26146_00008146,FAN_IN,1
tx26146_00008147,FAN_IN,1
tx26146_00008148,FAN_IN,1
tx26146_00008149,FAN_IN,1
tx26146_00008150,FAN_IN,1
tx26146_00008151,FAN_IN,1
tx26146_00008152,FAN_IN,1
tx26146_00008153,FAN_IN,1
tx26146_00008154,FAN_IN,1
tx26146_00008155,FAN_IN,1
tx26146_00008156,FAN_IN,1
tx26146_00008157,FAN_IN,1
tx26146_00008158,FAN_IN,1
tx26146_00008159,FAN_IN,1
tx26146_00008160,FAN_IN,1
tx26146_00008161,FAN_IN,1
tx26146_00008162,FAN_IN,1
tx26146_00008163,FAN_IN,1
tx26146_00008164,FAN_IN,1
tx26146_00008165,FAN_IN,1
tx26146_00008166,FAN_IN,1
tx26146_00008167,FAN_IN,1
tx26146_00008168,FAN_IN,1
tx26146_00008169,FAN_IN,1
tx26146_00008170,FAN_IN,1
tx26146_00008171,FAN_IN,1
tx26146_00008172,FAN_IN,1
tx26146_00008173,FAN_IN,1
tx26146_00008174,FAN_IN,1
tx26146_00008175,FAN_IN,1
tx26146_00008176,FAN_IN,1
tx26146_00008177,FAN_IN,1
tx26146_00008178,FAN_IN,1
tx26146_00008179,FAN_IN,1
tx26146_00008180,FAN_IN,1
tx26146_00008181,FAN_IN,1
tx26146_00008182,FAN_IN,1
tx26146_00008183,FAN_IN,1
tx26146_00008184,FAN_IN,1
tx26146_00008185,FAN_IN,1
tx26146_00008186,FAN_IN,1
tx26146_00008187,FAN_IN,1
tx26146_00008188,FAN_IN,1
tx26146_00008189,FAN_IN,1
tx26146_00008190,FAN_IN,1
tx26146_00008191,FAN_IN,1
tx26146_00008192,FAN_IN,1
tx26146_00008193,FAN_IN,1
tx26146_00008194,FAN_IN,1
tx26146_00008195,FAN_IN,1
tx26146_00008196,FAN_IN,1
tx26146_00008197,FAN_IN,1
tx26146_00008198,FAN_IN,1
tx26146_00008199,FAN_IN,1
tx26146_00008200,FAN_IN,1
tx26146_00008201,FAN_IN,1
tx26146_00008202,FAN_IN,1
tx26146_00008203,FAN_IN,1
tx26146_00008204,FAN_IN,1
tx26146_00008205,FAN_IN,1
tx26146_00008206,FAN_IN,1
tx26146_00008207,FAN_IN,1
tx26146_00008208,FAN_IN,1
tx26146_00008209,FAN_IN,1
tx26146_00008210,FAN_IN,1
tx26146_00008211,FAN_IN,1
tx26146_00008212,FAN_IN,1
tx26146_00008213,FAN_IN,1
tx26146_00008214,FAN_IN,1
tx26146_00008215,FAN_IN,1
tx26146_00008216,FAN_IN,1
tx26146_00008217,FAN_IN,1
tx26146_00008218,FAN_IN,1
tx26146_00008219,FAN_IN,1
tx26146_00008220,FAN_IN,1
tx26146_00008221,FAN_IN,1
tx26146_00008222,FAN_IN,1
tx26146_00008223,FAN_IN,1
tx26146_00008224,FAN_IN,1
tx26146_00008225,FAN_IN,1
tx26146_00008226,FAN_IN,1
tx26146_00008227,FAN_IN,1
tx26146_00008228,FAN_IN,1
tx26146_00008229,FAN_IN,1
tx26146_00008230,FAN_IN,1
tx26146_00008231,FAN_IN,1
tx26146_00008232,FAN_IN,1
tx26146_00008233,FAN_IN,1
tx26146_00008234,FAN_IN,1
tx26146_00008235,FAN_IN,1
tx26146_00008236,FAN_IN,1
tx26146_00008237,FAN_IN,1
tx26146_00008238,FAN_IN,1
tx26146_00008239,FAN_IN,1
tx26146_00008240,FAN_IN,1
tx26146_00008241,FAN_IN,1
tx26146_00008242,FAN_IN,1
tx26146_00008243,FAN_IN,1
tx26146_00008244,FAN_IN,1
tx26146_00008245,FAN_IN,1
tx26146_00008246,FAN_IN,1
tx26146_00008247,FAN_IN,1
tx26146_00008248,FAN_IN,1
tx26146_00008249,FAN_IN,1
tx26146_00008250,FAN_IN,1
tx26146_00008251,FAN_IN,1
tx26146_00008252,FAN_IN,1
tx26146_00008253,FAN_IN,1
tx26146_00008254,FAN_IN,1
tx26146_00008255,FAN_IN,1
tx26146_00008256,FAN_IN,1
tx26146_00008257,FAN_IN,1
tx26146_00008258,FAN_IN,1
tx26146_00008259,FAN_IN,1
tx26146_00008260,FAN_IN,1
tx26146_00008261,FAN_IN,1
tx26146_00008262,FAN_IN,1
tx26146_00008263,FAN_IN,1
tx26146_00008264,FAN_IN,1
tx26146_00008265,FAN_IN,1
tx26146_00008266,FAN_IN,1
tx26146_00008267,FAN_IN,1
tx26146_00008268,FAN_IN,1
tx26146_00008269,FAN_IN,1
tx26146_00008270,FAN_IN,1
tx26146_00008271,FAN_IN,1
tx26146_00008272,FAN_IN,1
tx26146_00008273,FAN_IN,1
tx26146_00008274,FAN_IN,1
tx26146_00008275,FAN_IN,1
tx26146_00008276,FAN_IN,1
tx26146_00008277,FAN_IN,1
tx26146_00008278,FAN_IN,1
tx26146_00008279,FAN_IN,1
tx26146_00008280,FAN_IN,1
tx26146_00008281,FAN_IN,1
tx26146_00008282,FAN_IN,1
tx26146_00008283,FAN_IN,1
tx26146_00008284,FAN_IN,1
tx26146_00008285,FAN_IN,1
tx26146_00008286,FAN_IN,1
tx26146_00008287,FAN_IN,1
tx26146_00008288,FAN_IN,1
tx26146_00008289,FAN_IN,1
tx26146_00008290,FAN_IN,1
tx26146_00008291,FAN_IN,1
tx26146_00008292,FAN_IN,1
tx26146_00008293,FAN_IN,1
tx26146_00008294,FAN_IN,1
tx26146_00008295,FAN_IN,1
tx26146_00008296,FAN_IN,1
tx26146_00008297,FAN_IN,1
tx26146_00008298,FAN_IN,1
tx26146_00008299,FAN_IN,1
tx26146_00008300,FAN_IN,1
tx26146_00008301,FAN_IN,1
tx26146_00008302,FAN_IN,1
tx26146_00008303,FAN_IN,1
tx26146_00008304,FAN_IN,1
tx26146_00008305,FAN_IN,1
tx26146_00008306,FAN_IN,1
tx26146_00008307,FAN_IN,1
tx26146_00008308,FAN_IN,1
tx26146_00008309,FAN_IN,1
tx26146_00008310,FAN_IN,1
tx26146_00008311,FAN_IN,1
tx26146_00008312,FAN_IN,1
tx26146_00008313,FAN_IN,1
tx26146_00008314,FAN_IN,1
tx26146_00008315,FAN_IN,1
tx26146_00008316,FAN_IN,1
tx26146_00008317,FAN_IN,1
tx26146_00008318,FAN_IN,1
tx26146_00008319,FAN_IN,1
tx26146_00008320,FAN_IN,1
tx26146_00008321,FAN_IN,1
tx26146_00008322,FAN_IN,1
tx26146_00008323,FAN_IN,1
tx26146_00008324,FAN_IN,1
tx26146_00008325,FAN_IN,1
tx26146_00008326,FAN_IN,1
tx26146_00008327,FAN_IN,1
tx26146_00008328,FAN_IN,1
tx26146_00008329,FAN_IN,1
tx26146_00008330,FAN_IN,1
tx26146_00008331,FAN_IN,1
tx26146_00008332,FAN_IN,1
tx26146_00008333,FAN_IN,1
tx26146_00008334,FAN_IN,1
tx26146_00008335,FAN_IN,1
tx26146_00008336,FAN_IN,1
tx26146_00008337,FAN_IN,1
tx26146_00008338,FAN_IN,1
tx26146_00008339,FAN_IN,1
tx26146_00008340,FAN_IN,1
tx26146_00008341,FAN_IN,1
tx26146_00008342,FAN_IN,1
tx26146_00008343,FAN_IN,1
tx26146_00008344,FAN_IN,1
tx26146_00008345,FAN_IN,1
tx26146_00008346,FAN_IN,1
tx26146_00008347,FAN_IN,1
tx26146_00008348,FAN_IN,1
tx26146_00008349,FAN_IN,1
tx26146_00008350,FAN_IN,1
tx26146_00008351,FAN_IN,1
tx26146_00008352,FAN_IN,1
tx26146_00008353,FAN_IN,1
tx26146_00008354,FAN_IN,1
tx26146_00008355,FAN_IN,1
tx26146_00008356,FAN_IN,1
tx26146_00008357,FAN_IN,1
tx26146_00008358,FAN_IN,1
tx26146_00008359,FAN_IN,1
tx26146_00008360,FAN_IN,1
tx26146_00008361,FAN_IN,1
tx26146_00008362,FAN_IN,1
tx26146_00008363,FAN_IN,1
tx26146_00008364,FAN_IN,1
tx26146_00008365,FAN_IN,1
tx26146_00008366,FAN_IN,1
tx26146_00008367,FAN_IN,1
tx26146_00008368,FAN_IN,1
tx26146_00008369,FAN_IN,1
tx26146_00008370,FAN_IN,1
tx26146_00008371,FAN_IN,1
tx26146_00008372,FAN_IN,1
tx26146_00008373,FAN_IN,1
tx26146_00008374,FAN_IN,1
tx26146_00008375,FAN_IN,1
tx26146_00008376,FAN_IN,1
tx26146_00008377,FAN_IN,1
tx26146_00008378,FAN_IN,1
tx26146_00008379,FAN_IN,1
tx26146_00008380,FAN_IN,1
tx26146_00008381,FAN_IN,1
tx26146_00008382,FAN_IN,1
tx26146_00008383,FAN_IN,1
tx26146_00008384,FAN_IN,1
tx26146_00008385,FAN_IN,1
tx26146_00008386,FAN_IN,1
tx26146_00008387,FAN_IN,1
tx26146_00008388,FAN_IN,1
tx26146_00008389,FAN_IN,1
tx26146_00008390,FAN_IN,1
tx26146_00008391,FAN_IN,1
tx26146_00008392,FAN_IN,1
tx26146_00008393,FAN_IN,1
tx26146_00008394,FAN_IN,1
tx26146_00008395,FAN_IN,1
tx26146_00008396,FAN_IN,1
tx26146_00008397,FAN_IN,1
tx26146_00008398,FAN_IN,1
tx26146_00008399,FAN_IN,1
tx26146_00008400,FAN_IN,1
tx26146_00008401,FAN_IN,1
tx26146_00008402,FAN_IN,1
tx26146_00008403,FAN_IN,1
tx26146_00008404,FAN_IN,1
tx26146_00008405,FAN_IN,1
tx26146_00008406,FAN_IN,1
tx26146_00008407,FAN_IN,1
tx26146_00008408,FAN_IN,1
tx26146_00008409,FAN_IN,1
tx26146_00008410,FAN_IN,1
tx26146_00008411,FAN_IN,1
tx26146_00008412,FAN_IN,1
tx26146_00008413,FAN_IN,1
tx26146_00008414,FAN_IN,1
tx26146_00008415,FAN_IN,1
tx26146_00008416,FAN_IN,1
tx26146_00008417,FAN_IN,1
tx26146_00008418,FAN_IN,1
tx26146_00008419,FAN_IN,1
tx26146_00008420,FAN_IN,1
tx26146_00008421,FAN_IN,1
tx26146_00008422,FAN_IN,1
tx26146_00008423,FAN_IN,1
tx26146_00008424,FAN_IN,1
tx26146_00008425,FAN_IN,1
tx26146_00008426,FAN_IN,1
tx26146_00008427,FAN_IN,1
tx26146_00008428,FAN_IN,1
tx26146_00008429,FAN_IN,1
tx26146_00008430,FAN_IN,1
tx26146_00008431,FAN_IN,1
tx26146_00008432,FAN_IN,1
tx26146_00008433,FAN_IN,1
tx26146_00008434,FAN_IN,1
tx26146_00008435,FAN_IN,1
tx26146_00008436,FAN_IN,1
tx26146_00008437,FAN_IN,1
tx26146_00008438,FAN_IN,1
tx26146_00008439,FAN_IN,1
tx26146_00008440,FAN_IN,1
tx26146_00008441,FAN_IN,1
tx26146_00008442,FAN_IN,1
tx26146_00008443,FAN_IN,1
tx26146_00008444,FAN_IN,1
tx26146_00008445,FAN_IN,1
tx26146_00008446,FAN_IN,1
tx26146_00008447,FAN_IN,1
tx26146_00008448,FAN_IN,1
tx26146_00008449,FAN_IN,1
tx26146_00008450,FAN_IN,1
tx26146_00008451,FAN_IN,1
tx26146_00008452,FAN_IN,1
tx26146_00008453,FAN_IN,1
tx26146_00008454,FAN_IN,1
tx26146_00008455,FAN_IN,1
tx26146_00008456,FAN_IN,1
tx26146_00008457,FAN_IN,1
tx26146_00008458,FAN_IN,1
tx26146_00008459,FAN_IN,1
tx26146_00008460,FAN_IN,1
tx26146_00008461,FAN_IN,1
tx26146_00008462,FAN_IN,1
tx26146_00008463,FAN_IN,1
tx26146_00008464,FAN_IN,1
tx26146_00008465,FAN_IN,1
tx26146_00008466,FAN_IN,1
tx26146_00008467,FAN_IN,1
tx26146_00008468,FAN_IN,1
tx26146_00008469,FAN_IN,1
tx26146_00008470,FAN_IN,1
tx26146_00008471,FAN_IN,1
tx26146_00008472,FAN_IN,1
tx26146_00008473,FAN_IN,1
tx26146_00008474,FAN_IN,1
tx26146_00008475,FAN_IN,1
tx26146_00008476,FAN_IN,1
tx26146_00008477,FAN_IN,1
tx26146_00008478,FAN_IN,1
tx26146_00008479,FAN_IN,1
tx26146_00008480,FAN_IN,1
tx26146_00008481,FAN_IN,1
tx26146_00008482,FAN_IN,1
tx26146_00008483,FAN_IN,1
tx26146_00008484,FAN_IN,1
tx26146_00008485,FAN_IN,1
tx26146_00008486,FAN_IN,1
tx26146_00008487,FAN_IN,1
tx26146_00008488,FAN_IN,1
tx26146_00008489,FAN_IN,1
tx26146_00008490,FAN_IN,1
tx26146_00008491,FAN_IN,1
tx26146_00008492,FAN_IN,1
tx26146_00008493,FAN_IN,1
tx26146_00008494,FAN_IN,1
tx26146_00008495,FAN_IN,1
tx26146_00008496,FAN_IN,1
tx26146_00008497,FAN_IN,1
tx26146_00008498,FAN_IN,1
tx26146_00008499,FAN_IN,1
tx26146_00008500,FAN_IN,1
tx26146_00008501,FAN_IN,1
tx26146_00008502,FAN_IN,1
tx26146_00008503,FAN_IN,1
tx26146_00008504,FAN_IN,1
tx26146_00008505,FAN_IN,1
tx26146_00008506,FAN_IN,1
tx26146_00008507,FAN_IN,1
tx26146_00008508,FAN_IN,1
tx26146_00008509,FAN_IN,1
tx26146_00008510,FAN_IN,1
tx26146_00008511,FAN_IN,1
tx26146_00008512,FAN_IN,1
tx26146_00008513,FAN_IN,1
tx26146_00008514,FAN_IN,1
tx26146_00008515,FAN_IN,1
tx26146_00008516,FAN_IN,1
tx26146_00008517,FAN_IN,1
tx26146_00008518,FAN_IN,1
tx26146_00008519,FAN_IN,1
tx26146_00008520,FAN_IN,1
tx26146_00008521,FAN_IN,1
tx26146_00008522,FAN_IN,1
tx26146_00008523,FAN_IN,1
tx26146_00008524,FAN_IN,1
tx26146_00008525,FAN_IN,1
tx26146_00008526,FAN_IN,1
tx26146_00008527,FAN_IN,1
tx26146_00008528,FAN_IN,1
tx26146_00008529,FAN_IN,1
tx26146_00008530,FAN_IN,1
tx26146_00008531,FAN_IN,1
tx26146_00008532,FAN_IN,1
tx26146_00008533,FAN_IN,1
tx26146_00008534,FAN_IN,1
tx26146_00008535,FAN_IN,1
tx26146_00008536,FAN_IN,1
tx26146_00008537,FAN_IN,1
tx26146_00008538,FAN_IN,1
tx26146_00008539,FAN_IN,1
tx26146_00008540,FAN_IN,1
tx26146_00008541,FAN_IN,1
tx26146_00008542,FAN_IN,1
tx26146_00008543,FAN_IN,1
tx26146_00008544,FAN_IN,1
tx26146_00008545,FAN_IN,1
tx26146_00008546,FAN_IN,1
tx26146_00008547,FAN_IN,1
tx26146_00008548,FAN_IN,1
tx26146_00008549,FAN_IN,1
tx26146_00008550,FAN_IN,1
tx26146_00008551,FAN_IN,1
tx26146_00008552,FAN_IN,1
tx26146_00008553,FAN_IN,1
tx26146_00008554,FAN_IN,1
tx26146_00008555,FAN_IN,1
tx26146_00008556,FAN_IN,1
tx26146_00008557,FAN_IN,1
tx26146_00008558,FAN_IN,1
tx26146_00008559,FAN_IN,1
tx26146_00008560,FAN_IN,1
tx26146_00008561,FAN_IN,1
tx26146_00008562,FAN_IN,1
tx26146_00008563,FAN_IN,1
tx26146_00008564,FAN_IN,1
tx26146_00008565,FAN_IN,1
tx26146_00008566,FAN_IN,1
tx26146_00008567,FAN_IN,1
tx26146_00008568,FAN_IN,1
tx26146_00008569,FAN_IN,1
tx26146_00008570,FAN_IN,1
tx26146_00008571,FAN_IN,1
tx26146_00008572,FAN_IN,1
tx26146_00008573,FAN_IN,1
tx26146_00008574,FAN_IN,1
tx26146_00008575,FAN_IN,1
tx26146_00008576,FAN_IN,1
tx26146_00008577,FAN_IN,1
tx26146_00008578,FAN_IN,1
tx26146_00008579,FAN_IN,1
tx26146_00008580,FAN_IN,1
tx26146_00008581,FAN_IN,1
tx26146_00008582,FAN_IN,1
tx26146_00008583,FAN_IN,1
tx26146_00008584,FAN_IN,1
tx26146_00008585,FAN_IN,1
tx26146_00008586,FAN_IN,1
tx26146_00008587,FAN_IN,1
tx26146_00008588,FAN_IN,1
tx26146_00008589,FAN_IN,1
tx26146_00008590,FAN_IN,1
tx26146_00008591,FAN_IN,1
tx26146_00008592,FAN_IN,1
tx26146_00008593,FAN_IN,1
tx26146_00008594,FAN_IN,1
tx26146_00008595,FAN_IN,1
tx26146_00008596,FAN_IN,1
tx26146_00008597,FAN_IN,1
tx26146_00008598,FAN_IN,1
tx26146_00008599,FAN_IN,1
tx26146_00008600,FAN_IN,1
tx26146_00008601,FAN_IN,1
tx26146_00008602,FAN_IN,1
tx26146_00008603,FAN_IN,1
tx26146_00008604,FAN_IN,1
tx26146_00008605,FAN_IN,1
tx26146_00008606,FAN_IN,1
tx26146_00008607,FAN_IN,1
tx26146_00008608,FAN_IN,1
tx26146_00008609,FAN_IN,1
tx26146_00008610,FAN_IN,1
tx26146_00008611,FAN_IN,1
tx26146_00008612,FAN_IN,1
tx26146_00008613,FAN_IN,1
tx26146_00008614,FAN_IN,1
tx26146_00008615,FAN_IN,1
tx26146_00008616,FAN_IN,1
tx26146_00008617,FAN_IN,1
tx26146_00008618,FAN_IN,1
tx26146_00008619,FAN_IN,1
tx26146_00008620,FAN_IN,1
tx26146_00008621,FAN_IN,1
tx26146_00008622,FAN_IN,1
tx26146_00008623,FAN_IN,1
tx26146_00008624,FAN_IN,1
tx26146_00008625,FAN_IN,1
tx26146_00008626,FAN_IN,1
tx26146_00008627,FAN_IN,1
tx26146_00008628,FAN_IN,1
tx26146_00008629,FAN_IN,1
tx26146_00008630,FAN_IN,1
tx26146_00008631,FAN_IN,1
tx26146_00008632,FAN_IN,1
tx26146_00008633,FAN_IN,1
tx26146_00008634,FAN_IN,1
tx26146_00008635,FAN_IN,1
tx26146_00008636,FAN_IN,1
tx26146_00008637,FAN_IN,1
tx26146_00008638,FAN_IN,1
tx26146_00008639,FAN_IN,1
tx26146_00008640,FAN_IN,1
tx26146_00008641,FAN_IN,1
tx26146_00008642,FAN_IN,1
tx26146_00008643,FAN_IN,1
tx26146_00008644,FAN_IN,1
tx26146_00008645,FAN_IN,1
tx26146_00008646,FAN_IN,1
tx26146_00008647,FAN_IN,1
tx26146_00008648,FAN_IN,1
tx26146_00008649,FAN_IN,1
tx26146_00008650,FAN_IN,1
tx26146_00008651,FAN_IN,1
tx26146_00008652,FAN_IN,1
tx26146_00008653,FAN_IN,1
tx26146_00008654,FAN_IN,1
tx26146_00008655,FAN_IN,1
tx26146_00008656,FAN_IN,1
tx26146_00008657,FAN_IN,1
tx26146_00008658,FAN_IN,1
tx26146_00008659,FAN_IN,1
tx26146_00008660,FAN_IN,1
tx26146_00008661,FAN_IN,1
tx26146_00008662,FAN_IN,1
tx26146_00008663,FAN_IN,1
tx26146_00008664,FAN_IN,1
tx26146_00008665,FAN_IN,1
tx26146_00008666,FAN_IN,1
tx26146_00008667,FAN_IN,1
tx26146_00008668,FAN_IN,1
tx26146_00008669,FAN_IN,1
tx26146_00008670,FAN_IN,1
tx26146_00008671,FAN_IN,1
tx26146_00008672,FAN_IN,1
tx26146_00008673,FAN_IN,1
tx26146_00008674,FAN_IN,1
tx26146_00008675,FAN_IN,1
tx26146_00008676,FAN_IN,1
tx26146_00008677,FAN_IN,1
tx26146_00008678,FAN_IN,1
tx26146_00008679,FAN_IN,1
tx26146_00008680,FAN_IN,1
tx26146_00008681,FAN_IN,1
tx26146_00008682,FAN_IN,1
tx26146_00008683,FAN_IN,1
tx26146_00008684,FAN_IN,1
tx26146_00008685,FAN_IN,1
tx26146_00008686,FAN_IN,1
tx26146_00008687,FAN_IN,1
tx26146_00008688,FAN_IN,1
tx26146_00008689,FAN_IN,1
tx26146_00008690,FAN_IN,1
tx26146_00008691,FAN_IN,1
tx26146_00008692,FAN_IN,1
tx26146_00008693,FAN_IN,1
tx26146_00008694,FAN_IN,1
tx26146_00008695,FAN_IN,1
tx26146_00008696,FAN_IN,1
tx26146_00008697,FAN_IN,1
tx26146_00008698,FAN_IN,1
tx26146_00008699,FAN_IN,1
tx26146_00008700,FAN_IN,1
tx26146_00008701,FAN_IN,1
tx26146_00008702,FAN_IN,1
tx26146_00008703,FAN_IN,1
tx26146_00008704,FAN_IN,1
tx26146_00008705,FAN_IN,1
tx26146_00008706,FAN_IN,1
tx26146_00008707,FAN_IN,1
tx26146_00008708,FAN_IN,1
tx26146_00008709,FAN_IN,1
tx26146_00008710,FAN_IN,1
tx26146_00008711,FAN_IN,1
tx26146_00008712,FAN_IN,1
tx26146_00008713,FAN_IN,1
tx26146_00008714,FAN_IN,1
tx26146_00008715,FAN_IN,1
tx26146_00008716,FAN_IN,1
tx26146_00008717,FAN_IN,1
tx26146_00008718,FAN_IN,1
tx26146_00008719,FAN_IN,1
tx26146_00008720,FAN_IN,1
tx26146_00008721,FAN_IN,1
tx26146_00008722,FAN_IN,1
tx26146_00008723,FAN_IN,1
tx26146_00008724,FAN_IN,1
tx26146_00008725,FAN_IN,1
tx26146_00008726,FAN_IN,1
tx26146_00008727,FAN_IN,1
tx26146_00008728,FAN_IN,1
tx26146_00008729,FAN_IN,1
tx26146_00008730,FAN_IN,1
tx26146_00008731,FAN_IN,1
tx26146_00008732,FAN_IN,1
tx26146_00008733,FAN_IN,1
tx26146_00008734,FAN_IN,1
tx26146_00008735,FAN_IN,1
tx26146_00008736,FAN_IN,1
tx26146_00008737,FAN_IN,1
tx26146_00008738,FAN_IN,1
tx26146_00008739,FAN_IN,1
tx26146_00008740,FAN_IN,1
tx26146_00008741,FAN_IN,1
tx26146_00008742,FAN_IN,1
tx26146_00008743,FAN_IN,1
tx26146_00008744,FAN_IN,1
tx26146_00008745,FAN_IN,1
tx26146_00008746,FAN_IN,1
tx26146_00008747,FAN_IN,1
tx26146_00008748,FAN_IN,1
tx26146_00008749,FAN_IN,1
tx26146_00008750,FAN_IN,1
tx26146_00008751,FAN_IN,1
tx26146_00008752,FAN_IN,1
tx26146_00008753,FAN_IN,1
tx26146_00008754,FAN_IN,1
tx26146_00008755,FAN_IN,1
tx26146_00008756,FAN_IN,1
tx26146_00008757,FAN_IN,1
tx26146_00008758,FAN_IN,1
tx26146_00008759,FAN_IN,1
tx26146_00008760,FAN_IN,1
tx26146_00008761,FAN_IN,1
tx26146_00008762,FAN_IN,1
tx26146_00008763,FAN_IN,1
tx26146_00008764,FAN_IN,1
tx26146_00008765,FAN_IN,1
tx26146_00008766,FAN_IN,1
tx26146_00008767,FAN_IN,1
tx26146_00008768,FAN_IN,1
tx26146_00008769,FAN_IN,1
tx26146_00008770,FAN_IN,1
tx26146_00008771,FAN_IN,1
tx26146_00008772,FAN_IN,1
tx26146_00008773,FAN_IN,1
tx26146_00008774,FAN_IN,1
tx26146_00008775,FAN_IN,1
tx26146_00008776,FAN_IN,1
tx26146_00008777,FAN_IN,1
tx26146_00008778,FAN_IN,1
tx26146_00008779,FAN_IN,1
tx26146_00008780,FAN_IN,1
tx26146_00008781,FAN_IN,1
tx26146_00008782,FAN_IN,1
tx26146_00008783,FAN_IN,1
tx26146_00008784,FAN_IN,1
tx26146_00008785,FAN_IN,1
tx26146_00008786,FAN_IN,1
tx26146_00008787,FAN_IN,1
tx26146_00008788,FAN_IN,1
tx26146_00008789,FAN_IN,1
tx26146_00008790,FAN_IN,1
tx26146_00008791,FAN_IN,1
tx26146_00008792,FAN_IN,1
tx26146_00008793,FAN_IN,1
tx26146_00008794,FAN_IN,1
tx26146_00008795,FAN_IN,1
tx26146_00008796,FAN_IN,1
tx26146_00008797,FAN_IN,1
tx26146_00008798,FAN_IN,1
tx26146_00008799,FAN_IN,1
tx26146_00008800,FAN_IN,1
tx26146_00008801,FAN_IN,1
tx26146_00008802,FAN_IN,1
tx26146_00008803,FAN_IN,1
tx26146_00008804,FAN_IN,1
tx26146_00008805,FAN_IN,1
tx26146_00008806,FAN_IN,1
tx26146_00008807,FAN_IN,1
tx26146_00008808,FAN_IN,1
tx26146_00008809,FAN_IN,1
tx26146_00008810,FAN_IN,1
tx26146_00008811,FAN_IN,1
tx26146_00008812,FAN_IN,1
tx26146_00008813,FAN_IN,1
tx26146_00008814,FAN_IN,1
tx26146_00008815,FAN_IN,1
tx26146_00008816,FAN_IN,1
tx26146_00008817,FAN_IN,1
tx26146_00008818,FAN_IN,1
tx26146_00008819,FAN_IN,1
tx26146_00008820,FAN_IN,1
tx26146_00008821,FAN_IN,1
tx26146_00008822,FAN_IN,1
tx26146_00008823,FAN_IN,1
tx26146_00008824,FAN_IN,1
tx26146_00008825,FAN_IN,1
tx26146_00008826,FAN_IN,1
tx26146_00008827,FAN_IN,1
tx26146_00008828,FAN_IN,1
tx26146_00008829,FAN_IN,1
tx26146_00008830,FAN_IN,1
tx26146_00008831,FAN_IN,1
tx26146_00008832,FAN_IN,1
tx26146_00008833,FAN_IN,1
tx26146_00008834,FAN_IN,1
tx26146_00008835,FAN_IN,1
tx26146_00008836,FAN_IN,1
tx26146_00008837,FAN_IN,1
tx26146_00008838,FAN_IN,1
tx26146_00008839,FAN_IN,1
tx26146_00008840,FAN_IN,1
tx26146_00008841,FAN_IN,1
tx26146_00008842,FAN_IN,1
tx26146_00008843,FAN_IN,1
tx26146_00008844,FAN_IN,1
tx26146_00008845,FAN_IN,1
tx26146_00008846,FAN_IN,1
tx26146_00008847,FAN_IN,1
tx26146_00008848,FAN_IN,1
tx26146_00008849,FAN_IN,1
tx26146_00008850,FAN_IN,1
tx26146_00008851,FAN_IN,1
tx26146_00008852,FAN_IN,1
tx26146_00008853,FAN_IN,1
tx26146_00008854,FAN_IN,1
tx26146_00008855,FAN_IN,1
tx26146_00008856,FAN_IN,1
tx26146_00008857,FAN_IN,1
tx26146_00008858,FAN_IN,1
tx26146_00008859,FAN_IN,1
tx26146_00008860,FAN_IN,1
tx26146_00008861,FAN_IN,1
tx26146_00008862,FAN_IN,1
tx26146_00008863,FAN_IN,1
tx26146_00008864,FAN_IN,1
tx26146_00008865,FAN_IN,1
tx26146_00008866,FAN_IN,1
tx26146_00008867,FAN_IN,1
tx26146_00008868,FAN_IN,1
tx26146_00008869,FAN_IN,1
tx26146_00008870,FAN_IN,1
tx26146_00008871,FAN_IN,1
tx26146_00008872,FAN_IN,1
tx26146_00008873,FAN_IN,1
tx26146_00008874,FAN_IN,1
tx26146_00008875,FAN_IN,1
tx26146_00008876,FAN_IN,1
tx26146_00008877,FAN_IN,1
tx26146_00008878,FAN_IN,1
tx26146_00008879,FAN_IN,1
tx26146_00008880,FAN_IN,1
tx26146_00008881,FAN_IN,1
tx26146_00008882,FAN_IN,1
tx26146_00008883,FAN_IN,1
tx26146_00008884,FAN_IN,1
tx26146_00008885,FAN_IN,1
tx26146_00008886,FAN_IN,1
tx26146_00008887,FAN_IN,1
tx26146_00008888,FAN_IN,1
tx26146_00008889,FAN_IN,1
tx26146_00008890,FAN_IN,1
tx26146_00008891,FAN_IN,1
tx26146_00008892,FAN_IN,1
tx26146_00008893,FAN_IN,1
tx26146_00008894,FAN_IN,1
tx26146_00008895,FAN_IN,1
tx26146_00008896,FAN_IN,1
tx26146_00008897,FAN_IN,1
tx26146_00008898,FAN_IN,1
tx26146_00008899,FAN_IN,1
tx26146_00008900,FAN_IN,1
tx26146_00008901,FAN_IN,1
tx26146_00008902,FAN_IN,1
tx26146_00008903,FAN_IN,1
tx26146_00008904,FAN_IN,1
tx26146_00008905,FAN_IN,1
tx26146_00008906,FAN_IN,1
tx26146_00008907,FAN_IN,1
tx26146_00008908,FAN_IN,1
tx26146_00008909,FAN_IN,1
tx26146_00008910,FAN_IN,1
tx26146_00008911,FAN_IN,1
tx26146_00008912,FAN_IN,1
tx26146_00008913,FAN_IN,1
tx26146_00008914,FAN_IN,1
tx26146_00008915,FAN_IN,1
tx26146_00008916,FAN_IN,1
tx26146_00008917,FAN_IN,1
tx26146_00008918,FAN_IN,1
tx26146_00008919,FAN_IN,1
tx26146_00008920,FAN_IN,1
tx26146_00008921,FAN_IN,1
tx26146_00008922,FAN_IN,1
tx26146_00008923,FAN_IN,1
tx26146_00008924,FAN_IN,1
tx26146_00008925,FAN_IN,1
tx26146_00008926,FAN_IN,1
tx26146_00008927,FAN_IN,1
tx26146_00008928,FAN_IN,1
tx26146_00008929,FAN_IN,1
tx26146_00008930,FAN_IN,1
tx26146_00008931,FAN_IN,1
tx26146_00008932,FAN_IN,1
tx26146_00008933,FAN_IN,1
tx26146_00008934,FAN_IN,1
tx26146_00008935,FAN_IN,1
tx26146_00008936,FAN_IN,1
tx26146_00008937,FAN_IN,1
tx26146_00008938,FAN_IN,1
tx26146_00008939,FAN_IN,1
tx26146_00008940,FAN_IN,1
tx26146_00008941,FAN_IN,1
tx26146_00008942,FAN_IN,1
tx26146_00008943,FAN_IN,1
tx26146_00008944,FAN_IN,1
tx26146_00008945,FAN_IN,1
tx26146_00008946,FAN_IN,1
tx26146_00008947,FAN_IN,1
tx26146_00008948,FAN_IN,1
tx26146_00008949,FAN_IN,1
tx26146_00008950,FAN_IN,1
tx26146_00008951,FAN_IN,1
tx26146_00008952,FAN_IN,1
tx26146_00008953,FAN_IN,1
tx26146_00008954,FAN_IN,1
tx26146_00008955,FAN_IN,1
tx26146_00008956,FAN_IN,1
tx26146_00008957,FAN_IN,1
tx26146_00008958,FAN_IN,1
tx26146_00008959,FAN_IN,1
tx26146_00008960,FAN_IN,1
tx26146_00008961,FAN_IN,1
tx26146_00008962,FAN_IN,1
tx26146_00008963,FAN_IN,1
tx26146_00008964,FAN_IN,1
tx26146_00008965,FAN_IN,1
tx26146_00008966,FAN_IN,1
tx26146_00008967,FAN_IN,1
tx26146_00008968,FAN_IN,1
tx26146_00008969,FAN_IN,1
tx26146_00008970,FAN_IN,1
tx26146_00008971,FAN_IN,1
tx26146_00008972,FAN_IN,1
tx26146_00008973,FAN_IN,1
tx26146_00008974,FAN_IN,1
tx26146_00008975,FAN_IN,1
tx26146_00008976,FAN_IN,1
tx26146_00008977,FAN_IN,1
tx26146_00008978,FAN_IN,1
tx26146_00008979,FAN_IN,1
tx26146_00008980,FAN_IN,1
tx26146_00008981,FAN_IN,1
tx26146_00008982,FAN_IN,1
tx26146_00008983,FAN_IN,1
tx26146_00008984,FAN_IN,1
tx26146_00008985,FAN_IN,1
tx26146_00008986,FAN_IN,1
tx26146_00008987,FAN_IN,1
tx26146_00008988,FAN_IN,1
tx26146_00008989,FAN_IN,1
tx26146_00008990,FAN_IN,1
tx26146_00008991,FAN_IN,1
tx26146_00008992,FAN_IN,1
tx26146_00008993,FAN_IN,1
tx26146_00008994,FAN_IN,1
tx26146_00008995,FAN_IN,1
tx26146_00008996,FAN_IN,1
tx26146_00008997,FAN_IN,1
tx26146_00008998,FAN_IN,1
tx26146_00008999,FAN_IN,1
tx26146_00009000,FAN_IN,1
tx26146_00009001,FAN_IN,1
tx26146_00009002,FAN_IN,1
tx26146_00009003,FAN_IN,1
tx26146_00009004,FAN_IN,1
tx26146_00009005,FAN_IN,1
tx26146_00009006,FAN_IN,1
tx26146_00009007,FAN_IN,1
tx26146_00009008,FAN_IN,1
tx26146_00009009,FAN_IN,1
tx26146_00009010,FAN_IN,1
tx26146_00009011,FAN_IN,1
tx26146_00009012,FAN_IN,1
tx26146_00009013,FAN_IN,1
tx26146_00009014,FAN_IN,1
tx26146_00009015,FAN_IN,1
tx26146_00009016,FAN_IN,1
tx26146_00009017,FAN_IN,1
tx26146_00009018,FAN_IN,1
tx26146_00009019,FAN_IN,1
tx26146_00009020,FAN_IN,1
tx26146_00009021,FAN_IN,1
tx26146_00009022,FAN_IN,1
tx26146_00009023,FAN_IN,1
tx26146_00009024,FAN_IN,1
tx26146_00009025,FAN_IN,1
tx26146_00009026,FAN_IN,1
tx26146_00009027,FAN_IN,1
tx26146_00009028,FAN_IN,1
tx26146_00009029,FAN_IN,1
tx26146_00009030,FAN_IN,1
tx26146_00009031,FAN_IN,1
tx26146_00009032,FAN_IN,1
tx26146_00009033,FAN_IN,1
tx26146_00009034,FAN_IN,1
tx26146_00009035,FAN_IN,1
tx26146_00009036,FAN_IN,1
tx26146_00009037,FAN_IN,1
tx26146_00009038,FAN_IN,1
tx26146_00009039,FAN_IN,1
tx26146_00009040,FAN_IN,1
tx26146_00009041,FAN_IN,1
tx26146_00009042,FAN_IN,1
tx26146_00009043,FAN_IN,1
tx26146_00009044,FAN_IN,1
tx26146_00009045,FAN_IN,1
tx26146_00009046,FAN_IN,1
tx26146_00009047,FAN_IN,1
tx26146_00009048,FAN_IN,1
tx26146_00009049,FAN_IN,1
tx26146_00009050,FAN_IN,1
tx26146_00009051,FAN_IN,1
tx26146_00009052,FAN_IN,1
tx26146_00009053,FAN_IN,1
tx26146_00009054,FAN_IN,1
tx26146_00009055,FAN_IN,1
tx26146_00009056,FAN_IN,1
tx26146_00009057,FAN_IN,1
tx26146_00009058,FAN_IN,1
tx26146_00009059,FAN_IN,1
tx26146_00009060,FAN_IN,1
tx26146_00009061,FAN_IN,1
tx26146_00009062,FAN_IN,1
tx26146_00009063,FAN_IN,1
tx26146_00009064,FAN_IN,1
tx26146_00009065,FAN_IN,1
tx26146_00009066,FAN_IN,1
tx26146_00009067,FAN_IN,1
tx26146_00009068,FAN_IN,1
tx26146_00009069,FAN_IN,1
tx26146_00009070,FAN_IN,1
tx26146_00009071,FAN_IN,1
tx26146_00009072,FAN_IN,1
tx26146_00009073,FAN_IN,1
tx26146_00009074,FAN_IN,1
tx26146_00009075,FAN_IN,1
tx26146_00009076,FAN_IN,1
tx26146_00009077,FAN_IN,1
tx26146_00009078,FAN_IN,1
tx26146_00009079,FAN_IN,1
tx26146_00009080,FAN_IN,1
tx26146_00009081,FAN_IN,1
tx26146_00009082,FAN_IN,1
tx26146_00009083,FAN_IN,1
tx26146_00009084,FAN_IN,1
tx26146_00009085,FAN_IN,1
tx26146_00009086,FAN_IN,1
tx26146_00009087,FAN_IN,1
tx26146_00009088,FAN_IN,1
tx26146_00009089,FAN_IN,1
tx26146_00009090,FAN_IN,1
tx26146_00009091,FAN_IN,1
tx26146_00009092,FAN_IN,1
tx26146_00009093,FAN_IN,1
tx26146_00009094,FAN_IN,1
tx26146_00009095,FAN_IN,1
tx26146_00009096,FAN_IN,1
tx26146_00009097,FAN_IN,1
tx26146_00009098,FAN_IN,1
tx26146_00009099,FAN_IN,1
tx26146_00009100,FAN_IN,1
tx26146_00009101,FAN_IN,1
tx26146_00009102,FAN_IN,1
tx26146_00009103,FAN_IN,1
tx26146_00009104,FAN_IN,1
tx26146_00009105,FAN_IN,1
tx26146_00009106,FAN_IN,1
tx26146_00009107,FAN_IN,1
tx26146_00009108,FAN_IN,1
tx26146_00009109,FAN_IN,1
tx26146_00009110,FAN_IN,1
tx26146_00009111,FAN_IN,1
tx26146_00009112,FAN_IN,1
tx26146_00009113,FAN_IN,1
tx26146_00009114,FAN_IN,1
tx26146_00009115,FAN_IN,1
tx26146_00009116,FAN_IN,1
tx26146_00009117,FAN_IN,1
tx26146_00009118,FAN_IN,1
tx26146_00009119,FAN_IN,1
tx26146_00009120,FAN_IN,1
tx26146_00009121,FAN_IN,1
tx26146_00009122,FAN_IN,1
tx26146_00009123,FAN_IN,1
tx26146_00009124,FAN_IN,1
tx26146_00009125,FAN_IN,1
tx26146_00009126,FAN_IN,1
tx26146_00009127,FAN_IN,1
tx26146_00009128,FAN_IN,1
tx26146_00009129,FAN_IN,1
tx26146_00009130,FAN_IN,1
tx26146_00009131,FAN_IN,1
tx26146_00009132,FAN_IN,1
tx26146_00009133,FAN_IN,1
tx26146_00009134,FAN_IN,1
tx26146_00009135,FAN_IN,1
tx26146_00009136,FAN_IN,1
tx26146_00009137,FAN_IN,1
tx26146_00009138,FAN_IN,1
tx26146_00009139,FAN_IN,1
tx26146_00009140,FAN_IN,1
tx26146_00009141,FAN_IN,1
tx26146_00009142,FAN_IN,1
tx26146_00009143,FAN_IN,1
tx26146_00009144,FAN_IN,1
tx26146_00009145,FAN_IN,1
tx26146_00009146,FAN_IN,1
tx26146_00009147,FAN_IN,1
tx26146_00009148,FAN_IN,1
tx26146_00009149,FAN_IN,1
tx26146_00009150,FAN_IN,1
tx26146_00009151,FAN_IN,1
tx26146_00009152,FAN_IN,1
tx26146_00009153,FAN_IN,1
tx26146_00009154,FAN_IN,1
tx26146_00009155,FAN_IN,1
tx26146_00009156,FAN_IN,1
tx26146_00009157,FAN_IN,1
tx26146_00009158,FAN_IN,1
tx26146_00009159,FAN_IN,1
tx26146_00009160,FAN_IN,1
tx26146_00009161,FAN_IN,1
tx26146_00009162,FAN_IN,1
tx26146_00009163,FAN_IN,1
tx26146_00009164,FAN_IN,1
tx26146_00009165,FAN_IN,1
tx26146_00009166,FAN_IN,1
tx26146_00009167,FAN_IN,1
tx26146_00009168,FAN_IN,1
tx26146_00009169,FAN_IN,1
tx26146_00009170,FAN_IN,1
tx26146_00009171,FAN_IN,1
tx26146_00009172,FAN_IN,1
tx26146_00009173,FAN_IN,1
tx26146_00009174,FAN_IN,1
tx26146_00009175,FAN_IN,1
tx26146_00009176,FAN_IN,1
tx26146_00009177,FAN_IN,1
tx26146_00009178,FAN_IN,1
tx26146_00009179,FAN_IN,1
tx26146_00009180,FAN_IN,1
tx26146_00009181,FAN_IN,1
tx26146_00009182,FAN_IN,1
tx26146_00009183,FAN_IN,1
tx26146_00009184,FAN_IN,1
tx26146_00009185,FAN_IN,1
tx26146_00009186,FAN_IN,1
tx26146_00009187,FAN_IN,1
tx26146_00009188,FAN_IN,1
tx26146_00009189,FAN_IN,1
tx26146_00009190,FAN_IN,1
tx26146_00009191,FAN_IN,1
tx26146_00009192,FAN_IN,1
tx26146_00009193,FAN_IN,1
tx26146_00009194,FAN_IN,1
tx26146_00009195,FAN_IN,1
tx26146_00009196,FAN_IN,1
tx26146_00009197,FAN_IN,1
tx26146_00009198,FAN_IN,1
tx26146_00009199,FAN_IN,1
tx26146_00009200,FAN_OUT,1
tx26146_00009201,FAN_OUT,1
tx26146_00009202,FAN_OUT,1
tx26146_00009203,FAN_OUT,1
tx26146_00009204,FAN_OUT,1
tx26146_00009205,FAN_OUT,1
tx26146_00009206,FAN_OUT,1
tx26146_00009207,FAN_OUT,1
tx26146_00009208,FAN_OUT,1
tx26146_00009209,FAN_OUT,1
tx26146_00009210,FAN_OUT,1
tx26146_00009211,FAN_OUT,1
tx26146_00009212,FAN_OUT,1
tx26146_00009213,FAN_OUT,1
tx26146_00009214,FAN_OUT,1
tx26146_00009215,FAN_OUT,1
tx26146_00009216,FAN_OUT,1
tx26146_00009217,FAN_OUT,1
tx26146_00009218,FAN_OUT,1
tx26146_00009219,FAN_OUT,1
tx26146_00009220,FAN_OUT,1
tx26146_00009221,FAN_OUT,1
tx26146_00009222,FAN_OUT,1
tx26146_00009223,FAN_OUT,1
tx26146_00009224,FAN_OUT,1
tx26146_00009225,FAN_OUT,1
tx26146_00009226,FAN_OUT,1
tx26146_00009227,FAN_OUT,1
tx26146_00009228,FAN_OUT,1
tx26146_00009229,FAN_OUT,1
tx26146_00009230,FAN_OUT,1
tx26146_00009231,FAN_OUT,1
tx26146_00009232,FAN_OUT,1
tx26146_00009233,FAN_OUT,1
tx26146_00009234,FAN_OUT,1
tx26146_00009235,FAN_OUT,1
tx26146_00009236,FAN_OUT,1
tx26146_00009237,FAN_OUT,1
tx26146_00009238,FAN_OUT,1
tx26146_00009239,FAN_OUT,1
tx26146_00009240,FAN_OUT,1
tx26146_00009241,FAN_OUT,1
tx26146_00009242,FAN_OUT,1
tx26146_00009243,FAN_OUT,1
tx26146_00009244,FAN_OUT,1
tx26146_00009245,FAN_OUT,1
tx26146_00009246,FAN_OUT,1
tx26146_00009247,FAN_OUT,1
tx26146_00009248,FAN_OUT,1
tx26146_00009249,FAN_OUT,1
tx26146_00009250,FAN_OUT,1
tx26146_00009251,FAN_OUT,1
tx26146_00009252,FAN_OUT,1
tx26146_00009253,FAN_OUT,1
tx26146_00009254,FAN_OUT,1
tx26146_00009255,FAN_OUT,1
tx26146_00009256,FAN_OUT,1
tx26146_00009257,FAN_OUT,1
tx26146_00009258,FAN_OUT,1
tx26146_00009259,FAN_OUT,1
tx26146_00009260,FAN_OUT,1
tx26146_00009261,FAN_OUT,1
tx26146_00009262,FAN_OUT,1
tx26146_00009263,FAN_OUT,1
tx26146_00009264,FAN_OUT,1
tx26146_00009265,FAN_OUT,1
tx26146_00009266,FAN_OUT,1
tx26146_00009267,FAN_OUT,1
tx26146_00009268,FAN_OUT,1
tx26146_00009269,FAN_OUT,1
tx26146_00009270,FAN_OUT,1
tx26146_00009271,FAN_OUT,1
tx26146_00009272,FAN_OUT,1
tx26146_00009273,FAN_OUT,1
tx26146_00009274,FAN_OUT,1
tx26146_00009275,FAN_OUT,1
tx26146_00009276,FAN_OUT,1
tx26146_00009277,FAN_OUT,1
tx26146_00009278,FAN_OUT,1
tx26146_00009279,FAN_OUT,1
tx26146_00009280,FAN_OUT,1
tx26146_00009281,FAN_OUT,1
tx26146_00009282,FAN_OUT,1
tx26146_00009283,FAN_OUT,1
tx26146_00009284,FAN_OUT,1
tx26146_00009285,FAN_OUT,1
tx26146_00009286,FAN_OUT,1
tx26146_00009287,FAN_OUT,1
tx26146_00009288,FAN_OUT,1
tx26146_00009289,FAN_OUT,1
tx26146_00009290,FAN_OUT,1
tx26146_00009291,FAN_OUT,1
tx26146_00009292,FAN_OUT,1
tx26146_00009293,FAN_OUT,1
tx26146_00009294,FAN_OUT,1
tx26146_00009295,FAN_OUT,1
tx26146_00009296,FAN_OUT,1
tx26146_00009297,FAN_OUT,1
tx26146_00009298,FAN_OUT,1
tx26146_00009299,FAN_OUT,1
tx26146_00009300,FAN_OUT,1
tx26146_00009301,FAN_OUT,1
tx26146_00009302,FAN_OUT,1
tx26146_00009303,FAN_OUT,1
tx26146_00009304,FAN_OUT,1
tx26146_00009305,FAN_OUT,1
tx26146_00009306,FAN_OUT,1
tx26146_00009307,FAN_OUT,1
tx26146_00009308,FAN_OUT,1
tx26146_00009309,FAN_OUT,1
tx26146_00009310,FAN_OUT,1
tx26146_00009311,FAN_OUT,1
tx26146_00009312,FAN_OUT,1
tx26146_00009313,FAN_OUT,1
tx26146_00009314,FAN_OUT,1
tx26146_00009315,FAN_OUT,1
tx26146_00009316,FAN_OUT,1
tx26146_00009317,FAN_OUT,1
tx26146_00009318,FAN_OUT,1
tx26146_00009319,FAN_OUT,1
tx26146_00009320,FAN_OUT,1
tx26146_00009321,FAN_OUT,1
tx26146_00009322,FAN_OUT,1
tx26146_00009323,FAN_OUT,1
tx26146_00009324,FAN_OUT,1
tx26146_00009325,FAN_OUT,1
tx26146_00009326,FAN_OUT,1
tx26146_00009327,FAN_OUT,1
tx26146_00009328,FAN_OUT,1
tx26146_00009329,FAN_OUT,1
tx26146_00009330,FAN_OUT,1
tx26146_00009331,FAN_OUT,1
tx26146_00009332,FAN_OUT,1
tx26146_00009333,FAN_OUT,1
tx26146_00009334,FAN_OUT,1
tx26146_00009335,FAN_OUT,1
tx26146_00009336,FAN_OUT,1
tx26146_00009337,FAN_OUT,1
tx26146_00009338,FAN_OUT,1
tx26146_00009339,FAN_OUT,1
tx26146_00009340,FAN_OUT,1
tx26146_00009341,FAN_OUT,1
tx26146_00009342,FAN_OUT,1
tx26146_00009343,FAN_OUT,1
tx26146_00009344,FAN_OUT,1
tx26146_00009345,FAN_OUT,1
tx26146_00009346,FAN_OUT,1
tx26146_00009347,FAN_OUT,1
tx26146_00009348,FAN_OUT,1
tx26146_00009349,FAN_OUT,1
tx26146_00009350,FAN_OUT,1
tx26146_00009351,FAN_OUT,1
tx26146_00009352,FAN_OUT,1
tx26146_00009353,FAN_OUT,1
tx26146_00009354,FAN_OUT,1
tx26146_00009355,FAN_OUT,1
tx26146_00009356,FAN_OUT,1
tx26146_00009357,FAN_OUT,1
tx26146_00009358,FAN_OUT,1
tx26146_00009359,FAN_OUT,1
tx26146_00009360,FAN_OUT,1
tx26146_00009361,FAN_OUT,1
tx26146_00009362,FAN_OUT,1
tx26146_00009363,FAN_OUT,1
tx26146_00009364,FAN_OUT,1
tx26146_00009365,FAN_OUT,1
tx26146_00009366,FAN_OUT,1
tx26146_00009367,FAN_OUT,1
tx26146_00009368,FAN_OUT,1
tx26146_00009369,FAN_OUT,1
tx26146_00009370,FAN_OUT,1
tx26146_00009371,FAN_OUT,1
tx26146_00009372,FAN_OUT,1
tx26146_00009373,FAN_OUT,1
tx26146_00009374,FAN_OUT,1
tx26146_00009375,FAN_OUT,1
tx26146_00009376,FAN_OUT,1
tx26146_00009377,FAN_OUT,1
tx26146_00009378,FAN_OUT,1
tx26146_00009379,FAN_OUT,1
tx26146_00009380,FAN_OUT,1
tx26146_00009381,FAN_OUT,1
tx26146_00009382,FAN_OUT,1
tx26146_00009383,FAN_OUT,1
tx26146_00009384,FAN_OUT,1
tx26146_00009385,FAN_OUT,1
tx26146_00009386,FAN_OUT,1
tx26146_00009387,FAN_OUT,1
tx26146_00009388,FAN_OUT,1
tx26146_00009389,FAN_OUT,1
tx26146_00009390,FAN_OUT,1
tx26146_00009391,FAN_OUT,1
tx26146_00009392,FAN_OUT,1
tx26146_00009393,FAN_OUT,1
tx26146_00009394,FAN_OUT,1
tx26146_00009395,FAN_OUT,1
tx26146_00009396,FAN_OUT,1
tx26146_00009397,FAN_OUT,1
tx26146_00009398,FAN_OUT,1
tx26146_00009399,FAN_OUT,1
tx26146_00009400,FAN_OUT,1
tx26146_00009401,FAN_OUT,1
tx26146_00009402,FAN_OUT,1
tx26146_00009403,FAN_OUT,1
tx26146_00009404,FAN_OUT,1
tx26146_00009405,FAN_OUT,1
tx26146_00009406,FAN_OUT,1
tx26146_00009407,FAN_OUT,1
tx26146_00009408,FAN_OUT,1
tx26146_00009409,FAN_OUT,1
tx26146_00009410,FAN_OUT,1
tx26146_00009411,FAN_OUT,1
tx26146_00009412,FAN_OUT,1
tx26146_00009413,FAN_OUT,1
tx26146_00009414,FAN_OUT,1
tx26146_00009415,FAN_OUT,1
tx26146_00009416,FAN_OUT,1
tx26146_00009417,FAN_OUT,1
tx26146_00009418,FAN_OUT,1
tx26146_00009419,FAN_OUT,1
tx26146_00009420,FAN_OUT,1
tx26146_00009421,FAN_OUT,1
tx26146_00009422,FAN_OUT,1
tx26146_00009423,FAN_OUT,1
tx26146_00009424,FAN_OUT,1
tx26146_00009425,FAN_OUT,1
tx26146_00009426,FAN_OUT,1
tx26146_00009427,FAN_OUT,1
tx26146_00009428,FAN_OUT,1
tx26146_00009429,FAN_OUT,1
tx26146_00009430,FAN_OUT,1
tx26146_00009431,FAN_OUT,1
tx26146_00009432,FAN_OUT,1
tx26146_00009433,FAN_OUT,1
tx26146_00009434,FAN_OUT,1
tx26146_00009435,FAN_OUT,1
tx26146_00009436,FAN_OUT,1
tx26146_00009437,FAN_OUT,1
tx26146_00009438,FAN_OUT,1
tx26146_00009439,FAN_OUT,1
tx26146_00009440,FAN_OUT,1
tx26146_00009441,FAN_OUT,1
tx26146_00009442,FAN_OUT,1
tx26146_00009443,FAN_OUT,1
tx26146_00009444,FAN_OUT,1
tx26146_00009445,FAN_OUT,1
tx26146_00009446,FAN_OUT,1
tx26146_00009447,FAN_OUT,1
tx26146_00009448,FAN_OUT,1
tx26146_00009449,FAN_OUT,1
tx26146_00009450,FAN_OUT,1
tx26146_00009451,FAN_OUT,1
tx26146_00009452,FAN_OUT,1
tx26146_00009453,FAN_OUT,1
tx26146_00009454,FAN_OUT,1
tx26146_00009455,FAN_OUT,1
tx26146_00009456,FAN_OUT,1
tx26146_00009457,FAN_OUT,1
tx26146_00009458,FAN_OUT,1
tx26146_00009459,FAN_OUT,1
tx26146_00009460,FAN_OUT,1
tx26146_00009461,FAN_OUT,1
tx26146_00009462,FAN_OUT,1
tx26146_00009463,FAN_OUT,1
tx26146_00009464,FAN_OUT,1
tx26146_00009465,FAN_OUT,1
tx26146_00009466,FAN_OUT,1
tx26146_00009467,FAN_OUT,1
tx26146_00009468,FAN_OUT,1
tx26146_00009469,FAN_OUT,1
tx26146_00009470,FAN_OUT,1
tx26146_00009471,FAN_OUT,1
tx26146_00009472,FAN_OUT,1
tx26146_00009473,FAN_OUT,1
tx26146_00009474,FAN_OUT,1
tx26146_00009475,FAN_OUT,1
tx26146_00009476,FAN_OUT,1
tx26146_00009477,FAN_OUT,1
tx26146_00009478,FAN_OUT,1
tx26146_00009479,FAN_OUT,1
tx26146_00009480,FAN_OUT,1
tx26146_00009481,FAN_OUT,1
tx26146_00009482,FAN_OUT,1
tx26146_00009483,FAN_OUT,1
tx26146_00009484,FAN_OUT,1
tx26146_00009485,FAN_OUT,1
tx26146_00009486,FAN_OUT,1
tx26146_00009487,FAN_OUT,1
tx26146_00009488,FAN_OUT,1
tx26146_00009489,FAN_OUT,1
tx26146_00009490,FAN_OUT,1
tx26146_00009491,FAN_OUT,1
tx26146_00009492,FAN_OUT,1
tx26146_00009493,FAN_OUT,1
tx26146_00009494,FAN_OUT,1
tx26146_00009495,FAN_OUT,1
tx26146_00009496,FAN_OUT,1
tx26146_00009497,FAN_OUT,1
tx26146_00009498,FAN_OUT,1
tx26146_00009499,FAN_OUT,1
tx26146_00009500,FAN_OUT,1
tx26146_00009501,FAN_OUT,1
tx26146_00009502,FAN_OUT,1
tx26146_00009503,FAN_OUT,1
tx26146_00009504,FAN_OUT,1
tx26146_00009505,FAN_OUT,1
tx26146_00009506,FAN_OUT,1
tx26146_00009507,FAN_OUT,1
tx26146_00009508,FAN_OUT,1
tx26146_00009509,FAN_OUT,1
tx26146_00009510,FAN_OUT,1
tx26146_00009511,FAN_OUT,1
tx26146_00009512,FAN_OUT,1
tx26146_00009513,FAN_OUT,1
tx26146_00009514,FAN_OUT,1
tx26146_00009515,FAN_OUT,1
tx26146_00009516,FAN_OUT,1
tx26146_00009517,FAN_OUT,1
tx26146_00009518,FAN_OUT,1
tx26146_00009519,FAN_OUT,1
tx26146_00009520,FAN_OUT,1
tx26146_00009521,FAN_OUT,1
tx26146_00009522,FAN_OUT,1
tx26146_00009523,FAN_OUT,1
tx26146_00009524,FAN_OUT,1
tx26146_00009525,FAN_OUT,1
tx26146_00009526,FAN_OUT,1
tx26146_00009527,FAN_OUT,1
tx26146_00009528,FAN_OUT,1
tx26146_00009529,FAN_OUT,1
tx26146_00009530,FAN_OUT,1
tx26146_00009531,FAN_OUT,1
tx26146_00009532,FAN_OUT,1
tx26146_00009533,FAN_OUT,1
tx26146_00009534,FAN_OUT,1
tx26146_00009535,FAN_OUT,1
tx26146_00009536,FAN_OUT,1
tx26146_00009537,FAN_OUT,1
tx26146_00009538,FAN_OUT,1
tx26146_00009539,FAN_OUT,1
tx26146_00009540,FAN_OUT,1
tx26146_00009541,FAN_OUT,1
tx26146_00009542,FAN_OUT,1
tx26146_00009543,FAN_OUT,1
tx26146_00009544,FAN_OUT,1
tx26146_00009545,FAN_OUT,1
tx26146_00009546,FAN_OUT,1
tx26146_00009547,FAN_OUT,1
tx26146_00009548,FAN_OUT,1
tx26146_00009549,FAN_OUT,1
tx26146_00009550,FAN_OUT,1
tx26146_00009551,FAN_OUT,1
tx26146_00009552,FAN_OUT,1
tx26146_00009553,FAN_OUT,1
tx26146_00009554,FAN_OUT,1
tx26146_00009555,FAN_OUT,1
tx26146_00009556,FAN_OUT,1
tx26146_00009557,FAN_OUT,1
tx26146_00009558,FAN_OUT,1
tx26146_00009559,FAN_OUT,1
tx26146_00009560,FAN_OUT,1
tx26146_00009561,FAN_OUT,1
tx26146_00009562,FAN_OUT,1
tx26146_00009563,FAN_OUT,1
tx26146_00009564,FAN_OUT,1
tx26146_00009565,FAN_OUT,1
tx26146_00009566,FAN_OUT,1
tx26146_00009567,FAN_OUT,1
tx26146_00009568,FAN_OUT,1
tx26146_00009569,FAN_OUT,1
tx26146_00009570,FAN_OUT,1
tx26146_00009571,FAN_OUT,1
tx26146_00009572,FAN_OUT,1
tx26146_00009573,FAN_OUT,1
tx26146_00009574,FAN_OUT,1
tx26146_00009575,FAN_OUT,1
tx26146_00009576,FAN_OUT,1
tx26146_00009577,FAN_OUT,1
tx26146_00009578,FAN_OUT,1
tx26146_00009579,FAN_OUT,1
tx26146_00009580,FAN_OUT,1
tx26146_00009581,FAN_OUT,1
tx26146_00009582,FAN_OUT,1
tx26146_00009583,FAN_OUT,1
tx26146_00009584,FAN_OUT,1
tx26146_00009585,FAN_OUT,1
tx26146_00009586,FAN_OUT,1
tx26146_00009587,FAN_OUT,1
tx26146_00009588,FAN_OUT,1
tx26146_00009589,FAN_OUT,1
tx26146_00009590,FAN_OUT,1
tx26146_00009591,FAN_OUT,1
tx26146_00009592,FAN_OUT,1
tx26146_00009593,FAN_OUT,1
tx26146_00009594,FAN_OUT,1
tx26146_00009595,FAN_OUT,1
tx26146_00009596,FAN_OUT,1
tx26146_00009597,FAN_OUT,1
tx26146_00009598,FAN_OUT,1
tx26146_00009599,FAN_OUT,1
tx26146_00009600,FAN_OUT,1
tx26146_00009601,FAN_OUT,1
tx26146_00009602,FAN_OUT,1
tx26146_00009603,FAN_OUT,1
tx26146_00009604,FAN_OUT,1
tx26146_00009605,FAN_OUT,1
tx26146_00009606,FAN_OUT,1
tx26146_00009607,FAN_OUT,1
tx26146_00009608,FAN_OUT,1
tx26146_00009609,FAN_OUT,1
tx26146_00009610,FAN_OUT,1
tx26146_00009611,FAN_OUT,1
tx26146_00009612,FAN_OUT,1
tx26146_00009613,FAN_OUT,1
tx26146_00009614,FAN_OUT,1
tx26146_00009615,FAN_OUT,1
tx26146_00009616,FAN_OUT,1
tx26146_00009617,FAN_OUT,1
tx26146_00009618,FAN_OUT,1
tx26146_00009619,FAN_OUT,1
tx26146_00009620,FAN_OUT,1
tx26146_00009621,FAN_OUT,1
tx26146_00009622,FAN_OUT,1
tx26146_00009623,FAN_OUT,1
tx26146_00009624,FAN_OUT,1
tx26146_00009625,FAN_OUT,1
tx26146_00009626,FAN_OUT,1
tx26146_00009627,FAN_OUT,1
tx26146_00009628,FAN_OUT,1
tx26146_00009629,FAN_OUT,1
tx26146_00009630,FAN_OUT,1
tx26146_00009631,FAN_OUT,1
tx26146_00009632,FAN_OUT,1
tx26146_00009633,FAN_OUT,1
tx26146_00009634,FAN_OUT,1
tx26146_00009635,FAN_OUT,1
tx26146_00009636,FAN_OUT,1
tx26146_00009637,FAN_OUT,1
tx26146_00009638,FAN_OUT,1
tx26146_00009639,FAN_OUT,1
tx26146_00009640,FAN_OUT,1
tx26146_00009641,FAN_OUT,1
tx26146_00009642,FAN_OUT,1
tx26146_00009643,FAN_OUT,1
tx26146_00009644,FAN_OUT,1
tx26146_00009645,FAN_OUT,1
tx26146_00009646,FAN_OUT,1
tx26146_00009647,FAN_OUT,1
tx26146_00009648,FAN_OUT,1
tx26146_00009649,FAN_OUT,1
tx26146_00009650,FAN_OUT,1
tx26146_00009651,FAN_OUT,1
tx26146_00009652,FAN_OUT,1
tx26146_00009653,FAN_OUT,1
tx26146_00009654,FAN_OUT,1
tx26146_00009655,FAN_OUT,1
tx26146_00009656,FAN_OUT,1
tx26146_00009657,FAN_OUT,1
tx26146_00009658,FAN_OUT,1
tx26146_00009659,FAN_OUT,1
tx26146_00009660,FAN_OUT,1
tx26146_00009661,FAN_OUT,1
tx26146_00009662,FAN_OUT,1
tx26146_00009663,FAN_OUT,1
tx26146_00009664,FAN_OUT,1
tx26146_00009665,FAN_OUT,1
tx26146_00009666,FAN_OUT,1
tx26146_00009667,FAN_OUT,1
tx26146_00009668,FAN_OUT,1
tx26146_00009669,FAN_OUT,1
tx26146_00009670,FAN_OUT,1
tx26146_00009671,FAN_OUT,1
tx26146_00009672,FAN_OUT,1
tx26146_00009673,FAN_OUT,1
tx26146_00009674,FAN_OUT,1
tx26146_00009675,FAN_OUT,1
tx26146_00009676,FAN_OUT,1
tx26146_00009677,FAN_OUT,1
tx26146_00009678,FAN_OUT,1
tx26146_00009679,FAN_OUT,1
tx26146_00009680,FAN_OUT,1
tx26146_00009681,FAN_OUT,1
tx26146_00009682,FAN_OUT,1
tx26146_00009683,FAN_OUT,1
tx26146_00009684,FAN_OUT,1
tx26146_00009685,FAN_OUT,1
tx26146_00009686,FAN_OUT,1
tx26146_00009687,FAN_OUT,1
tx26146_00009688,FAN_OUT,1
tx26146_00009689,FAN_OUT,1
tx26146_00009690,FAN_OUT,1
tx26146_00009691,FAN_OUT,1
tx26146_00009692,FAN_OUT,1
tx26146_00009693,FAN_OUT,1
tx26146_00009694,FAN_OUT,1
tx26146_00009695,FAN_OUT,1
tx26146_00009696,FAN_OUT,1
tx26146_00009697,FAN_OUT,1
tx26146_00009698,FAN_OUT,1
tx26146_00009699,FAN_OUT,1
tx26146_00009700,FAN_OUT,1
tx26146_00009701,FAN_OUT,1
tx26146_00009702,FAN_OUT,1
tx26146_00009703,FAN_OUT,1
tx26146_00009704,FAN_OUT,1
tx26146_00009705,FAN_OUT,1
tx26146_00009706,FAN_OUT,1
tx26146_00009707,FAN_OUT,1
tx26146_00009708,FAN_OUT,1
tx26146_00009709,FAN_OUT,1
tx26146_00009710,FAN_OUT,1
tx26146_00009711,FAN_OUT,1
tx26146_00009712,FAN_OUT,1
tx26146_00009713,FAN_OUT,1
tx26146_00009714,FAN_OUT,1
tx26146_00009715,FAN_OUT,1
tx26146_00009716,FAN_OUT,1
tx26146_00009717,FAN_OUT,1
tx26146_00009718,FAN_OUT,1
tx26146_00009719,FAN_OUT,1
tx26146_00009720,FAN_OUT,1
tx26146_00009721,FAN_OUT,1
tx26146_00009722,FAN_OUT,1
tx26146_00009723,FAN_OUT,1
tx26146_00009724,FAN_OUT,1
tx26146_00009725,FAN_OUT,1
tx26146_00009726,FAN_OUT,1
tx26146_00009727,FAN_OUT,1
tx26146_00009728,FAN_OUT,1
tx26146_00009729,FAN_OUT,1
tx26146_00009730,FAN_OUT,1
tx26146_00009731,FAN_OUT,1
tx26146_00009732,FAN_OUT,1
tx26146_00009733,FAN_OUT,1
tx26146_00009734,FAN_OUT,1
tx26146_00009735,FAN_OUT,1
tx26146_00009736,FAN_OUT,1
tx26146_00009737,FAN_OUT,1
tx26146_00009738,FAN_OUT,1
tx26146_00009739,FAN_OUT,1
tx26146_00009740,FAN_OUT,1
tx26146_00009741,FAN_OUT,1
tx26146_00009742,FAN_OUT,1
tx26146_00009743,FAN_OUT,1
tx26146_00009744,FAN_OUT,1
tx26146_00009745,FAN_OUT,1
tx26146_00009746,FAN_OUT,1
tx26146_00009747,FAN_OUT,1
tx26146_00009748,FAN_OUT,1
tx26146_00009749,FAN_OUT,1
tx26146_00009750,FAN_OUT,1
tx26146_00009751,FAN_OUT,1
tx26146_00009752,FAN_OUT,1
tx26146_00009753,FAN_OUT,1
tx26146_00009754,FAN_OUT,1
tx26146_00009755,FAN_OUT,1
tx26146_00009756,FAN_OUT,1
tx26146_00009757,FAN_OUT,1
tx26146_00009758,FAN_OUT,1
tx26146_00009759,FAN_OUT,1
tx26146_00009760,FAN_OUT,1
tx26146_00009761,FAN_OUT,1
tx26146_00009762,FAN_OUT,1
tx26146_00009763,FAN_OUT,1
tx26146_00009764,FAN_OUT,1
tx26146_00009765,FAN_OUT,1
tx26146_00009766,FAN_OUT,1
tx26146_00009767,FAN_OUT,1
tx26146_00009768,FAN_OUT,1
tx26146_00009769,FAN_OUT,1
tx26146_00009770,FAN_OUT,1
tx26146_00009771,FAN_OUT,1
tx26146_00009772,FAN_OUT,1
tx26146_00009773,FAN_OUT,1
tx26146_00009774,FAN_OUT,1
tx26146_00009775,FAN_OUT,1
tx26146_00009776,FAN_OUT,1
tx26146_00009777,FAN_OUT,1
tx26146_00009778,FAN_OUT,1
tx26146_00009779,FAN_OUT,1
tx26146_00009780,FAN_OUT,1
tx26146_00009781,FAN_OUT,1
tx26146_00009782,FAN_OUT,1
tx26146_00009783,FAN_OUT,1
tx26146_00009784,FAN_OUT,1
tx26146_00009785,FAN_OUT,1
tx26146_00009786,FAN_OUT,1
tx26146_00009787,FAN_OUT,1
tx26146_00009788,FAN_OUT,1
tx26146_00009789,FAN_OUT,1
tx26146_00009790,FAN_OUT,1
tx26146_00009791,FAN_OUT,1
tx26146_00009792,FAN_OUT,1
tx26146_00009793,FAN_OUT,1
tx26146_00009794,FAN_OUT,1
tx26146_00009795,FAN_OUT,1
tx26146_00009796,FAN_OUT,1
tx26146_00009797,FAN_OUT,1
tx26146_00009798,FAN_OUT,1
tx26146_00009799,FAN_OUT,1
tx26146_00009800,FAN_OUT,1
tx26146_00009801,FAN_OUT,1
tx26146_00009802,FAN_OUT,1
tx26146_00009803,FAN_OUT,1
tx26146_00009804,FAN_OUT,1
tx26146_00009805,FAN_OUT,1
tx26146_00009806,FAN_OUT,1
tx26146_00009807,FAN_OUT,1
tx26146_00009808,FAN_OUT,1
tx26146_00009809,FAN_OUT,1
tx26146_00009810,FAN_OUT,1
tx26146_00009811,FAN_OUT,1
tx26146_00009812,FAN_OUT,1
tx26146_00009813,FAN_OUT,1
tx26146_00009814,FAN_OUT,1
tx26146_00009815,FAN_OUT,1
tx26146_00009816,FAN_OUT,1
tx26146_00009817,FAN_OUT,1
tx26146_00009818,FAN_OUT,1
tx26146_00009819,FAN_OUT,1
tx26146_00009820,FAN_OUT,1
tx26146_00009821,FAN_OUT,1
tx26146_00009822,FAN_OUT,1
tx26146_00009823,FAN_OUT,1
tx26146_00009824,FAN_OUT,1
tx26146_00009825,FAN_OUT,1
tx26146_00009826,FAN_OUT,1
tx26146_00009827,FAN_OUT,1
tx26146_00009828,FAN_OUT,1
tx26146_00009829,FAN_OUT,1
tx26146_00009830,FAN_OUT,1
tx26146_00009831,FAN_OUT,1
tx26146_00009832,FAN_OUT,1
tx26146_00009833,FAN_OUT,1
tx26146_00009834,FAN_OUT,1
tx26146_00009835,FAN_OUT,1
tx26146_00009836,FAN_OUT,1
tx26146_00009837,FAN_OUT,1
tx26146_00009838,FAN_OUT,1
tx26146_00009839,FAN_OUT,1
tx26146_00009840,FAN_OUT,1
tx26146_00009841,FAN_OUT,1
tx26146_00009842,FAN_OUT,1
tx26146_00009843,FAN_OUT,1
tx26146_00009844,FAN_OUT,1
tx26146_00009845,FAN_OUT,1
tx26146_00009846,FAN_OUT,1
tx26146_00009847,FAN_OUT,1
tx26146_00009848,FAN_OUT,1
tx26146_00009849,FAN_OUT,1
tx26146_00009850,FAN_OUT,1
tx26146_00009851,FAN_OUT,1
tx26146_00009852,FAN_OUT,1
tx26146_00009853,FAN_OUT,1
tx26146_00009854,FAN_OUT,1
tx26146_00009855,FAN_OUT,1
tx26146_00009856,FAN_OUT,1
tx26146_00009857,FAN_OUT,1
tx26146_00009858,FAN_OUT,1
tx26146_00009859,FAN_OUT,1
tx26146_00009860,FAN_OUT,1
tx26146_00009861,FAN_OUT,1
tx26146_00009862,FAN_OUT,1
tx26146_00009863,FAN_OUT,1
tx26146_00009864,FAN_OUT,1
tx26146_00009865,FAN_OUT,1
tx26146_00009866,FAN_OUT,1
tx26146_00009867,FAN_OUT,1
tx26146_00009868,FAN_OUT,1
tx26146_00009869,FAN_OUT,1
tx26146_00009870,FAN_OUT,1
tx26146_00009871,FAN_OUT,1
tx26146_00009872,FAN_OUT,1
tx26146_00009873,FAN_OUT,1
tx26146_00009874,FAN_OUT,1
tx26146_00009875,FAN_OUT,1
tx26146_00009876,FAN_OUT,1
tx26146_00009877,FAN_OUT,1
tx26146_00009878,FAN_OUT,1
tx26146_00009879,FAN_OUT,1
tx26146_00009880,FAN_OUT,1
tx26146_00009881,FAN_OUT,1
tx26146_00009882,FAN_OUT,1
tx26146_00009883,FAN_OUT,1
tx26146_00009884,FAN_OUT,1
tx26146_00009885,FAN_OUT,1
tx26146_00009886,FAN_OUT,1
tx26146_00009887,FAN_OUT,1
tx26146_00009888,FAN_OUT,1
tx26146_00009889,FAN_OUT,1
tx26146_00009890,FAN_OUT,1
tx26146_00009891,FAN_OUT,1
tx26146_00009892,FAN_OUT,1
tx26146_00009893,FAN_OUT,1
tx26146_00009894,FAN_OUT,1
tx26146_00009895,FAN_OUT,1
tx26146_00009896,FAN_OUT,1
tx26146_00009897,FAN_OUT,1
tx26146_00009898,FAN_OUT,1
tx26146_00009899,FAN_OUT,1
tx26146_00009900,FAN_OUT,1
tx26146_00009901,FAN_OUT,1
tx26146_00009902,FAN_OUT,1
tx26146_00009903,FAN_OUT,1
tx26146_00009904,FAN_OUT,1
tx26146_00009905,FAN_OUT,1
tx26146_00009906,FAN_OUT,1
tx26146_00009907,FAN_OUT,1
tx26146_00009908,FAN_OUT,1
tx26146_00009909,FAN_OUT,1
tx26146_00009910,FAN_OUT,1
tx26146_00009911,FAN_OUT,1
tx26146_00009912,FAN_OUT,1
tx26146_00009913,FAN_OUT,1
tx26146_00009914,FAN_OUT,1
tx26146_00009915,FAN_OUT,1
tx26146_00009916,FAN_OUT,1
tx26146_00009917,FAN_OUT,1
tx26146_00009918,FAN_OUT,1
tx26146_00009919,FAN_OUT,1
tx26146_00009920,FAN_OUT,1
tx26146_00009921,FAN_OUT,1
tx26146_00009922,FAN_OUT,1
tx26146_00009923,FAN_OUT,1
tx26146_00009924,FAN_OUT,1
tx26146_00009925,FAN_OUT,1
tx26146_00009926,FAN_OUT,1
tx26146_00009927,FAN_OUT,1
tx26146_00009928,FAN_OUT,1
tx26146_00009929,FAN_OUT,1
tx26146_00009930,FAN_OUT,1
tx26146_00009931,FAN_OUT,1
tx26146_00009932,FAN_OUT,1
tx26146_00009933,FAN_OUT,1
tx26146_00009934,FAN_OUT,1
tx26146_00009935,FAN_OUT,1
tx26146_00009936,FAN_OUT,1
tx26146_00009937,FAN_OUT,1
tx26146_00009938,FAN_OUT,1
tx26146_00009939,FAN_OUT,1
tx26146_00009940,FAN_OUT,1
tx26146_00009941,FAN_OUT,1
tx26146_00009942,FAN_OUT,1
tx26146_00009943,FAN_OUT,1
tx26146_00009944,FAN_OUT,1
tx26146_00009945,FAN_OUT,1
tx26146_00009946,FAN_OUT,1
tx26146_00009947,FAN_OUT,1
tx26146_00009948,FAN_OUT,1
tx26146_00009949,FAN_OUT,1
tx26146_00009950,FAN_OUT,1
tx26146_00009951,FAN_OUT,1
tx26146_00009952,FAN_OUT,1
tx26146_00009953,FAN_OUT,1
tx26146_00009954,FAN_OUT,1
tx26146_00009955,FAN_OUT,1
tx26146_00009956,FAN_OUT,1
tx26146_00009957,FAN_OUT,1
tx26146_00009958,FAN_OUT,1
tx26146_00009959,FAN_OUT,1
tx26146_00009960,FAN_OUT,1
tx26146_00009961,FAN_OUT,1
tx26146_00009962,FAN_OUT,1
tx26146_00009963,FAN_OUT,1
tx26146_00009964,FAN_OUT,1
tx26146_00009965,FAN_OUT,1
tx26146_00009966,FAN_OUT,1
tx26146_00009967,FAN_OUT,1
tx26146_00009968,FAN_OUT,1
tx26146_00009969,FAN_OUT,1
tx26146_00009970,FAN_OUT,1
tx26146_00009971,FAN_OUT,1
tx26146_00009972,FAN_OUT,1
tx26146_00009973,FAN_OUT,1
tx26146_00009974,FAN_OUT,1
tx26146_00009975,FAN_OUT,1
tx26146_00009976,FAN_OUT,1
tx26146_00009977,FAN_OUT,1
tx26146_00009978,FAN_OUT,1
tx26146_00009979,FAN_OUT,1
tx26146_00009980,FAN_OUT,1
tx26146_00009981,FAN_OUT,1
tx26146_00009982,FAN_OUT,1
tx26146_00009983,FAN_OUT,1
tx26146_00009984,FAN_OUT,1
tx26146_00009985,FAN_OUT,1
tx26146_00009986,FAN_OUT,1
tx26146_00009987,FAN_OUT,1
tx26146_00009988,FAN_OUT,1
tx26146_00009989,FAN_OUT,1
tx26146_00009990,FAN_OUT,1
tx26146_00009991,FAN_OUT,1
tx26146_00009992,FAN_OUT,1
tx26146_00009993,FAN_OUT,1
tx26146_00009994,FAN_OUT,1
tx26146_00009995,FAN_OUT,1
tx26146_00009996,FAN_OUT,1
tx26146_00009997,FAN_OUT,1
tx26146_00009998,FAN_OUT,1
tx26146_00009999,FAN_OUT,1
tx26146_00010000,FAN_OUT,1
tx26146_00010001,FAN_OUT,1
tx26146_00010002,FAN_OUT,1
tx26146_00010003,FAN_OUT,1
tx26146_00010004,FAN_OUT,1
tx26146_00010005,FAN_OUT,1
tx26146_00010006,FAN_OUT,1
tx26146_00010007,FAN_OUT,1
tx26146_00010008,FAN_OUT,1
tx26146_00010009,FAN_OUT,1
tx26146_00010010,FAN_OUT,1
tx26146_00010011,FAN_OUT,1
tx26146_00010012,FAN_OUT,1
tx26146_00010013,FAN_OUT,1
tx26146_00010014,FAN_OUT,1
tx26146_00010015,FAN_OUT,1
tx26146_00010016,FAN_OUT,1
tx26146_00010017,FAN_OUT,1
tx26146_00010018,FAN_OUT,1
tx26146_00010019,FAN_OUT,1
tx26146_00010020,FAN_OUT,1
tx26146_00010021,FAN_OUT,1
tx26146_00010022,FAN_OUT,1
tx26146_00010023,FAN_OUT,1
tx26146_00010024,FAN_OUT,1
tx26146_00010025,FAN_OUT,1
tx26146_00010026,FAN_OUT,1
tx26146_00010027,FAN_OUT,1
tx26146_00010028,FAN_OUT,1
tx26146_00010029,FAN_OUT,1
tx26146_00010030,FAN_OUT,1
tx26146_00010031,FAN_OUT,1
tx26146_00010032,FAN_OUT,1
tx26146_00010033,FAN_OUT,1
tx26146_00010034,FAN_OUT,1
tx26146_00010035,FAN_OUT,1
tx26146_00010036,FAN_OUT,1
tx26146_00010037,FAN_OUT,1
tx26146_00010038,FAN_OUT,1
tx26146_00010039,FAN_OUT,1
tx26146_00010040,FAN_OUT,1
tx26146_00010041,FAN_OUT,1
tx26146_00010042,FAN_OUT,1
tx26146_00010043,FAN_OUT,1
tx26146_00010044,FAN_OUT,1
tx26146_00010045,FAN_OUT,1
tx26146_00010046,FAN_OUT,1
tx26146_00010047,FAN_OUT,1
tx26146_00010048,FAN_OUT,1
tx26146_00010049,FAN_OUT,1
tx26146_00010050,FAN_OUT,1
tx26146_00010051,FAN_OUT,1
tx26146_00010052,FAN_OUT,1
tx26146_00010053,FAN_OUT,1
tx26146_00010054,FAN_OUT,1
tx26146_00010055,FAN_OUT,1
tx26146_00010056,FAN_OUT,1
tx26146_00010057,FAN_OUT,1
tx26146_00010058,FAN_OUT,1
tx26146_00010059,FAN_OUT,1
tx26146_00010060,FAN_OUT,1
tx26146_00010061,FAN_OUT,1
tx26146_00010062,FAN_OUT,1
tx26146_00010063,FAN_OUT,1
tx26146_00010064,FAN_OUT,1
tx26146_00010065,FAN_OUT,1
tx26146_00010066,FAN_OUT,1
tx26146_00010067,FAN_OUT,1
tx26146_00010068,FAN_OUT,1
tx26146_00010069,FAN_OUT,1
tx26146_00010070,FAN_OUT,1
tx26146_00010071,FAN_OUT,1
tx26146_00010072,FAN_OUT,1
tx26146_00010073,FAN_OUT,1
tx26146_00010074,FAN_OUT,1
tx26146_00010075,FAN_OUT,1
tx26146_00010076,FAN_OUT,1
tx26146_00010077,FAN_OUT,1
tx26146_00010078,FAN_OUT,1
tx26146_00010079,FAN_OUT,1
tx26146_00010080,FAN_OUT,1
tx26146_00010081,FAN_OUT,1
tx26146_00010082,FAN_OUT,1
tx26146_00010083,FAN_OUT,1
tx26146_00010084,FAN_OUT,1
tx26146_00010085,FAN_OUT,1
tx26146_00010086,FAN_OUT,1
tx26146_00010087,FAN_OUT,1
tx26146_00010088,FAN_OUT,1
tx26146_00010089,FAN_OUT,1
tx26146_00010090,FAN_OUT,1
tx26146_00010091,FAN_OUT,1
tx26146_00010092,FAN_OUT,1
tx26146_00010093,FAN_OUT,1
tx26146_00010094,FAN_OUT,1
tx26146_00010095,FAN_OUT,1
tx26146_00010096,FAN_OUT,1
tx26146_00010097,FAN_OUT,1
tx26146_00010098,FAN_OUT,1
tx26146_00010099,FAN_OUT,1
tx26146_00010100,FAN_OUT,1
tx26146_00010101,FAN_OUT,1
tx26146_00010102,FAN_OUT,1
tx26146_00010103,FAN_OUT,1
tx26146_00010104,FAN_OUT,1
tx26146_00010105,FAN_OUT,1
tx26146_00010106,FAN_OUT,1
tx26146_00010107,FAN_OUT,1
tx26146_00010108,FAN_OUT,1
tx26146_00010109,FAN_OUT,1
tx26146_00010110,FAN_OUT,1
tx26146_00010111,FAN_OUT,1
tx26146_00010112,FAN_OUT,1
tx26146_00010113,FAN_OUT,1
tx26146_00010114,FAN_OUT,1
tx26146_00010115,FAN_OUT,1
tx26146_00010116,FAN_OUT,1
tx26146_00010117,FAN_OUT,1
tx26146_00010118,FAN_OUT,1
tx26146_00010119,FAN_OUT,1
tx26146_00010120,FAN_OUT,1
tx26146_00010121,FAN_OUT,1
tx26146_00010122,FAN_OUT,1
tx26146_00010123,FAN_OUT,1
tx26146_00010124,FAN_OUT,1
tx26146_00010125,FAN_OUT,1
tx26146_00010126,FAN_OUT,1
tx26146_00010127,FAN_OUT,1
tx26146_00010128,FAN_OUT,1
tx26146_00010129,FAN_OUT,1
tx26146_00010130,FAN_OUT,1
tx26146_00010131,FAN_OUT,1
tx26146_00010132,FAN_OUT,1
tx26146_00010133,FAN_OUT,1
tx26146_00010134,FAN_OUT,1
tx26146_00010135,FAN_OUT,1
tx26146_00010136,FAN_OUT,1
tx26146_00010137,FAN_OUT,1
tx26146_00010138,FAN_OUT,1
tx26146_00010139,FAN_OUT,1
tx26146_00010140,FAN_OUT,1
tx26146_00010141,FAN_OUT,1
tx26146_00010142,FAN_OUT,1
tx26146_00010143,FAN_OUT,1
tx26146_00010144,FAN_OUT,1
tx26146_00010145,FAN_OUT,1
tx26146_00010146,FAN_OUT,1
tx26146_00010147,FAN_OUT,1
tx26146_00010148,FAN_OUT,1
tx26146_00010149,FAN_OUT,1
tx26146_00010150,FAN_OUT,1
tx26146_00010151,FAN_OUT,1
tx26146_00010152,FAN_OUT,1
tx26146_00010153,FAN_OUT,1
tx26146_00010154,FAN_OUT,1
tx26146_00010155,FAN_OUT,1
tx26146_00010156,FAN_OUT,1
tx26146_00010157,FAN_OUT,1
tx26146_00010158,FAN_OUT,1
tx26146_00010159,FAN_OUT,1
tx26146_00010160,FAN_OUT,1
tx26146_00010161,FAN_OUT,1
tx26146_00010162,FAN_OUT,1
tx26146_00010163,FAN_OUT,1
tx26146_00010164,FAN_OUT,1
tx26146_00010165,FAN_OUT,1
tx26146_00010166,FAN_OUT,1
tx26146_00010167,FAN_OUT,1
tx26146_00010168,FAN_OUT,1
tx26146_00010169,FAN_OUT,1
tx26146_00010170,FAN_OUT,1
tx26146_00010171,FAN_OUT,1
tx26146_00010172,FAN_OUT,1
tx26146_00010173,FAN_OUT,1
tx26146_00010174,FAN_OUT,1
tx26146_00010175,FAN_OUT,1
tx26146_00010176,FAN_OUT,1
tx26146_00010177,FAN_OUT,1
tx26146_00010178,FAN_OUT,1
tx26146_00010179,FAN_OUT,1
tx26146_00010180,FAN_OUT,1
tx26146_00010181,FAN_OUT,1
tx26146_00010182,FAN_OUT,1
tx26146_00010183,FAN_OUT,1
tx26146_00010184,FAN_OUT,1
tx26146_00010185,FAN_OUT,1
tx26146_00010186,FAN_OUT,1
tx26146_00010187,FAN_OUT,1
tx26146_00010188,FAN_OUT,1
tx26146_00010189,FAN_OUT,1
tx26146_00010190,FAN_OUT,1
tx26146_00010191,FAN_OUT,1
tx26146_00010192,FAN_OUT,1
tx26146_00010193,FAN_OUT,1
tx26146_00010194,FAN_OUT,1
tx26146_00010195,FAN_OUT,1
tx26146_00010196,FAN_OUT,1
tx26146_00010197,FAN_OUT,1
tx26146_00010198,FAN_OUT,1
tx26146_00010199,FAN_OUT,1
tx26146_00010200,FAN_OUT,1
tx26146_00010201,FAN_OUT,1
tx26146_00010202,FAN_OUT,1
tx26146_00010203,FAN_OUT,1
tx26146_00010204,FAN_OUT,1
tx26146_00010205,FAN_OUT,1
tx26146_00010206,FAN_OUT,1
tx26146_00010207,FAN_OUT,1
tx26146_00010208,FAN_OUT,1
tx26146_00010209,FAN_OUT,1
tx26146_00010210,FAN_OUT,1
tx26146_00010211,FAN_OUT,1
tx26146_00010212,FAN_OUT,1
tx26146_00010213,FAN_OUT,1
tx26146_00010214,FAN_OUT,1
tx26146_00010215,FAN_OUT,1
tx26146_00010216,FAN_OUT,1
tx26146_00010217,FAN_OUT,1
tx26146_00010218,FAN_OUT,1
tx26146_00010219,FAN_OUT,1
tx26146_00010220,FAN_OUT,1
tx26146_00010221,FAN_OUT,1
tx26146_00010222,FAN_OUT,1
tx26146_00010223,FAN_OUT,1
tx26146_00010224,FAN_OUT,1
tx26146_00010225,FAN_OUT,1
tx26146_00010226,FAN_OUT,1
tx26146_00010227,FAN_OUT,1
tx26146_00010228,FAN_OUT,1
tx26146_00010229,FAN_OUT,1
tx26146_00010230,FAN_OUT,1
tx26146_00010231,FAN_OUT,1
tx26146_00010232,FAN_OUT,1
tx26146_00010233,FAN_OUT,1
tx26146_00010234,FAN_OUT,1
tx26146_00010235,FAN_OUT,1
tx26146_00010236,FAN_OUT,1
tx26146_00010237,FAN_OUT,1
tx26146_00010238,FAN_OUT,1
tx26146_00010239,FAN_OUT,1
tx26146_00010240,FAN_OUT,1
tx26146_00010241,FAN_OUT,1
tx26146_00010242,FAN_OUT,1
tx26146_00010243,FAN_OUT,1
tx26146_00010244,FAN_OUT,1
tx26146_00010245,FAN_OUT,1
tx26146_00010246,FAN_OUT,1
tx26146_00010247,FAN_OUT,1
tx26146_00010248,FAN_OUT,1
tx26146_00010249,FAN_OUT,1
tx26146_00010250,FAN_OUT,1
tx26146_00010251,FAN_OUT,1
tx26146_00010252,FAN_OUT,1
tx26146_00010253,FAN_OUT,1
tx26146_00010254,FAN_OUT,1
tx26146_00010255,FAN_OUT,1
tx26146_00010256,FAN_OUT,1
tx26146_00010257,FAN_OUT,1
tx26146_00010258,FAN_OUT,1
tx26146_00010259,FAN_OUT,1
tx26146_00010260,FAN_OUT,1
tx26146_00010261,FAN_OUT,1
tx26146_00010262,FAN_OUT,1
tx26146_00010263,FAN_OUT,1
tx26146_00010264,FAN_OUT,1
tx26146_00010265,FAN_OUT,1
tx26146_00010266,FAN_OUT,1
tx26146_00010267,FAN_OUT,1
tx26146_00010268,FAN_OUT,1
tx26146_00010269,FAN_OUT,1
tx26146_00010270,FAN_OUT,1
tx26146_00010271,FAN_OUT,1
tx26146_00010272,FAN_OUT,1
tx26146_00010273,FAN_OUT,1
tx26146_00010274,FAN_OUT,1
tx26146_00010275,FAN_OUT,1
tx26146_00010276,FAN_OUT,1
tx26146_00010277,FAN_OUT,1
tx26146_00010278,FAN_OUT,1
tx26146_00010279,FAN_OUT,1
tx26146_00010280,FAN_OUT,1
tx26146_00010281,FAN_OUT,1
tx26146_00010282,FAN_OUT,1
tx26146_00010283,FAN_OUT,1
tx26146_00010284,FAN_OUT,1
tx26146_00010285,FAN_OUT,1
tx26146_00010286,FAN_OUT,1
tx26146_00010287,FAN_OUT,1
tx26146_00010288,FAN_OUT,1
tx26146_00010289,FAN_OUT,1
tx26146_00010290,FAN_OUT,1
tx26146_00010291,FAN_OUT,1
tx26146_00010292,FAN_OUT,1
tx26146_00010293,FAN_OUT,1
tx26146_00010294,FAN_OUT,1
tx26146_00010295,FAN_OUT,1
tx26146_00010296,FAN_OUT,1
tx26146_00010297,FAN_OUT,1
tx26146_00010298,FAN_OUT,1
tx26146_00010299,FAN_OUT,1
tx26146_00010300,FAN_OUT,1
tx26146_00010301,FAN_OUT,1
tx26146_00010302,FAN_OUT,1
tx26146_00010303,FAN_OUT,1
tx26146_00010304,FAN_OUT,1
tx26146_00010305,FAN_OUT,1
tx26146_00010306,FAN_OUT,1
tx26146_00010307,FAN_OUT,1
tx26146_00010308,FAN_OUT,1
tx26146_00010309,FAN_OUT,1
tx26146_00010310,FAN_OUT,1
tx26146_00010311,FAN_OUT,1
tx26146_00010312,FAN_OUT,1
tx26146_00010313,FAN_OUT,1
tx26146_00010314,FAN_OUT,1
tx26146_00010315,FAN_OUT,1
tx26146_00010316,FAN_OUT,1
tx26146_00010317,FAN_OUT,1
tx26146_00010318,FAN_OUT,1
tx26146_00010319,FAN_OUT,1
tx26146_00010320,FAN_OUT,1
tx26146_00010321,FAN_OUT,1
tx26146_00010322,FAN_OUT,1
tx26146_00010323,FAN_OUT,1
tx26146_00010324,FAN_OUT,1
tx26146_00010325,FAN_OUT,1
tx26146_00010326,FAN_OUT,1
tx26146_00010327,FAN_OUT,1
tx26146_00010328,FAN_OUT,1
tx26146_00010329,FAN_OUT,1
tx26146_00010330,FAN_OUT,1
tx26146_00010331,FAN_OUT,1
tx26146_00010332,FAN_OUT,1
tx26146_00010333,FAN_OUT,1
tx26146_00010334,FAN_OUT,1
tx26146_00010335,FAN_OUT,1
tx26146_00010336,FAN_OUT,1
tx26146_00010337,FAN_OUT,1
tx26146_00010338,FAN_OUT,1
tx26146_00010339,FAN_OUT,1
tx26146_00010340,FAN_OUT,1
tx26146_00010341,FAN_OUT,1
tx26146_00010342,FAN_OUT,1
tx26146_00010343,FAN_OUT,1
tx26146_00010344,FAN_OUT,1
tx26146_00010345,FAN_OUT,1
tx26146_00010346,FAN_OUT,1
tx26146_00010347,FAN_OUT,1
tx26146_00010348,FAN_OUT,1
tx26146_00010349,FAN_OUT,1
tx26146_00010350,FAN_OUT,1
tx26146_00010351,FAN_OUT,1
tx26146_00010352,FAN_OUT,1
tx26146_00010353,FAN_OUT,1
tx26146_00010354,FAN_OUT,1
tx26146_00010355,FAN_OUT,1
tx26146_00010356,FAN_OUT,1
tx26146_00010357,FAN_OUT,1
tx26146_00010358,FAN_OUT,1
tx26146_00010359,FAN_OUT,1
tx26146_00010360,FAN_OUT,1
tx26146_00010361,FAN_OUT,1
tx26146_00010362,FAN_OUT,1
tx26146_00010363,FAN_OUT,1
tx26146_00010364,FAN_OUT,1
tx26146_00010365,FAN_OUT,1
tx26146_00010366,FAN_OUT,1
tx26146_00010367,FAN_OUT,1
tx26146_00010368,FAN_OUT,1
tx26146_00010369,FAN_OUT,1
tx26146_00010370,FAN_OUT,1
tx26146_00010371,FAN_OUT,1
tx26146_00010372,FAN_OUT,1
tx26146_00010373,FAN_OUT,1
tx26146_00010374,FAN_OUT,1
tx26146_00010375,FAN_OUT,1
tx26146_00010376,FAN_OUT,1
tx26146_00010377,FAN_OUT,1
tx26146_00010378,FAN_OUT,1
tx26146_00010379,FAN_OUT,1
tx26146_00010380,FAN_OUT,1
tx26146_00010381,FAN_OUT,1
tx26146_00010382,FAN_OUT,1
tx26146_00010383,FAN_OUT,1
tx26146_00010384,FAN_OUT,1
tx26146_00010385,FAN_OUT,1
tx26146_00010386,FAN_OUT,1
tx26146_00010387,FAN_OUT,1
tx26146_00010388,FAN_OUT,1
tx26146_00010389,FAN_OUT,1
tx26146_00010390,FAN_OUT,1
tx26146_00010391,FAN_OUT,1
tx26146_00010392,FAN_OUT,1
tx26146_00010393,FAN_OUT,1
tx26146_00010394,FAN_OUT,1
tx26146_00010395,FAN_OUT,1
tx26146_00010396,FAN_OUT,1
tx26146_00010397,FAN_OUT,1
tx26146_00010398,FAN_OUT,1
tx26146_00010399,FAN_OUT,1
tx26146_00010400,FAN_OUT,1
tx26146_00010401,FAN_OUT,1
tx26146_00010402,FAN_OUT,1
tx26146_00010403,FAN_OUT,1
tx26146_00010404,FAN_OUT,1
tx26146_00010405,FAN_OUT,1
tx26146_00010406,FAN_OUT,1
tx26146_00010407,FAN_OUT,1
tx26146_00010408,FAN_OUT,1
tx26146_00010409,FAN_OUT,1
tx26146_00010410,FAN_OUT,1
tx26146_00010411,FAN_OUT,1
tx26146_00010412,FAN_OUT,1
tx26146_00010413,FAN_OUT,1
tx26146_00010414,FAN_OUT,1
tx26146_00010415,FAN_OUT,1
tx26146_00010416,FAN_OUT,1
tx26146_00010417,FAN_OUT,1
tx26146_00010418,FAN_OUT,1
tx26146_00010419,FAN_OUT,1
tx26146_00010420,FAN_OUT,1
tx26146_00010421,FAN_OUT,1
tx26146_00010422,FAN_OUT,1
tx26146_00010423,FAN_OUT,1
tx26146_00010424,FAN_OUT,1
tx26146_00010425,FAN_OUT,1
tx26146_00010426,FAN_OUT,1
tx26146_00010427,FAN_OUT,1
tx26146_00010428,FAN_OUT,1
tx26146_00010429,FAN_OUT,1
tx26146_00010430,FAN_OUT,1
tx26146_00010431,FAN_OUT,1
tx26146_00010432,FAN_OUT,1
tx26146_00010433,FAN_OUT,1
tx26146_00010434,FAN_OUT,1
tx26146_00010435,FAN_OUT,1
tx26146_00010436,FAN_OUT,1
tx26146_00010437,FAN_OUT,1
tx26146_00010438,FAN_OUT,1
tx26146_00010439,FAN_OUT,1
tx26146_00010440,FAN_OUT,1
tx26146_00010441,FAN_OUT,1
tx26146_00010442,FAN_OUT,1
tx26146_00010443,FAN_OUT,1
tx26146_00010444,FAN_OUT,1
tx26146_00010445,FAN_OUT,1
tx26146_00010446,FAN_OUT,1
tx26146_00010447,FAN_OUT,1
tx26146_00010448,FAN_OUT,1
tx26146_00010449,FAN_OUT,1
tx26146_00010450,FAN_OUT,1
tx26146_00010451,FAN_OUT,1
tx26146_00010452,FAN_OUT,1
tx26146_00010453,FAN_OUT,1
tx26146_00010454,FAN_OUT,1
tx26146_00010455,FAN_OUT,1
tx26146_00010456,FAN_OUT,1
tx26146_00010457,FAN_OUT,1
tx26146_00010458,FAN_OUT,1
tx26146_00010459,FAN_OUT,1
tx26146_00010460,FAN_OUT,1
tx26146_00010461,FAN_OUT,1
tx26146_00010462,FAN_OUT,1
tx26146_00010463,FAN_OUT,1
tx26146_00010464,FAN_OUT,1
tx26146_00010465,FAN_OUT,1
tx26146_00010466,FAN_OUT,1
tx26146_00010467,FAN_OUT,1
tx26146_00010468,FAN_OUT,1
tx26146_00010469,FAN_OUT,1
tx26146_00010470,FAN_OUT,1
tx26146_00010471,FAN_OUT,1
tx26146_00010472,FAN_OUT,1
tx26146_00010473,FAN_OUT,1
tx26146_00010474,FAN_OUT,1
tx26146_00010475,FAN_OUT,1
tx26146_00010476,FAN_OUT,1
tx26146_00010477,FAN_OUT,1
tx26146_00010478,FAN_OUT,1
tx26146_00010479,FAN_OUT,1
tx26146_00010480,FAN_OUT,1
tx26146_00010481,FAN_OUT,1
tx26146_00010482,FAN_OUT,1
tx26146_00010483,FAN_OUT,1
tx26146_00010484,FAN_OUT,1
tx26146_00010485,FAN_OUT,1
tx26146_00010486,FAN_OUT,1
tx26146_00010487,FAN_OUT,1
tx26146_00010488,FAN_OUT,1
tx26146_00010489,FAN_OUT,1
tx26146_00010490,FAN_OUT,1
tx26146_00010491,FAN_OUT,1
tx26146_00010492,FAN_OUT,1
tx26146_00010493,FAN_OUT,1
tx26146_00010494,FAN_OUT,1
tx26146_00010495,FAN_OUT,1
tx26146_00010496,FAN_OUT,1
tx26146_00010497,FAN_OUT,1
tx26146_00010498,FAN_OUT,1
tx26146_00010499,FAN_OUT,1
tx26146_00010500,FAN_OUT,1
tx26146_00010501,FAN_OUT,1
tx26146_00010502,FAN_OUT,1
tx26146_00010503,FAN_OUT,1
tx26146_00010504,FAN_OUT,1
tx26146_00010505,FAN_OUT,1
tx26146_00010506,FAN_OUT,1
tx26146_00010507,FAN_OUT,1
tx26146_00010508,FAN_OUT,1
tx26146_00010509,FAN_OUT,1
tx26146_00010510,FAN_OUT,1
tx26146_00010511,FAN_OUT,1
tx26146_00010512,FAN_OUT,1
tx26146_00010513,FAN_OUT,1
tx26146_00010514,FAN_OUT,1
tx26146_00010515,FAN_OUT,1
tx26146_00010516,FAN_OUT,1
tx26146_00010517,FAN_OUT,1
tx26146_00010518,FAN_OUT,1
tx26146_00010519,FAN_OUT,1
tx26146_00010520,FAN_OUT,1
tx26146_00010521,FAN_OUT,1
tx26146_00010522,FAN_OUT,1
tx26146_00010523,FAN_OUT,1
tx26146_00010524,FAN_OUT,1
tx26146_00010525,FAN_OUT,1
tx26146_00010526,FAN_OUT,1
tx26146_00010527,FAN_OUT,1
tx26146_00010528,FAN_OUT,1
tx26146_00010529,FAN_OUT,1
tx26146_00010530,FAN_OUT,1
tx26146_00010531,FAN_OUT,1
tx26146_00010532,FAN_OUT,1
tx26146_00010533,FAN_OUT,1
tx26146_00010534,FAN_OUT,1
tx26146_00010535,FAN_OUT,1
tx26146_00010536,FAN_OUT,1
tx26146_00010537,FAN_OUT,1
tx26146_00010538,FAN_OUT,1
tx26146_00010539,FAN_OUT,1
tx26146_00010540,FAN_OUT,1
tx26146_00010541,FAN_OUT,1
tx26146_00010542,FAN_OUT,1
tx26146_00010543,FAN_OUT,1
tx26146_00010544,FAN_OUT,1
tx26146_00010545,FAN_OUT,1
tx26146_00010546,FAN_OUT,1
tx26146_00010547,FAN_OUT,1
tx26146_00010548,FAN_OUT,1
tx26146_00010549,FAN_OUT,1
tx26146_00010550,FAN_OUT,1
tx26146_00010551,FAN_OUT,1
tx26146_00010552,FAN_OUT,1
tx26146_00010553,FAN_OUT,1
tx26146_00010554,FAN_OUT,1
tx26146_00010555,FAN_OUT,1
tx26146_00010556,FAN_OUT,1
tx26146_00010557,FAN_OUT,1
tx26146_00010558,FAN_OUT,1
tx26146_00010559,FAN_OUT,1
tx26146_00010560,FAN_OUT,1
tx26146_00010561,FAN_OUT,1
tx26146_00010562,FAN_OUT,1
tx26146_00010563,FAN_OUT,1
tx26146_00010564,FAN_OUT,1
tx26146_00010565,FAN_OUT,1
tx26146_00010566,FAN_OUT,1
tx26146_00010567,FAN_OUT,1
tx26146_00010568,FAN_OUT,1
tx26146_00010569,FAN_OUT,1
tx26146_00010570,FAN_OUT,1
tx26146_00010571,FAN_OUT,1
tx26146_00010572,FAN_OUT,1
tx26146_00010573,FAN_OUT,1
tx26146_00010574,FAN_OUT,1
tx26146_00010575,FAN_OUT,1
tx26146_00010576,FAN_OUT,1
tx26146_00010577,FAN_OUT,1
tx26146_00010578,FAN_OUT,1
tx26146_00010579,FAN_OUT,1
tx26146_00010580,FAN_OUT,1
tx26146_00010581,FAN_OUT,1
tx26146_00010582,FAN_OUT,1
tx26146_00010583,FAN_OUT,1
tx26146_00010584,FAN_OUT,1
tx26146_00010585,FAN_OUT,1
tx26146_00010586,FAN_OUT,1
tx26146_00010587,FAN_OUT,1
tx26146_00010588,FAN_OUT,1
tx26146_00010589,FAN_OUT,1
tx26146_00010590,FAN_OUT,1
tx26146_00010591,FAN_OUT,1
tx26146_00010592,FAN_OUT,1
tx26146_00010593,FAN_OUT,1
tx26146_00010594,FAN_OUT,1
tx26146_00010595,FAN_OUT,1
tx26146_00010596,FAN_OUT,1
tx26146_00010597,FAN_OUT,1
tx26146_00010598,FAN_OUT,1
tx26146_00010599,FAN_OUT,1
tx26146_00010600,FAN_OUT,1
tx26146_00010601,FAN_OUT,1
tx26146_00010602,FAN_OUT,1
tx26146_00010603,FAN_OUT,1
tx26146_00010604,FAN_OUT,1
tx26146_00010605,FAN_OUT,1
tx26146_00010606,FAN_OUT,1
tx26146_00010607,FAN_OUT,1
tx26146_00010608,FAN_OUT,1
tx26146_00010609,FAN_OUT,1
tx26146_00010610,FAN_OUT,1
tx26146_00010611,FAN_OUT,1
tx26146_00010612,FAN_OUT,1
tx26146_00010613,FAN_OUT,1
tx26146_00010614,FAN_OUT,1
tx26146_00010615,FAN_OUT,1
tx26146_00010616,FAN_OUT,1
tx26146_00010617,FAN_OUT,1
tx26146_00010618,FAN_OUT,1
tx26146_00010619,FAN_OUT,1
tx26146_00010620,FAN_OUT,1
tx26146_00010621,FAN_OUT,1
tx26146_00010622,FAN_OUT,1
tx26146_00010623,FAN_OUT,1
tx26146_00010624,FAN_OUT,1
tx26146_00010625,FAN_OUT,1
tx26146_00010626,FAN_OUT,1
tx26146_00010627,FAN_OUT,1
tx26146_00010628,FAN_OUT,1
tx26146_00010629,FAN_OUT,1
tx26146_00010630,FAN_OUT,1
tx26146_00010631,FAN_OUT,1
tx26146_00010632,FAN_OUT,1
tx26146_00010633,FAN_OUT,1
tx26146_00010634,FAN_OUT,1
tx26146_00010635,FAN_OUT,1
tx26146_00010636,FAN_OUT,1
tx26146_00010637,FAN_OUT,1
tx26146_00010638,FAN_OUT,1
tx26146_00010639,FAN_OUT,1
tx26146_00010640,FAN_OUT,1
tx26146_00010641,FAN_OUT,1
tx26146_00010642,FAN_OUT,1
tx26146_00010643,FAN_OUT,1
tx26146_00010644,FAN_OUT,1
tx26146_00010645,FAN_OUT,1
tx26146_00010646,FAN_OUT,1
tx26146_00010647,FAN_OUT,1
tx26146_00010648,FAN_OUT,1
tx26146_00010649,FAN_OUT,1
tx26146_00010650,FAN_OUT,1
tx26146_00010651,FAN_OUT,1
tx26146_00010652,FAN_OUT,1
tx26146_00010653,FAN_OUT,1
tx26146_00010654,FAN_OUT,1
tx26146_00010655,FAN_OUT,1
tx26146_00010656,FAN_OUT,1
tx26146_00010657,FAN_OUT,1
tx26146_00010658,FAN_OUT,1
tx26146_00010659,FAN_OUT,1
tx26146_00010660,FAN_OUT,1
tx26146_00010661,FAN_OUT,1
tx26146_00010662,FAN_OUT,1
tx26146_00010663,FAN_OUT,1
tx26146_00010664,FAN_OUT,1
tx26146_00010665,FAN_OUT,1
tx26146_00010666,FAN_OUT,1
tx26146_00010667,FAN_OUT,1
tx26146_00010668,FAN_OUT,1
tx26146_00010669,FAN_OUT,1
tx26146_00010670,FAN_OUT,1
tx26146_00010671,FAN_OUT,1
tx26146_00010672,FAN_OUT,1
tx26146_00010673,FAN_OUT,1
tx26146_00010674,FAN_OUT,1
tx26146_00010675,FAN_OUT,1
tx26146_00010676,FAN_OUT,1
tx26146_00010677,FAN_OUT,1
tx26146_00010678,FAN_OUT,1
tx26146_00010679,FAN_OUT,1
tx26146_00010680,FAN_OUT,1
tx26146_00010681,FAN_OUT,1
tx26146_00010682,FAN_OUT,1
tx26146_00010683,FAN_OUT,1
tx26146_00010684,FAN_OUT,1
tx26146_00010685,FAN_OUT,1
tx26146_00010686,FAN_OUT,1
tx26146_00010687,FAN_OUT,1
tx26146_00010688,FAN_OUT,1
tx26146_00010689,FAN_OUT,1
tx26146_00010690,FAN_OUT,1
tx26146_00010691,FAN_OUT,1
tx26146_00010692,FAN_OUT,1
tx26146_00010693,FAN_OUT,1
tx26146_00010694,FAN_OUT,1
tx26146_00010695,FAN_OUT,1
tx26146_00010696,FAN_OUT,1
tx26146_00010697,FAN_OUT,1
tx26146_00010698,FAN_OUT,1
tx26146_00010699,FAN_OUT,1
tx26146_00010700,FAN_OUT,1
tx26146_00010701,FAN_OUT,1
tx26146_00010702,FAN_OUT,1
tx26146_00010703,FAN_OUT,1
tx26146_00010704,FAN_OUT,1
tx26146_00010705,FAN_OUT,1
tx26146_00010706,FAN_OUT,1
tx26146_00010707,FAN_OUT,1
tx26146_00010708,FAN_OUT,1
tx26146_00010709,FAN_OUT,1
tx26146_00010710,FAN_OUT,1
tx26146_00010711,FAN_OUT,1
tx26146_00010712,FAN_OUT,1
tx26146_00010713,FAN_OUT,1
tx26146_00010714,FAN_OUT,1
tx26146_00010715,FAN_OUT,1
tx26146_00010716,FAN_OUT,1
tx26146_00010717,FAN_OUT,1
tx26146_00010718,FAN_OUT,1
tx26146_00010719,FAN_OUT,1
tx26146_00010720,FAN_OUT,1
tx26146_00010721,FAN_OUT,1
tx26146_00010722,FAN_OUT,1
tx26146_00010723,FAN_OUT,1
tx26146_00010724,FAN_OUT,1
tx26146_00010725,FAN_OUT,1
tx26146_00010726,FAN_OUT,1
tx26146_00010727,FAN_OUT,1
tx26146_00010728,FAN_OUT,1
tx26146_00010729,FAN_OUT,1
tx26146_00010730,FAN_OUT,1
tx26146_00010731,FAN_OUT,1
tx26146_00010732,FAN_OUT,1
tx26146_00010733,FAN_OUT,1
tx26146_00010734,FAN_OUT,1
tx26146_00010735,FAN_OUT,1
tx26146_00010736,FAN_OUT,1
tx26146_00010737,FAN_OUT,1
tx26146_00010738,FAN_OUT,1
tx26146_00010739,FAN_OUT,1
tx26146_00010740,FAN_OUT,1
tx26146_00010741,FAN_OUT,1
tx26146_00010742,FAN_OUT,1
tx26146_00010743,FAN_OUT,1
tx26146_00010744,FAN_OUT,1
tx26146_00010745,FAN_OUT,1
tx26146_00010746,FAN_OUT,1
tx26146_00010747,FAN_OUT,1
tx26146_00010748,FAN_OUT,1
tx26146_00010749,FAN_OUT,1
tx26146_00010750,FAN_OUT,1
tx26146_00010751,FAN_OUT,1
tx26146_00010752,FAN_OUT,1
tx26146_00010753,FAN_OUT,1
tx26146_00010754,FAN_OUT,1
tx26146_00010755,FAN_OUT,1
tx26146_00010756,FAN_OUT,1
tx26146_00010757,FAN_OUT,1
tx26146_00010758,FAN_OUT,1
tx26146_00010759,FAN_OUT,1
tx26146_00010760,FAN_OUT,1
tx26146_00010761,FAN_OUT,1
tx26146_00010762,FAN_OUT,1
tx26146_00010763,FAN_OUT,1
tx26146_00010764,FAN_OUT,1
tx26146_00010765,FAN_OUT,1
tx26146_00010766,FAN_OUT,1
tx26146_00010767,FAN_OUT,1
tx26146_00010768,FAN_OUT,1
tx26146_00010769,FAN_OUT,1
tx26146_00010770,FAN_OUT,1
tx26146_00010771,FAN_OUT,1
tx26146_00010772,FAN_OUT,1
tx26146_00010773,FAN_OUT,1
tx26146_00010774,FAN_OUT,1
tx26146_00010775,FAN_OUT,1
tx26146_00010776,FAN_OUT,1
tx26146_00010777,FAN_OUT,1
tx26146_00010778,FAN_OUT,1
tx26146_00010779,FAN_OUT,1
tx26146_00010780,FAN_OUT,1
tx26146_00010781,FAN_OUT,1
tx26146_00010782,FAN_OUT,1
tx26146_00010783,FAN_OUT,1
tx26146_00010784,FAN_OUT,1
tx26146_00010785,FAN_OUT,1
tx26146_00010786,FAN_OUT,1
tx26146_00010787,FAN_OUT,1
tx26146_00010788,FAN_OUT,1
tx26146_00010789,FAN_OUT,1
tx26146_00010790,FAN_OUT,1
tx26146_00010791,FAN_OUT,1
tx26146_00010792,FAN_OUT,1
tx26146_00010793,FAN_OUT,1
tx26146_00010794,FAN_OUT,1
tx26146_00010795,FAN_OUT,1
tx26146_00010796,FAN_OUT,1
tx26146_00010797,FAN_OUT,1
tx26146_00010798,FAN_OUT,1
tx26146_00010799,FAN_OUT,1
tx26146_00010800,FAN_OUT,1
tx26146_00010801,FAN_OUT,1
tx26146_00010802,FAN_OUT,1
tx26146_00010803,FAN_OUT,1
tx26146_00010804,FAN_OUT,1
tx26146_00010805,FAN_OUT,1
tx26146_00010806,FAN_OUT,1
tx26146_00010807,FAN_OUT,1
tx26146_00010808,FAN_OUT,1
tx26146_00010809,FAN_OUT,1
tx26146_00010810,FAN_OUT,1
tx26146_00010811,FAN_OUT,1
tx26146_00010812,FAN_OUT,1
tx26146_00010813,FAN_OUT,1
tx26146_00010814,FAN_OUT,1
tx26146_00010815,FAN_OUT,1
tx26146_00010816,FAN_OUT,1
tx26146_00010817,FAN_OUT,1
tx26146_00010818,FAN_OUT,1
tx26146_00010819,FAN_OUT,1
tx26146_00010820,FAN_OUT,1
tx26146_00010821,FAN_OUT,1
tx26146_00010822,FAN_OUT,1
tx26146_00010823,FAN_OUT,1
tx26146_00010824,FAN_OUT,1
tx26146_00010825,FAN_OUT,1
tx26146_00010826,FAN_OUT,1
tx26146_00010827,FAN_OUT,1
tx26146_00010828,FAN_OUT,1
tx26146_00010829,FAN_OUT,1
tx26146_00010830,FAN_OUT,1
tx26146_00010831,FAN_OUT,1
tx26146_00010832,FAN_OUT,1
tx26146_00010833,FAN_OUT,1
tx26146_00010834,FAN_OUT,1
tx26146_00010835,FAN_OUT,1
tx26146_00010836,FAN_OUT,1
tx26146_00010837,FAN_OUT,1
tx26146_00010838,FAN_OUT,1
tx26146_00010839,FAN_OUT,1
tx26146_00010840,FAN_OUT,1
tx26146_00010841,FAN_OUT,1
tx26146_00010842,FAN_OUT,1
tx26146_00010843,FAN_OUT,1
tx26146_00010844,FAN_OUT,1
tx26146_00010845,FAN_OUT,1
tx26146_00010846,FAN_OUT,1
tx26146_00010847,FAN_OUT,1
tx26146_00010848,FAN_OUT,1
tx26146_00010849,FAN_OUT,1
tx26146_00010850,FAN_OUT,1
tx26146_00010851,FAN_OUT,1
tx26146_00010852,FAN_OUT,1
tx26146_00010853,FAN_OUT,1
tx26146_00010854,FAN_OUT,1
tx26146_00010855,FAN_OUT,1
tx26146_00010856,FAN_OUT,1
tx26146_00010857,FAN_OUT,1
tx26146_00010858,FAN_OUT,1
tx26146_00010859,FAN_OUT,1
tx26146_00010860,FAN_OUT,1
tx26146_00010861,FAN_OUT,1
tx26146_00010862,FAN_OUT,1
tx26146_00010863,FAN_OUT,1
tx26146_00010864,FAN_OUT,1
tx26146_00010865,FAN_OUT,1
tx26146_00010866,FAN_OUT,1
tx26146_00010867,FAN_OUT,1
tx26146_00010868,FAN_OUT,1
tx26146_00010869,FAN_OUT,1
tx26146_00010870,FAN_OUT,1
tx26146_00010871,FAN_OUT,1
tx26146_00010872,FAN_OUT,1
tx26146_00010873,FAN_OUT,1
tx26146_00010874,FAN_OUT,1
tx26146_00010875,FAN_OUT,1
tx26146_00010876,FAN_OUT,1
tx26146_00010877,FAN_OUT,1
tx26146_00010878,FAN_OUT,1
tx26146_00010879,FAN_OUT,1
tx26146_00010880,FAN_OUT,1
tx26146_00010881,FAN_OUT,1
tx26146_00010882,FAN_OUT,1
tx26146_00010883,FAN_OUT,1
tx26146_00010884,FAN_OUT,1
tx26146_00010885,FAN_OUT,1
tx26146_00010886,FAN_OUT,1
tx26146_00010887,FAN_OUT,1
tx26146_00010888,FAN_OUT,1
tx26146_00010889,FAN_OUT,1
tx26146_00010890,FAN_OUT,1
tx26146_00010891,FAN_OUT,1
tx26146_00010892,FAN_OUT,1
tx26146_00010893,FAN_OUT,1
tx26146_00010894,FAN_OUT,1
tx26146_00010895,FAN_OUT,1
tx26146_00010896,FAN_OUT,1
tx26146_00010897,FAN_OUT,1
tx26146_00010898,FAN_OUT,1
tx26146_00010899,FAN_OUT,1
tx26146_00010900,FAN_OUT,1
tx26146_00010901,FAN_OUT,1
tx26146_00010902,FAN_OUT,1
tx26146_00010903,FAN_OUT,1
tx26146_00010904,FAN_OUT,1
tx26146_00010905,FAN_OUT,1
tx26146_00010906,FAN_OUT,1
tx26146_00010907,FAN_OUT,1
tx26146_00010908,FAN_OUT,1
tx26146_00010909,FAN_OUT,1
tx26146_00010910,FAN_OUT,1
tx26146_00010911,FAN_OUT,1
tx26146_00010912,FAN_OUT,1
tx26146_00010913,FAN_OUT,1
tx26146_00010914,FAN_OUT,1
tx26146_00010915,FAN_OUT,1
tx26146_00010916,FAN_OUT,1
tx26146_00010917,FAN_OUT,1
tx26146_00010918,FAN_OUT,1
tx26146_00010919,FAN_OUT,1
tx26146_00010920,FAN_OUT,1
tx26146_00010921,FAN_OUT,1
tx26146_00010922,FAN_OUT,1
tx26146_00010923,FAN_OUT,1
tx26146_00010924,FAN_OUT,1
tx26146_00010925,FAN_OUT,1
tx26146_00010926,FAN_OUT,1
tx26146_00010927,FAN_OUT,1
tx26146_00010928,FAN_OUT,1
tx26146_00010929,FAN_OUT,1
tx26146_00010930,FAN_OUT,1
tx26146_00010931,FAN_OUT,1
tx26146_00010932,FAN_OUT,1
tx26146_00010933,FAN_OUT,1
tx26146_00010934,FAN_OUT,1
tx26146_00010935,FAN_OUT,1
tx26146_00010936,FAN_OUT,1
tx26146_00010937,FAN_OUT,1
tx26146_00010938,FAN_OUT,1
tx26146_00010939,FAN_OUT,1
tx26146_00010940,FAN_OUT,1
tx26146_00010941,FAN_OUT,1
tx26146_00010942,FAN_OUT,1
tx26146_00010943,FAN_OUT,1
tx26146_00010944,FAN_OUT,1
tx26146_00010945,FAN_OUT,1
tx26146_00010946,FAN_OUT,1
tx26146_00010947,FAN_OUT,1
tx26146_00010948,FAN_OUT,1
tx26146_00010949,FAN_OUT,1
tx26146_00010950,FAN_OUT,1
tx26146_00010951,FAN_OUT,1
tx26146_00010952,FAN_OUT,1
tx26146_00010953,FAN_OUT,1
tx26146_00010954,FAN_OUT,1
tx26146_00010955,FAN_OUT,1
tx26146_00010956,FAN_OUT,1
tx26146_00010957,FAN_OUT,1
tx26146_00010958,FAN_OUT,1
tx26146_00010959,FAN_OUT,1
tx26146_00010960,FAN_OUT,1
tx26146_00010961,FAN_OUT,1
tx26146_00010962,FAN_OUT,1
tx26146_00010963,FAN_OUT,1
tx26146_00010964,FAN_OUT,1
tx26146_00010965,FAN_OUT,1
tx26146_00010966,FAN_OUT,1
tx26146_00010967,FAN_OUT,1
tx26146_00010968,FAN_OUT,1
tx26146_00010969,FAN_OUT,1
tx26146_00010970,FAN_OUT,1
tx26146_00010971,FAN_OUT,1
tx26146_00010972,FAN_OUT,1
tx26146_00010973,FAN_OUT,1
tx26146_00010974,FAN_OUT,1
tx26146_00010975,FAN_OUT,1
tx26146_00010976,FAN_OUT,1
tx26146_00010977,FAN_OUT,1
tx26146_00010978,FAN_OUT,1
tx26146_00010979,FAN_OUT,1
tx26146_00010980,FAN_OUT,1
tx26146_00010981,FAN_OUT,1
tx26146_00010982,FAN_OUT,1
tx26146_00010983,FAN_OUT,1
tx26146_00010984,FAN_OUT,1
tx26146_00010985,FAN_OUT,1
tx26146_00010986,FAN_OUT,1
tx26146_00010987,FAN_OUT,1
tx26146_00010988,FAN_OUT,1
tx26146_00010989,FAN_OUT,1
tx26146_00010990,FAN_OUT,1
tx26146_00010991,FAN_OUT,1
tx26146_00010992,FAN_OUT,1
tx26146_00010993,FAN_OUT,1
tx26146_00010994,FAN_OUT,1
tx26146_00010995,FAN_OUT,1
tx26146_00010996,FAN_OUT,1
tx26146_00010997,FAN_OUT,1
tx26146_00010998,FAN_OUT,1
tx26146_00010999,FAN_OUT,1
tx26146_00011000,FAN_OUT,1
tx26146_00011001,FAN_OUT,1
tx26146_00011002,FAN_OUT,1
tx26146_00011003,FAN_OUT,1
tx26146_00011004,FAN_OUT,1
tx26146_00011005,FAN_OUT,1
tx26146_00011006,FAN_OUT,1
tx26146_00011007,FAN_OUT,1
tx26146_00011008,FAN_OUT,1
tx26146_00011009,FAN_OUT,1
tx26146_00011010,FAN_OUT,1
tx26146_00011011,FAN_OUT,1
tx26146_00011012,FAN_OUT,1
tx26146_00011013,FAN_OUT,1
tx26146_00011014,FAN_OUT,1
tx26146_00011015,FAN_OUT,1
tx26146_00011016,FAN_OUT,1
tx26146_00011017,FAN_OUT,1
tx26146_00011018,FAN_OUT,1
tx26146_00011019,FAN_OUT,1
tx26146_00011020,FAN_OUT,1
tx26146_00011021,FAN_OUT,1
tx26146_00011022,FAN_OUT,1
tx26146_00011023,FAN_OUT,1
tx26146_00011024,FAN_OUT,1
tx26146_00011025,FAN_OUT,1
tx26146_00011026,FAN_OUT,1
tx26146_00011027,FAN_OUT,1
tx26146_00011028,FAN_OUT,1
tx26146_00011029,FAN_OUT,1
tx26146_00011030,FAN_OUT,1
tx26146_00011031,FAN_OUT,1
tx26146_00011032,FAN_OUT,1
tx26146_00011033,FAN_OUT,1
tx26146_00011034,FAN_OUT,1
tx26146_00011035,FAN_OUT,1
tx26146_00011036,FAN_OUT,1
tx26146_00011037,FAN_OUT,1
tx26146_00011038,FAN_OUT,1
tx26146_00011039,FAN_OUT,1
tx26146_00011040,FAN_OUT,1
tx26146_00011041,FAN_OUT,1
tx26146_00011042,FAN_OUT,1
tx26146_00011043,FAN_OUT,1
tx26146_00011044,FAN_OUT,1
tx26146_00011045,FAN_OUT,1
tx26146_00011046,FAN_OUT,1
tx26146_00011047,FAN_OUT,1
tx26146_00011048,FAN_OUT,1
tx26146_00011049,FAN_OUT,1
tx26146_00011050,FAN_OUT,1
tx26146_00011051,FAN_OUT,1
tx26146_00011052,FAN_OUT,1
tx26146_00011053,FAN_OUT,1
tx26146_00011054,FAN_OUT,1
tx26146_00011055,FAN_OUT,1
tx26146_00011056,FAN_OUT,1
tx26146_00011057,FAN_OUT,1
tx26146_00011058,FAN_OUT,1
tx26146_00011059,FAN_OUT,1
tx26146_00011060,FAN_OUT,1
tx26146_00011061,FAN_OUT,1
tx26146_00011062,FAN_OUT,1
tx26146_00011063,FAN_OUT,1
tx26146_00011064,FAN_OUT,1
tx26146_00011065,FAN_OUT,1
tx26146_00011066,FAN_OUT,1
tx26146_00011067,FAN_OUT,1
tx26146_00011068,FAN_OUT,1
tx26146_00011069,FAN_OUT,1
tx26146_00011070,FAN_OUT,1
tx26146_00011071,FAN_OUT,1
tx26146_00011072,FAN_OUT,1
tx26146_00011073,FAN_OUT,1
tx26146_00011074,FAN_OUT,1
tx26146_00011075,FAN_OUT,1
tx26146_00011076,FAN_OUT,1
tx26146_00011077,FAN_OUT,1
tx26146_00011078,FAN_OUT,1
tx26146_00011079,FAN_OUT,1
tx26146_00011080,FAN_OUT,1
tx26146_00011081,FAN_OUT,1
tx26146_00011082,FAN_OUT,1
tx26146_00011083,FAN_OUT,1
tx26146_00011084,FAN_OUT,1
tx26146_00011085,FAN_OUT,1
tx26146_00011086,FAN_OUT,1
tx26146_00011087,FAN_OUT,1
tx26146_00011088,FAN_OUT,1
tx26146_00011089,FAN_OUT,1
tx26146_00011090,FAN_OUT,1
tx26146_00011091,FAN_OUT,1
tx26146_00011092,FAN_OUT,1
tx26146_00011093,FAN_OUT,1
tx26146_00011094,FAN_OUT,1
tx26146_00011095,FAN_OUT,1
tx26146_00011096,FAN_OUT,1
tx26146_00011097,FAN_OUT,1
tx26146_00011098,FAN_OUT,1
tx26146_00011099,FAN_OUT,1
tx26146_00011100,FAN_OUT,1
tx26146_00011101,FAN_OUT,1
tx26146_00011102,FAN_OUT,1
tx26146_00011103,FAN_OUT,1
tx26146_00011104,FAN_OUT,1
tx26146_00011105,FAN_OUT,1
tx26146_00011106,FAN_OUT,1
tx26146_00011107,FAN_OUT,1
tx26146_00011108,FAN_OUT,1
tx26146_00011109,FAN_OUT,1
tx26146_00011110,FAN_OUT,1
tx26146_00011111,FAN_OUT,1
tx26146_00011112,FAN_OUT,1
tx26146_00011113,FAN_OUT,1
tx26146_00011114,FAN_OUT,1
tx26146_00011115,FAN_OUT,1
tx26146_00011116,FAN_OUT,1
tx26146_00011117,FAN_OUT,1
tx26146_00011118,FAN_OUT,1
tx26146_00011119,FAN_OUT,1
tx26146_00011120,FAN_OUT,1
tx26146_00011121,FAN_OUT,1
tx26146_00011122,FAN_OUT,1
tx26146_00011123,FAN_OUT,1
tx26146_00011124,FAN_OUT,1
tx26146_00011125,FAN_OUT,1
tx26146_00011126,FAN_OUT,1
tx26146_00011127,FAN_OUT,1
tx26146_00011128,FAN_OUT,1
tx26146_00011129,FAN_OUT,1
tx26146_00011130,FAN_OUT,1
tx26146_00011131,FAN_OUT,1
tx26146_00011132,FAN_OUT,1
tx26146_00011133,FAN_OUT,1
tx26146_00011134,FAN_OUT,1
tx26146_00011135,FAN_OUT,1
tx26146_00011136,FAN_OUT,1
tx26146_00011137,FAN_OUT,1
tx26146_00011138,FAN_OUT,1
tx26146_00011139,FAN_OUT,1
tx26146_00011140,FAN_OUT,1
tx26146_00011141,FAN_OUT,1
tx26146_00011142,FAN_OUT,1
tx26146_00011143,FAN_OUT,1
tx26146_00011144,FAN_OUT,1
tx26146_00011145,FAN_OUT,1
tx26146_00011146,FAN_OUT,1
tx26146_00011147,FAN_OUT,1
tx26146_00011148,FAN_OUT,1
tx26146_00011149,FAN_OUT,1
tx26146_00011150,FAN_OUT,1
tx26146_00011151,FAN_OUT,1
tx26146_00011152,FAN_OUT,1
tx26146_00011153,FAN_OUT,1
tx26146_00011154,FAN_OUT,1
tx26146_00011155,FAN_OUT,1
tx26146_00011156,FAN_OUT,1
tx26146_00011157,FAN_OUT,1
tx26146_00011158,FAN_OUT,1
tx26146_00011159,FAN_OUT,1
tx26146_00011160,FAN_OUT,1
tx26146_00011161,FAN_OUT,1
tx26146_00011162,FAN_OUT,1
tx26146_00011163,FAN_OUT,1
tx26146_00011164,FAN_OUT,1
tx26146_00011165,FAN_OUT,1
tx26146_00011166,FAN_OUT,1
tx26146_00011167,FAN_OUT,1
tx26146_00011168,FAN_OUT,1
tx26146_00011169,FAN_OUT,1
tx26146_00011170,FAN_OUT,1
tx26146_00011171,FAN_OUT,1
tx26146_00011172,FAN_OUT,1
tx26146_00011173,FAN_OUT,1
tx26146_00011174,FAN_OUT,1
tx26146_00011175,FAN_OUT,1
tx26146_00011176,FAN_OUT,1
tx26146_00011177,FAN_OUT,1
tx26146_00011178,FAN_OUT,1
tx26146_00011179,FAN_OUT,1
tx26146_00011180,FAN_OUT,1
tx26146_00011181,FAN_OUT,1
tx26146_00011182,FAN_OUT,1
tx26146_00011183,FAN_OUT,1
tx26146_00011184,FAN_OUT,1
tx26146_00011185,FAN_OUT,1
tx26146_00011186,FAN_OUT,1
tx26146_00011187,FAN_OUT,1
tx26146_00011188,FAN_OUT,1
tx26146_00011189,FAN_OUT,1
tx26146_00011190,FAN_OUT,1
tx26146_00011191,FAN_OUT,1
tx26146_00011192,FAN_OUT,1
tx26146_00011193,FAN_OUT,1
tx26146_00011194,FAN_OUT,1
tx26146_00011195,FAN_OUT,1
tx26146_00011196,FAN_OUT,1
tx26146_00011197,FAN_OUT,1
tx26146_00011198,FAN_OUT,1
tx26146_00011199,FAN_OUT,1
tx26146_00011200,FAN_OUT,1
tx26146_00011201,FAN_OUT,1
tx26146_00011202,FAN_OUT,1
tx26146_00011203,FAN_OUT,1
tx26146_00011204,FAN_OUT,1
tx26146_00011205,FAN_OUT,1
tx26146_00011206,FAN_OUT,1
tx26146_00011207,FAN_OUT,1
tx26146_00011208,FAN_OUT,1
tx26146_00011209,FAN_OUT,1
tx26146_00011210,FAN_OUT,1
tx26146_00011211,FAN_OUT,1
tx26146_00011212,FAN_OUT,1
tx26146_00011213,FAN_OUT,1
tx26146_00011214,FAN_OUT,1
tx26146_00011215,FAN_OUT,1
tx26146_00011216,FAN_OUT,1
tx26146_00011217,FAN_OUT,1
tx26146_00011218,FAN_OUT,1
tx26146_00011219,FAN_OUT,1
tx26146_00011220,FAN_OUT,1
tx26146_00011221,FAN_OUT,1
tx26146_00011222,FAN_OUT,1
tx26146_00011223,FAN_OUT,1
tx26146_00011224,FAN_OUT,1
tx26146_00011225,FAN_OUT,1
tx26146_00011226,FAN_OUT,1
tx26146_00011227,FAN_OUT,1
tx26146_00011228,FAN_OUT,1
tx26146_00011229,FAN_OUT,1
tx26146_00011230,FAN_OUT,1
tx26146_00011231,FAN_OUT,1
tx26146_00011232,FAN_OUT,1
tx26146_00011233,FAN_OUT,1
tx26146_00011234,FAN_OUT,1
tx26146_00011235,FAN_OUT,1
tx26146_00011236,FAN_OUT,1
tx26146_00011237,FAN_OUT,1
tx26146_00011238,FAN_OUT,1
tx26146_00011239,FAN_OUT,1
tx26146_00011240,FAN_OUT,1
tx26146_00011241,FAN_OUT,1
tx26146_00011242,FAN_OUT,1
tx26146_00011243,FAN_OUT,1
tx26146_00011244,FAN_OUT,1
tx26146_00011245,FAN_OUT,1
tx26146_00011246,FAN_OUT,1
tx26146_00011247,FAN_OUT,1
tx26146_00011248,FAN_OUT,1
tx26146_00011249,FAN_OUT,1
tx26146_00011250,FAN_OUT,1
tx26146_00011251,FAN_OUT,1
tx26146_00011252,FAN_OUT,1
tx26146_00011253,FAN_OUT,1
tx26146_00011254,FAN_OUT,1
tx26146_00011255,FAN_OUT,1
tx26146_00011256,FAN_OUT,1
tx26146_00011257,FAN_OUT,1
tx26146_00011258,FAN_OUT,1
tx26146_00011259,FAN_OUT,1
tx26146_00011260,FAN_OUT,1
tx26146_00011261,FAN_OUT,1
tx26146_00011262,FAN_OUT,1
tx26146_00011263,FAN_OUT,1
tx26146_00011264,FAN_OUT,1
tx26146_00011265,FAN_OUT,1
tx26146_00011266,FAN_OUT,1
tx26146_00011267,FAN_OUT,1
tx26146_00011268,FAN_OUT,1
tx26146_00011269,FAN_OUT,1
tx26146_00011270,FAN_OUT,1
tx26146_00011271,FAN_OUT,1
tx26146_00011272,FAN_OUT,1
tx26146_00011273,FAN_OUT,1
tx26146_00011274,FAN_OUT,1
tx26146_00011275,FAN_OUT,1
tx26146_00011276,FAN_OUT,1
tx26146_00011277,FAN_OUT,1
tx26146_00011278,FAN_OUT,1
tx26146_00011279,FAN_OUT,1
tx26146_00011280,FAN_OUT,1
tx26146_00011281,FAN_OUT,1
tx26146_00011282,FAN_OUT,1
tx26146_00011283,FAN_OUT,1
tx26146_00011284,FAN_OUT,1
tx26146_00011285,FAN_OUT,1
tx26146_00011286,FAN_OUT,1
tx26146_00011287,FAN_OUT,1
tx26146_00011288,FAN_OUT,1
tx26146_00011289,FAN_OUT,1
tx26146_00011290,FAN_OUT,1
tx26146_00011291,FAN_OUT,1
tx26146_00011292,FAN_OUT,1
tx26146_00011293,FAN_OUT,1
tx26146_00011294,FAN_OUT,1
tx26146_00011295,FAN_OUT,1
tx26146_00011296,FAN_OUT,1
tx26146_00011297,FAN_OUT,1
tx26146_00011298,FAN_OUT,1
tx26146_00011299,FAN_OUT,1
tx26146_00011300,FAN_OUT,1
tx26146_00011301,FAN_OUT,1
tx26146_00011302,FAN_OUT,1
tx26146_00011303,FAN_OUT,1
tx26146_00011304,FAN_OUT,1
tx26146_00011305,FAN_OUT,1
tx26146_00011306,FAN_OUT,1
tx26146_00011307,FAN_OUT,1
tx26146_00011308,FAN_OUT,1
tx26146_00011309,FAN_OUT,1
tx26146_00011310,FAN_OUT,1
tx26146_00011311,FAN_OUT,1
tx26146_00011312,FAN_OUT,1
tx26146_00011313,FAN_OUT,1
tx26146_00011314,FAN_OUT,1
tx26146_00011315,FAN_OUT,1
tx26146_00011316,FAN_OUT,1
tx26146_00011317,FAN_OUT,1
tx26146_00011318,FAN_OUT,1
tx26146_00011319,FAN_OUT,1
tx26146_00011320,FAN_OUT,1
tx26146_00011321,FAN_OUT,1
tx26146_00011322,FAN_OUT,1
tx26146_00011323,FAN_OUT,1
tx26146_00011324,FAN_OUT,1
tx26146_00011325,FAN_OUT,1
tx26146_00011326,FAN_OUT,1
tx26146_00011327,FAN_OUT,1
tx26146_00011328,FAN_OUT,1
tx26146_00011329,FAN_OUT,1
tx26146_00011330,FAN_OUT,1
tx26146_00011331,FAN_OUT,1
tx26146_00011332,FAN_OUT,1
tx26146_00011333,FAN_OUT,1
tx26146_00011334,FAN_OUT,1
tx26146_00011335,FAN_OUT,1
tx26146_00011336,FAN_OUT,1
tx26146_00011337,FAN_OUT,1
tx26146_00011338,FAN_OUT,1
tx26146_00011339,FAN_OUT,1
tx26146_00011340,FAN_OUT,1
tx26146_00011341,FAN_OUT,1
tx26146_00011342,FAN_OUT,1
tx26146_00011343,FAN_OUT,1
tx26146_00011344,FAN_OUT,1
tx26146_00011345,FAN_OUT,1
tx26146_00011346,FAN_OUT,1
tx26146_00011347,FAN_OUT,1
tx26146_00011348,FAN_OUT,1
tx26146_00011349,FAN_OUT,1
tx26146_00011350,FAN_OUT,1
tx26146_00011351,FAN_OUT,1
tx26146_00011352,FAN_OUT,1
tx26146_00011353,FAN_OUT,1
tx26146_00011354,FAN_OUT,1
tx26146_00011355,FAN_OUT,1
tx26146_00011356,FAN_OUT,1
tx26146_00011357,FAN_OUT,1
tx26146_00011358,FAN_OUT,1
tx26146_00011359,FAN_OUT,1
tx26146_00011360,FAN_OUT,1
tx26146_00011361,FAN_OUT,1
tx26146_00011362,FAN_OUT,1
tx26146_00011363,FAN_OUT,1
tx26146_00011364,FAN_OUT,1
tx26146_00011365,FAN_OUT,1
tx26146_00011366,FAN_OUT,1
tx26146_00011367,FAN_OUT,1
tx26146_00011368,FAN_OUT,1
tx26146_00011369,FAN_OUT,1
tx26146_00011370,FAN_OUT,1
tx26146_00011371,FAN_OUT,1
tx26146_00011372,FAN_OUT,1
tx26146_00011373,FAN_OUT,1
tx26146_00011374,FAN_OUT,1
tx26146_00011375,FAN_OUT,1
tx26146_00011376,FAN_OUT,1
tx26146_00011377,FAN_OUT,1
tx26146_00011378,FAN_OUT,1
tx26146_00011379,FAN_OUT,1
tx26146_00011380,FAN_OUT,1
tx26146_00011381,FAN_OUT,1
tx26146_00011382,FAN_OUT,1
tx26146_00011383,FAN_OUT,1
tx26146_00011384,FAN_OUT,1
tx26146_00011385,FAN_OUT,1
tx26146_00011386,FAN_OUT,1
tx26146_00011387,FAN_OUT,1
tx26146_00011388,FAN_OUT,1
tx26146_00011389,FAN_OUT,1
tx26146_00011390,FAN_OUT,1
tx26146_00011391,FAN_OUT,1
tx26146_00011392,FAN_OUT,1
tx26146_00011393,FAN_OUT,1
tx26146_00011394,FAN_OUT,1
tx26146_00011395,FAN_OUT,1
tx26146_00011396,FAN_OUT,1
tx26146_00011397,FAN_OUT,1
tx26146_00011398,FAN_OUT,1
tx26146_00011399,FAN_OUT,1
tx26146_00011400,LAYERING,1
tx26146_00011401,LAYERING,1
tx26146_00011402,LAYERING,1
tx26146_00011403,LAYERING,1
tx26146_00011404,LAYERING,1
tx26146_00011405,LAYERING,1
tx26146_00011406,LAYERING,1
tx26146_00011407,LAYERING,1
tx26146_00011408,LAYERING,1
tx26146_00011409,LAYERING,1
tx26146_00011410,LAYERING,1
tx26146_00011411,LAYERING,1
tx26146_00011412,LAYERING,1
tx26146_00011413,LAYERING,1
tx26146_00011414,LAYERING,1
tx26146_00011415,LAYERING,1
tx26146_00011416,LAYERING,1
tx26146_00011417,LAYERING,1
tx26146_00011418,LAYERING,1
tx26146_00011419,LAYERING,1
tx26146_00011420,LAYERING,1
tx26146_00011421,LAYERING,1
tx26146_00011422,LAYERING,1
tx26146_00011423,LAYERING,1
tx26146_00011424,LAYERING,1
tx26146_00011425,LAYERING,1
tx26146_00011426,LAYERING,1
tx26146_00011427,LAYERING,1
tx26146_00011428,LAYERING,1
tx26146_00011429,LAYERING,1
tx26146_00011430,LAYERING,1
tx26146_00011431,LAYERING,1
tx26146_00011432,LAYERING,1
tx26146_00011433,LAYERING,1
tx26146_00011434,LAYERING,1
tx26146_00011435,LAYERING,1
tx26146_00011436,LAYERING,1
tx26146_00011437,LAYERING,1
tx26146_00011438,LAYERING,1
tx26146_00011439,LAYERING,1
tx26146_00011440,LAYERING,1
tx26146_00011441,LAYERING,1
tx26146_00011442,LAYERING,1
tx26146_00011443,LAYERING,1
tx26146_00011444,LAYERING,1
tx26146_00011445,LAYERING,1
tx26146_00011446,LAYERING,1
tx26146_00011447,LAYERING,1
tx26146_00011448,LAYERING,1
tx26146_00011449,LAYERING,1
tx26146_00011450,LAYERING,1
tx26146_00011451,LAYERING,1
tx26146_00011452,LAYERING,1
tx26146_00011453,LAYERING,1
tx26146_00011454,LAYERING,1
tx26146_00011455,LAYERING,1
tx26146_00011456,LAYERING,1
tx26146_00011457,LAYERING,1
tx26146_00011458,LAYERING,1
tx26146_00011459,LAYERING,1
tx26146_00011460,LAYERING,1
tx26146_00011461,LAYERING,1
tx26146_00011462,LAYERING,1
tx26146_00011463,LAYERING,1
tx26146_00011464,LAYERING,1
tx26146_00011465,LAYERING,1
tx26146_00011466,LAYERING,1
tx26146_00011467,LAYERING,1
tx26146_00011468,LAYERING,1
tx26146_00011469,LAYERING,1
tx26146_00011470,LAYERING,1
tx26146_00011471,LAYERING,1
tx26146_00011472,LAYERING,1
tx26146_00011473,LAYERING,1
tx26146_00011474,LAYERING,1
tx26146_00011475,LAYERING,1
tx26146_00011476,LAYERING,1
tx26146_00011477,LAYERING,1
tx26146_00011478,LAYERING,1
tx26146_00011479,LAYERING,1
tx26146_00011480,LAYERING,1
tx26146_00011481,LAYERING,1
tx26146_00011482,LAYERING,1
tx26146_00011483,LAYERING,1
tx26146_00011484,LAYERING,1
tx26146_00011485,LAYERING,1
tx26146_00011486,LAYERING,1
tx26146_00011487,LAYERING,1
tx26146_00011488,LAYERING,1
tx26146_00011489,LAYERING,1
tx26146_00011490,LAYERING,1
tx26146_00011491,LAYERING,1
tx26146_00011492,LAYERING,1
tx26146_00011493,LAYERING,1
tx26146_00011494,LAYERING,1
tx26146_00011495,LAYERING,1
tx26146_00011496,LAYERING,1
tx26146_00011497,LAYERING,1
tx26146_00011498,LAYERING,1
tx26146_00011499,LAYERING,1
tx26146_00011500,LAYERING,1
tx26146_00011501,LAYERING,1
tx26146_00011502,LAYERING,1
tx26146_00011503,LAYERING,1
tx26146_00011504,LAYERING,1
tx26146_00011505,LAYERING,1
tx26146_00011506,LAYERING,1
tx26146_00011507,LAYERING,1
tx26146_00011508,LAYERING,1
tx26146_00011509,LAYERING,1
tx26146_00011510,LAYERING,1
tx26146_00011511,LAYERING,1
tx26146_00011512,LAYERING,1
tx26146_00011513,LAYERING,1
tx26146_00011514,LAYERING,1
tx26146_00011515,LAYERING,1
tx26146_00011516,LAYERING,1
tx26146_00011517,LAYERING,1
tx26146_00011518,LAYERING,1
tx26146_00011519,LAYERING,1
tx26146_00011520,LAYERING,1
tx26146_00011521,LAYERING,1
tx26146_00011522,LAYERING,1
tx26146_00011523,LAYERING,1
tx26146_00011524,LAYERING,1
tx26146_00011525,LAYERING,1
tx26146_00011526,LAYERING,1
tx26146_00011527,LAYERING,1
tx26146_00011528,LAYERING,1
tx26146_00011529,LAYERING,1
tx26146_00011530,LAYERING,1
tx26146_00011531,LAYERING,1
tx26146_00011532,LAYERING,1
tx26146_00011533,LAYERING,1
tx26146_00011534,LAYERING,1
tx26146_00011535,LAYERING,1
tx26146_00011536,LAYERING,1
tx26146_00011537,LAYERING,1
tx26146_00011538,LAYERING,1
tx26146_00011539,LAYERING,1
tx26146_00011540,LAYERING,1
tx26146_00011541,LAYERING,1
tx26146_00011542,LAYERING,1
tx26146_00011543,LAYERING,1
tx26146_00011544,LAYERING,1
tx26146_00011545,LAYERING,1
tx26146_00011546,LAYERING,1
tx26146_00011547,LAYERING,1
tx26146_00011548,LAYERING,1
tx26146_00011549,LAYERING,1
tx26146_00011550,LAYERING,1
tx26146_00011551,LAYERING,1
tx26146_00011552,LAYERING,1
tx26146_00011553,LAYERING,1
tx26146_00011554,LAYERING,1
tx26146_00011555,LAYERING,1
tx26146_00011556,LAYERING,1
tx26146_00011557,LAYERING,1
tx26146_00011558,LAYERING,1
tx26146_00011559,LAYERING,1
tx26146_00011560,LAYERING,1
tx26146_00011561,LAYERING,1
tx26146_00011562,LAYERING,1
tx26146_00011563,LAYERING,1
tx26146_00011564,LAYERING,1
tx26146_00011565,LAYERING,1
tx26146_00011566,LAYERING,1
tx26146_00011567,LAYERING,1
tx26146_00011568,LAYERING,1
tx26146_00011569,LAYERING,1
tx26146_00011570,LAYERING,1
tx26146_00011571,LAYERING,1
tx26146_00011572,LAYERING,1
tx26146_00011573,LAYERING,1
tx26146_00011574,LAYERING,1
tx26146_00011575,LAYERING,1
tx26146_00011576,LAYERING,1
tx26146_00011577,LAYERING,1
tx26146_00011578,LAYERING,1
tx26146_00011579,LAYERING,1
tx26146_00011580,LAYERING,1
tx26146_00011581,LAYERING,1
tx26146_00011582,LAYERING,1
tx26146_00011583,LAYERING,1
tx26146_00011584,LAYERING,1
tx26146_00011585,LAYERING,1
tx26146_00011586,LAYERING,1
tx26146_00011587,LAYERING,1
tx26146_00011588,LAYERING,1
tx26146_00011589,LAYERING,1
tx26146_00011590,LAYERING,1
tx26146_00011591,LAYERING,1
tx26146_00011592,LAYERING,1
tx26146_00011593,LAYERING,1
tx26146_00011594,LAYERING,1
tx26146_00011595,LAYERING,1
tx26146_00011596,LAYERING,1
tx26146_00011597,LAYERING,1
tx26146_00011598,LAYERING,1
tx26146_00011599,LAYERING,1
tx26146_00011600,LAYERING,1
tx26146_00011601,LAYERING,1
tx26146_00011602,LAYERING,1
tx26146_00011603,LAYERING,1
tx26146_00011604,LAYERING,1
tx26146_00011605,LAYERING,1
tx26146_00011606,LAYERING,1
tx26146_00011607,LAYERING,1
tx26146_00011608,LAYERING,1
tx26146_00011609,LAYERING,1
tx26146_00011610,LAYERING,1
tx26146_00011611,LAYERING,1
tx26146_00011612,LAYERING,1
tx26146_00011613,LAYERING,1
tx26146_00011614,LAYERING,1
tx26146_00011615,LAYERING,1
tx26146_00011616,LAYERING,1
tx26146_00011617,LAYERING,1
tx26146_00011618,LAYERING,1
tx26146_00011619,LAYERING,1
tx26146_00011620,LAYERING,1
tx26146_00011621,LAYERING,1
tx26146_00011622,LAYERING,1
tx26146_00011623,LAYERING,1
tx26146_00011624,LAYERING,1
tx26146_00011625,LAYERING,1
tx26146_00011626,LAYERING,1
tx26146_00011627,LAYERING,1
tx26146_00011628,LAYERING,1
tx26146_00011629,LAYERING,1
tx26146_00011630,LAYERING,1
tx26146_00011631,LAYERING,1
tx26146_00011632,LAYERING,1
tx26146_00011633,LAYERING,1
tx26146_00011634,LAYERING,1
tx26146_00011635,LAYERING,1
tx26146_00011636,LAYERING,1
tx26146_00011637,LAYERING,1
tx26146_00011638,LAYERING,1
tx26146_00011639,LAYERING,1
tx26146_00011640,LAYERING,1
tx26146_00011641,LAYERING,1
tx26146_00011642,LAYERING,1
tx26146_00011643,LAYERING,1
tx26146_00011644,LAYERING,1
tx26146_00011645,LAYERING,1
tx26146_00011646,LAYERING,1
tx26146_00011647,LAYERING,1
tx26146_00011648,LAYERING,1
tx26146_00011649,LAYERING,1
tx26146_00011650,LAYERING,1
tx26146_00011651,LAYERING,1
tx26146_00011652,LAYERING,1
tx26146_00011653,LAYERING,1
tx26146_00011654,LAYERING,1
tx26146_00011655,LAYERING,1
tx26146_00011656,LAYERING,1
tx26146_00011657,LAYERING,1
tx26146_00011658,LAYERING,1
tx26146_00011659,LAYERING,1
tx26146_00011660,LAYERING,1
tx26146_00011661,LAYERING,1
tx26146_00011662,LAYERING,1
tx26146_00011663,LAYERING,1
tx26146_00011664,LAYERING,1
tx26146_00011665,LAYERING,1
tx26146_00011666,LAYERING,1
tx26146_00011667,LAYERING,1
tx26146_00011668,LAYERING,1
tx26146_00011669,LAYERING,1
tx26146_00011670,LAYERING,1
tx26146_00011671,LAYERING,1
tx26146_00011672,LAYERING,1
tx26146_00011673,LAYERING,1
tx26146_00011674,LAYERING,1
tx26146_00011675,LAYERING,1
tx26146_00011676,LAYERING,1
tx26146_00011677,LAYERING,1
tx26146_00011678,LAYERING,1
tx26146_00011679,LAYERING,1
tx26146_00011680,LAYERING,1
tx26146_00011681,LAYERING,1
tx26146_00011682,LAYERING,1
tx26146_00011683,LAYERING,1
tx26146_00011684,LAYERING,1
tx26146_00011685,LAYERING,1
tx26146_00011686,LAYERING,1
tx26146_00011687,LAYERING,1
tx26146_00011688,LAYERING,1
tx26146_00011689,LAYERING,1
tx26146_00011690,LAYERING,1
tx26146_00011691,LAYERING,1
tx26146_00011692,LAYERING,1
tx26146_00011693,LAYERING,1
tx26146_00011694,LAYERING,1
tx26146_00011695,LAYERING,1
tx26146_00011696,LAYERING,1
tx26146_00011697,LAYERING,1
tx26146_00011698,LAYERING,1
tx26146_00011699,LAYERING,1
tx26146_00011700,LAYERING,1
tx26146_00011701,LAYERING,1
tx26146_00011702,LAYERING,1
tx26146_00011703,LAYERING,1
tx26146_00011704,LAYERING,1
tx26146_00011705,LAYERING,1
tx26146_00011706,LAYERING,1
tx26146_00011707,LAYERING,1
tx26146_00011708,LAYERING,1
tx26146_00011709,LAYERING,1
tx26146_00011710,LAYERING,1
tx26146_00011711,LAYERING,1
tx26146_00011712,LAYERING,1
tx26146_00011713,LAYERING,1
tx26146_00011714,LAYERING,1
tx26146_00011715,LAYERING,1
tx26146_00011716,LAYERING,1
tx26146_00011717,LAYERING,1
tx26146_00011718,LAYERING,1
tx26146_00011719,LAYERING,1
tx26146_00011720,LAYERING,1
tx26146_00011721,LAYERING,1
tx26146_00011722,LAYERING,1
tx26146_00011723,LAYERING,1
tx26146_00011724,LAYERING,1
tx26146_00011725,LAYERING,1
tx26146_00011726,LAYERING,1
tx26146_00011727,LAYERING,1
tx26146_00011728,LAYERING,1
tx26146_00011729,LAYERING,1
tx26146_00011730,LAYERING,1
tx26146_00011731,LAYERING,1
tx26146_00011732,LAYERING,1
tx26146_00011733,LAYERING,1
tx26146_00011734,LAYERING,1
tx26146_00011735,LAYERING,1
tx26146_00011736,LAYERING,1
tx26146_00011737,LAYERING,1
tx26146_00011738,LAYERING,1
tx26146_00011739,LAYERING,1
tx26146_00011740,LAYERING,1
tx26146_00011741,LAYERING,1
tx26146_00011742,LAYERING,1
tx26146_00011743,LAYERING,1
tx26146_00011744,LAYERING,1
tx26146_00011745,LAYERING,1
tx26146_00011746,LAYERING,1
tx26146_00011747,LAYERING,1
tx26146_00011748,LAYERING,1
tx26146_00011749,LAYERING,1
tx26146_00011750,LAYERING,1
tx26146_00011751,LAYERING,1
tx26146_00011752,LAYERING,1
tx26146_00011753,LAYERING,1
tx26146_00011754,LAYERING,1
tx26146_00011755,LAYERING,1
tx26146_00011756,LAYERING,1
tx26146_00011757,LAYERING,1
tx26146_00011758,LAYERING,1
tx26146_00011759,LAYERING,1
tx26146_00011760,LAYERING,1
tx26146_00011761,LAYERING,1
tx26146_00011762,LAYERING,1
tx26146_00011763,LAYERING,1
tx26146_00011764,LAYERING,1
tx26146_00011765,LAYERING,1
tx26146_00011766,LAYERING,1
tx26146_00011767,LAYERING,1
tx26146_00011768,LAYERING,1
tx26146_00011769,LAYERING,1
tx26146_00011770,LAYERING,1
tx26146_00011771,LAYERING,1
tx26146_00011772,LAYERING,1
tx26146_00011773,LAYERING,1
tx26146_00011774,LAYERING,1
tx26146_00011775,LAYERING,1
tx26146_00011776,LAYERING,1
tx26146_00011777,LAYERING,1
tx26146_00011778,LAYERING,1
tx26146_00011779,LAYERING,1
tx26146_00011780,LAYERING,1
tx26146_00011781,LAYERING,1
tx26146_00011782,LAYERING,1
tx26146_00011783,LAYERING,1
tx26146_00011784,LAYERING,1
tx26146_00011785,LAYERING,1
tx26146_00011786,LAYERING,1
tx26146_00011787,LAYERING,1
tx26146_00011788,LAYERING,1
tx26146_00011789,LAYERING,1
tx26146_00011790,LAYERING,1
tx26146_00011791,LAYERING,1
tx26146_00011792,LAYERING,1
tx26146_00011793,LAYERING,1
tx26146_00011794,LAYERING,1
tx26146_00011795,LAYERING,1
tx26146_00011796,LAYERING,1
tx26146_00011797,LAYERING,1
tx26146_00011798,LAYERING,1
tx26146_00011799,LAYERING,1
tx26146_00011800,LAYERING,1
tx26146_00011801,LAYERING,1
tx26146_00011802,LAYERING,1
tx26146_00011803,LAYERING,1
tx26146_00011804,LAYERING,1
tx26146_00011805,LAYERING,1
tx26146_00011806,LAYERING,1
tx26146_00011807,LAYERING,1
tx26146_00011808,LAYERING,1
tx26146_00011809,LAYERING,1
tx26146_00011810,LAYERING,1
tx26146_00011811,LAYERING,1
tx26146_00011812,LAYERING,1
tx26146_00011813,LAYERING,1
tx26146_00011814,LAYERING,1
tx26146_00011815,LAYERING,1
tx26146_00011816,LAYERING,1
tx26146_00011817,LAYERING,1
tx26146_00011818,LAYERING,1
tx26146_00011819,LAYERING,1
tx26146_00011820,LAYERING,1
tx26146_00011821,LAYERING,1
tx26146_00011822,LAYERING,1
tx26146_00011823,LAYERING,1
tx26146_00011824,LAYERING,1
tx26146_00011825,LAYERING,1
tx26146_00011826,LAYERING,1
tx26146_00011827,LAYERING,1
tx26146_00011828,LAYERING,1
tx26146_00011829,LAYERING,1
tx26146_00011830,LAYERING,1
tx26146_00011831,LAYERING,1
tx26146_00011832,LAYERING,1
tx26146_00011833,LAYERING,1
tx26146_00011834,LAYERING,1
tx26146_00011835,LAYERING,1
tx26146_00011836,LAYERING,1
tx26146_00011837,LAYERING,1
tx26146_00011838,LAYERING,1
tx26146_00011839,LAYERING,1
tx26146_00011840,LAYERING,1
tx26146_00011841,LAYERING,1
tx26146_00011842,LAYERING,1
tx26146_00011843,LAYERING,1
tx26146_00011844,LAYERING,1
tx26146_00011845,LAYERING,1
tx26146_00011846,LAYERING,1
tx26146_00011847,LAYERING,1
tx26146_00011848,LAYERING,1
tx26146_00011849,LAYERING,1
tx26146_00011850,LAYERING,1
tx26146_00011851,LAYERING,1
tx26146_00011852,LAYERING,1
tx26146_00011853,LAYERING,1
tx26146_00011854,LAYERING,1
tx26146_00011855,LAYERING,1
tx26146_00011856,LAYERING,1
tx26146_00011857,LAYERING,1
tx26146_00011858,LAYERING,1
tx26146_00011859,LAYERING,1
tx26146_00011860,LAYERING,1
tx26146_00011861,LAYERING,1
tx26146_00011862,LAYERING,1
tx26146_00011863,LAYERING,1
tx26146_00011864,LAYERING,1
tx26146_00011865,LAYERING,1
tx26146_00011866,LAYERING,1
tx26146_00011867,LAYERING,1
tx26146_00011868,LAYERING,1
tx26146_00011869,LAYERING,1
tx26146_00011870,LAYERING,1
tx26146_00011871,LAYERING,1
tx26146_00011872,LAYERING,1
tx26146_00011873,LAYERING,1
tx26146_00011874,LAYERING,1
tx26146_00011875,LAYERING,1
tx26146_00011876,LAYERING,1
tx26146_00011877,LAYERING,1
tx26146_00011878,LAYERING,1
tx26146_00011879,LAYERING,1
tx26146_00011880,LAYERING,1
tx26146_00011881,LAYERING,1
tx26146_00011882,LAYERING,1
tx26146_00011883,LAYERING,1
tx26146_00011884,LAYERING,1
tx26146_00011885,LAYERING,1
tx26146_00011886,LAYERING,1
tx26146_00011887,LAYERING,1
tx26146_00011888,LAYERING,1
tx26146_00011889,LAYERING,1
tx26146_00011890,LAYERING,1
tx26146_00011891,LAYERING,1
tx26146_00011892,LAYERING,1
tx26146_00011893,LAYERING,1
tx26146_00011894,LAYERING,1
tx26146_00011895,LAYERING,1
tx26146_00011896,LAYERING,1
tx26146_00011897,LAYERING,1
tx26146_00011898,LAYERING,1
tx26146_00011899,LAYERING,1
tx26146_00011900,LAYERING,1
tx26146_00011901,LAYERING,1
tx26146_00011902,LAYERING,1
tx26146_00011903,LAYERING,1
tx26146_00011904,LAYERING,1
tx26146_00011905,LAYERING,1
tx26146_00011906,LAYERING,1
tx26146_00011907,LAYERING,1
tx26146_00011908,LAYERING,1
tx26146_00011909,LAYERING,1
tx26146_00011910,LAYERING,1
tx26146_00011911,LAYERING,1
tx26146_00011912,LAYERING,1
tx26146_00011913,LAYERING,1
tx26146_00011914,LAYERING,1
tx26146_00011915,LAYERING,1
tx26146_00011916,LAYERING,1
tx26146_00011917,LAYERING,1
tx26146_00011918,LAYERING,1
tx26146_00011919,LAYERING,1
tx26146_00011920,LAYERING,1
tx26146_00011921,LAYERING,1
tx26146_00011922,LAYERING,1
tx26146_00011923,LAYERING,1
tx26146_00011924,LAYERING,1
tx26146_00011925,LAYERING,1
tx26146_00011926,LAYERING,1
tx26146_00011927,LAYERING,1
tx26146_00011928,LAYERING,1
tx26146_00011929,LAYERING,1
tx26146_00011930,LAYERING,1
tx26146_00011931,LAYERING,1
tx26146_00011932,LAYERING,1
tx26146_00011933,LAYERING,1
tx26146_00011934,LAYERING,1
tx26146_00011935,LAYERING,1
tx26146_00011936,LAYERING,1
tx26146_00011937,LAYERING,1
tx26146_00011938,LAYERING,1
tx26146_00011939,LAYERING,1
tx26146_00011940,LAYERING,1
tx26146_00011941,LAYERING,1
tx26146_00011942,LAYERING,1
tx26146_00011943,LAYERING,1
tx26146_00011944,LAYERING,1
tx26146_00011945,LAYERING,1
tx26146_00011946,LAYERING,1
tx26146_00011947,LAYERING,1
tx26146_00011948,LAYERING,1
tx26146_00011949,LAYERING,1
tx26146_00011950,LAYERING,1
tx26146_00011951,LAYERING,1
tx26146_00011952,LAYERING,1
tx26146_00011953,LAYERING,1
tx26146_00011954,LAYERING,1
tx26146_00011955,LAYERING,1
tx26146_00011956,LAYERING,1
tx26146_00011957,LAYERING,1
tx26146_00011958,LAYERING,1
tx26146_00011959,LAYERING,1
tx26146_00011960,LAYERING,1
tx26146_00011961,LAYERING,1
tx26146_00011962,LAYERING,1
tx26146_00011963,LAYERING,1
tx26146_00011964,LAYERING,1
tx26146_00011965,LAYERING,1
tx26146_00011966,LAYERING,1
tx26146_00011967,LAYERING,1
tx26146_00011968,LAYERING,1
tx26146_00011969,LAYERING,1
tx26146_00011970,LAYERING,1
tx26146_00011971,LAYERING,1
tx26146_00011972,LAYERING,1
tx26146_00011973,LAYERING,1
tx26146_00011974,LAYERING,1
tx26146_00011975,LAYERING,1
tx26146_00011976,LAYERING,1
tx26146_00011977,LAYERING,1
tx26146_00011978,LAYERING,1
tx26146_00011979,LAYERING,1
tx26146_00011980,LAYERING,1
tx26146_00011981,LAYERING,1
tx26146_00011982,LAYERING,1
tx26146_00011983,LAYERING,1
tx26146_00011984,LAYERING,1
tx26146_00011985,LAYERING,1
tx26146_00011986,LAYERING,1
tx26146_00011987,LAYERING,1
tx26146_00011988,LAYERING,1
tx26146_00011989,LAYERING,1
tx26146_00011990,LAYERING,1
tx26146_00011991,LAYERING,1
tx26146_00011992,LAYERING,1
tx26146_00011993,LAYERING,1
tx26146_00011994,LAYERING,1
tx26146_00011995,LAYERING,1
tx26146_00011996,LAYERING,1
tx26146_00011997,LAYERING,1
tx26146_00011998,LAYERING,1
tx26146_00011999,LAYERING,1
tx26146_00012000,LAYERING,1
tx26146_00012001,LAYERING,1
tx26146_00012002,LAYERING,1
tx26146_00012003,LAYERING,1
tx26146_00012004,LAYERING,1
tx26146_00012005,LAYERING,1
tx26146_00012006,LAYERING,1
tx26146_00012007,LAYERING,1
tx26146_00012008,LAYERING,1
tx26146_00012009,LAYERING,1
tx26146_00012010,LAYERING,1
tx26146_00012011,LAYERING,1
tx26146_00012012,LAYERING,1
tx26146_00012013,LAYERING,1
tx26146_00012014,LAYERING,1
tx26146_00012015,LAYERING,1
tx26146_00012016,LAYERING,1
tx26146_00012017,LAYERING,1
tx26146_00012018,LAYERING,1
tx26146_00012019,LAYERING,1
tx26146_00012020,LAYERING,1
tx26146_00012021,LAYERING,1
tx26146_00012022,LAYERING,1
tx26146_00012023,LAYERING,1
tx26146_00012024,LAYERING,1
tx26146_00012025,LAYERING,1
tx26146_00012026,LAYERING,1
tx26146_00012027,LAYERING,1
tx26146_00012028,LAYERING,1
tx26146_00012029,LAYERING,1
tx26146_00012030,LAYERING,1
tx26146_00012031,LAYERING,1
tx26146_00012032,LAYERING,1
tx26146_00012033,LAYERING,1
tx26146_00012034,LAYERING,1
tx26146_00012035,LAYERING,1
tx26146_00012036,LAYERING,1
tx26146_00012037,LAYERING,1
tx26146_00012038,LAYERING,1
tx26146_00012039,LAYERING,1
tx26146_00012040,LAYERING,1
tx26146_00012041,LAYERING,1
tx26146_00012042,LAYERING,1
tx26146_00012043,LAYERING,1
tx26146_00012044,LAYERING,1
tx26146_00012045,LAYERING,1
tx26146_00012046,LAYERING,1
tx26146_00012047,LAYERING,1
tx26146_00012048,LAYERING,1
tx26146_00012049,LAYERING,1
tx26146_00012050,LAYERING,1
tx26146_00012051,LAYERING,1
tx26146_00012052,LAYERING,1
tx26146_00012053,LAYERING,1
tx26146_00012054,LAYERING,1
tx26146_00012055,LAYERING,1
tx26146_00012056,LAYERING,1
tx26146_00012057,LAYERING,1
tx26146_00012058,LAYERING,1
tx26146_00012059,LAYERING,1
tx26146_00012060,LAYERING,1
tx26146_00012061,LAYERING,1
tx26146_00012062,LAYERING,1
tx26146_00012063,LAYERING,1
tx26146_00012064,LAYERING,1
tx26146_00012065,LAYERING,1
tx26146_00012066,LAYERING,1
tx26146_00012067,LAYERING,1
tx26146_00012068,LAYERING,1
tx26146_00012069,LAYERING,1
tx26146_00012070,LAYERING,1
tx26146_00012071,LAYERING,1
tx26146_00012072,LAYERING,1
tx26146_00012073,LAYERING,1
tx26146_00012074,LAYERING,1
tx26146_00012075,LAYERING,1
tx26146_00012076,LAYERING,1
tx26146_00012077,LAYERING,1
tx26146_00012078,LAYERING,1
tx26146_00012079,LAYERING,1
tx26146_00012080,LAYERING,1
tx26146_00012081,LAYERING,1
tx26146_00012082,LAYERING,1
tx26146_00012083,LAYERING,1
tx26146_00012084,LAYERING,1
tx26146_00012085,LAYERING,1
tx26146_00012086,LAYERING,1
tx26146_00012087,LAYERING,1
tx26146_00012088,LAYERING,1
tx26146_00012089,LAYERING,1
tx26146_00012090,LAYERING,1
tx26146_00012091,LAYERING,1
tx26146_00012092,LAYERING,1
tx26146_00012093,LAYERING,1
tx26146_00012094,LAYERING,1
tx26146_00012095,LAYERING,1
tx26146_00012096,LAYERING,1
tx26146_00012097,LAYERING,1
tx26146_00012098,LAYERING,1
tx26146_00012099,LAYERING,1
tx26146_00012100,LAYERING,1
tx26146_00012101,LAYERING,1
tx26146_00012102,LAYERING,1
tx26146_00012103,LAYERING,1
tx26146_00012104,LAYERING,1
tx26146_00012105,LAYERING,1
tx26146_00012106,LAYERING,1
tx26146_00012107,LAYERING,1
tx26146_00012108,LAYERING,1
tx26146_00012109,LAYERING,1
tx26146_00012110,LAYERING,1
tx26146_00012111,LAYERING,1
tx26146_00012112,LAYERING,1
tx26146_00012113,LAYERING,1
tx26146_00012114,LAYERING,1
tx26146_00012115,LAYERING,1
tx26146_00012116,LAYERING,1
tx26146_00012117,LAYERING,1
tx26146_00012118,LAYERING,1
tx26146_00012119,LAYERING,1
tx26146_00012120,LAYERING,1
tx26146_00012121,LAYERING,1
tx26146_00012122,LAYERING,1
tx26146_00012123,LAYERING,1
tx26146_00012124,LAYERING,1
tx26146_00012125,LAYERING,1
tx26146_00012126,LAYERING,1
tx26146_00012127,LAYERING,1
tx26146_00012128,LAYERING,1
tx26146_00012129,LAYERING,1
tx26146_00012130,LAYERING,1
tx26146_00012131,LAYERING,1
tx26146_00012132,LAYERING,1
tx26146_00012133,LAYERING,1
tx26146_00012134,LAYERING,1
tx26146_00012135,LAYERING,1
tx26146_00012136,LAYERING,1
tx26146_00012137,LAYERING,1
tx26146_00012138,LAYERING,1
tx26146_00012139,LAYERING,1
tx26146_00012140,LAYERING,1
tx26146_00012141,LAYERING,1
tx26146_00012142,LAYERING,1
tx26146_00012143,LAYERING,1
tx26146_00012144,LAYERING,1
tx26146_00012145,LAYERING,1
tx26146_00012146,LAYERING,1
tx26146_00012147,LAYERING,1
tx26146_00012148,LAYERING,1
tx26146_00012149,LAYERING,1
tx26146_00012150,LAYERING,1
tx26146_00012151,LAYERING,1
tx26146_00012152,LAYERING,1
tx26146_00012153,LAYERING,1
tx26146_00012154,LAYERING,1
tx26146_00012155,LAYERING,1
tx26146_00012156,LAYERING,1
tx26146_00012157,LAYERING,1
tx26146_00012158,LAYERING,1
tx26146_00012159,LAYERING,1
tx26146_00012160,LAYERING,1
tx26146_00012161,LAYERING,1
tx26146_00012162,LAYERING,1
tx26146_00012163,LAYERING,1
tx26146_00012164,LAYERING,1
tx26146_00012165,LAYERING,1
tx26146_00012166,LAYERING,1
tx26146_00012167,LAYERING,1
tx26146_00012168,LAYERING,1
tx26146_00012169,LAYERING,1
tx26146_00012170,LAYERING,1
tx26146_00012171,LAYERING,1
tx26146_00012172,LAYERING,1
tx26146_00012173,LAYERING,1
tx26146_00012174,LAYERING,1
tx26146_00012175,LAYERING,1
tx26146_00012176,LAYERING,1
tx26146_00012177,LAYERING,1
tx26146_00012178,LAYERING,1
tx26146_00012179,LAYERING,1
tx26146_00012180,LAYERING,1
tx26146_00012181,LAYERING,1
tx26146_00012182,LAYERING,1
tx26146_00012183,LAYERING,1
tx26146_00012184,LAYERING,1
tx26146_00012185,LAYERING,1
tx26146_00012186,LAYERING,1
tx26146_00012187,LAYERING,1
tx26146_00012188,LAYERING,1
tx26146_00012189,LAYERING,1
tx26146_00012190,LAYERING,1
tx26146_00012191,LAYERING,1
tx26146_00012192,LAYERING,1
tx26146_00012193,LAYERING,1
tx26146_00012194,LAYERING,1
tx26146_00012195,LAYERING,1
tx26146_00012196,LAYERING,1
tx26146_00012197,LAYERING,1
tx26146_00012198,LAYERING,1
tx26146_00012199,LAYERING,1
tx26146_00012200,LAYERING,1
tx26146_00012201,LAYERING,1
tx26146_00012202,LAYERING,1
tx26146_00012203,LAYERING,1
tx26146_00012204,LAYERING,1
tx26146_00012205,LAYERING,1
tx26146_00012206,LAYERING,1
tx26146_00012207,LAYERING,1
tx26146_00012208,LAYERING,1
tx26146_00012209,LAYERING,1
tx26146_00012210,LAYERING,1
tx26146_00012211,LAYERING,1
tx26146_00012212,LAYERING,1
tx26146_00012213,LAYERING,1
tx26146_00012214,LAYERING,1
tx26146_00012215,LAYERING,1
tx26146_00012216,LAYERING,1
tx26146_00012217,LAYERING,1
tx26146_00012218,LAYERING,1
tx26146_00012219,LAYERING,1
tx26146_00012220,LAYERING,1
tx26146_00012221,LAYERING,1
tx26146_00012222,LAYERING,1
tx26146_00012223,LAYERING,1
tx26146_00012224,LAYERING,1
tx26146_00012225,LAYERING,1
tx26146_00012226,LAYERING,1
tx26146_00012227,LAYERING,1
tx26146_00012228,LAYERING,1
tx26146_00012229,LAYERING,1
tx26146_00012230,LAYERING,1
tx26146_00012231,LAYERING,1
tx26146_00012232,LAYERING,1
tx26146_00012233,LAYERING,1
tx26146_00012234,LAYERING,1
tx26146_00012235,LAYERING,1
tx26146_00012236,LAYERING,1
tx26146_00012237,LAYERING,1
tx26146_00012238,LAYERING,1
tx26146_00012239,LAYERING,1
tx26146_00012240,LAYERING,1
tx26146_00012241,LAYERING,1
tx26146_00012242,LAYERING,1
tx26146_00012243,LAYERING,1
tx26146_00012244,LAYERING,1
tx26146_00012245,LAYERING,1
tx26146_00012246,LAYERING,1
tx26146_00012247,LAYERING,1
tx26146_00012248,LAYERING,1
tx26146_00012249,LAYERING,1
tx26146_00012250,LAYERING,1
tx26146_00012251,LAYERING,1
tx26146_00012252,LAYERING,1
tx26146_00012253,LAYERING,1
tx26146_00012254,LAYERING,1
tx26146_00012255,LAYERING,1
tx26146_00012256,LAYERING,1
tx26146_00012257,LAYERING,1
tx26146_00012258,LAYERING,1
tx26146_00012259,LAYERING,1
tx26146_00012260,LAYERING,1
tx26146_00012261,LAYERING,1
tx26146_00012262,LAYERING,1
tx26146_00012263,LAYERING,1
tx26146_00012264,LAYERING,1
tx26146_00012265,LAYERING,1
tx26146_00012266,LAYERING,1
tx26146_00012267,LAYERING,1
tx26146_00012268,LAYERING,1
tx26146_00012269,LAYERING,1
tx26146_00012270,LAYERING,1
tx26146_00012271,LAYERING,1
tx26146_00012272,LAYERING,1
tx26146_00012273,LAYERING,1
tx26146_00012274,LAYERING,1
tx26146_00012275,LAYERING,1
tx26146_00012276,LAYERING,1
tx26146_00012277,LAYERING,1
tx26146_00012278,LAYERING,1
tx26146_00012279,LAYERING,1
tx26146_00012280,LAYERING,1
tx26146_00012281,LAYERING,1
tx26146_00012282,LAYERING,1
tx26146_00012283,LAYERING,1
tx26146_00012284,LAYERING,1
tx26146_00012285,LAYERING,1
tx26146_00012286,LAYERING,1
tx26146_00012287,LAYERING,1
tx26146_00012288,LAYERING,1
tx26146_00012289,LAYERING,1
tx26146_00012290,LAYERING,1
tx26146_00012291,LAYERING,1
tx26146_00012292,LAYERING,1
tx26146_00012293,LAYERING,1
tx26146_00012294,LAYERING,1
tx26146_00012295,LAYERING,1
tx26146_00012296,LAYERING,1
tx26146_00012297,LAYERING,1
tx26146_00012298,LAYERING,1
tx26146_00012299,LAYERING,1
tx26146_00012300,LAYERING,1
tx26146_00012301,LAYERING,1
tx26146_00012302,LAYERING,1
tx26146_00012303,LAYERING,1
tx26146_00012304,LAYERING,1
tx26146_00012305,LAYERING,1
tx26146_00012306,LAYERING,1
tx26146_00012307,LAYERING,1
tx26146_00012308,LAYERING,1
tx26146_00012309,LAYERING,1
tx26146_00012310,LAYERING,1
tx26146_00012311,LAYERING,1
tx26146_00012312,LAYERING,1
tx26146_00012313,LAYERING,1
tx26146_00012314,LAYERING,1
tx26146_00012315,LAYERING,1
tx26146_00012316,LAYERING,1
tx26146_00012317,LAYERING,1
tx26146_00012318,LAYERING,1
tx26146_00012319,LAYERING,1
tx26146_00012320,LAYERING,1
tx26146_00012321,LAYERING,1
tx26146_00012322,LAYERING,1
tx26146_00012323,LAYERING,1
tx26146_00012324,LAYERING,1
tx26146_00012325,LAYERING,1
tx26146_00012326,LAYERING,1
tx26146_00012327,LAYERING,1
tx26146_00012328,LAYERING,1
tx26146_00012329,LAYERING,1
tx26146_00012330,LAYERING,1
tx26146_00012331,LAYERING,1
tx26146_00012332,LAYERING,1
tx26146_00012333,LAYERING,1
tx26146_00012334,LAYERING,1
tx26146_00012335,LAYERING,1
tx26146_00012336,LAYERING,1
tx26146_00012337,LAYERING,1
tx26146_00012338,LAYERING,1
tx26146_00012339,LAYERING,1
tx26146_00012340,LAYERING,1
tx26146_00012341,LAYERING,1
tx26146_00012342,LAYERING,1
tx26146_00012343,LAYERING,1
tx26146_00012344,LAYERING,1
tx26146_00012345,LAYERING,1
tx26146_00012346,LAYERING,1
tx26146_00012347,LAYERING,1
tx26146_00012348,LAYERING,1
tx26146_00012349,LAYERING,1
tx26146_00012350,LAYERING,1
tx26146_00012351,LAYERING,1
tx26146_00012352,LAYERING,1
tx26146_00012353,LAYERING,1
tx26146_00012354,LAYERING,1
tx26146_00012355,LAYERING,1
tx26146_00012356,LAYERING,1
tx26146_00012357,LAYERING,1
tx26146_00012358,LAYERING,1
tx26146_00012359,LAYERING,1
tx26146_00012360,LAYERING,1
tx26146_00012361,LAYERING,1
tx26146_00012362,LAYERING,1
tx26146_00012363,LAYERING,1
tx26146_00012364,LAYERING,1
tx26146_00012365,LAYERING,1
tx26146_00012366,LAYERING,1
tx26146_00012367,LAYERING,1
tx26146_00012368,LAYERING,1
tx26146_00012369,LAYERING,1
tx26146_00012370,LAYERING,1
tx26146_00012371,LAYERING,1
tx26146_00012372,LAYERING,1
tx26146_00012373,LAYERING,1
tx26146_00012374,LAYERING,1
tx26146_00012375,LAYERING,1
tx26146_00012376,LAYERING,1
tx26146_00012377,LAYERING,1
tx26146_00012378,LAYERING,1
tx26146_00012379,LAYERING,1
tx26146_00012380,LAYERING,1
tx26146_00012381,LAYERING,1
tx26146_00012382,LAYERING,1
tx26146_00012383,LAYERING,1
tx26146_00012384,LAYERING,1
tx26146_00012385,LAYERING,1
tx26146_00012386,LAYERING,1
tx26146_00012387,LAYERING,1
tx26146_00012388,LAYERING,1
tx26146_00012389,LAYERING,1
tx26146_00012390,LAYERING,1
tx26146_00012391,LAYERING,1
tx26146_00012392,LAYERING,1
tx26146_00012393,LAYERING,1
tx26146_00012394,LAYERING,1
tx26146_00012395,LAYERING,1
tx26146_00012396,LAYERING,1
tx26146_00012397,LAYERING,1
tx26146_00012398,LAYERING,1
tx26146_00012399,LAYERING,1
tx26146_00012400,LAYERING,1
tx26146_00012401,LAYERING,1
tx26146_00012402,LAYERING,1
tx26146_00012403,LAYERING,1
tx26146_00012404,LAYERING,1
tx26146_00012405,LAYERING,1
tx26146_00012406,LAYERING,1
tx26146_00012407,LAYERING,1
tx26146_00012408,LAYERING,1
tx26146_00012409,LAYERING,1
tx26146_00012410,LAYERING,1
tx26146_00012411,LAYERING,1
tx26146_00012412,LAYERING,1
tx26146_00012413,LAYERING,1
tx26146_00012414,LAYERING,1
tx26146_00012415,LAYERING,1
tx26146_00012416,LAYERING,1
tx26146_00012417,LAYERING,1
tx26146_00012418,LAYERING,1
tx26146_00012419,LAYERING,1
tx26146_00012420,LAYERING,1
tx26146_00012421,LAYERING,1
tx26146_00012422,LAYERING,1
tx26146_00012423,LAYERING,1
tx26146_00012424,LAYERING,1
tx26146_00012425,LAYERING,1
tx26146_00012426,LAYERING,1
tx26146_00012427,LAYERING,1
tx26146_00012428,LAYERING,1
tx26146_00012429,LAYERING,1
tx26146_00012430,LAYERING,1
tx26146_00012431,LAYERING,1
tx26146_00012432,LAYERING,1
tx26146_00012433,LAYERING,1
tx26146_00012434,LAYERING,1
tx26146_00012435,LAYERING,1
tx26146_00012436,LAYERING,1
tx26146_00012437,LAYERING,1
tx26146_00012438,LAYERING,1
tx26146_00012439,LAYERING,1
tx26146_00012440,LAYERING,1
tx26146_00012441,LAYERING,1
tx26146_00012442,LAYERING,1
tx26146_00012443,LAYERING,1
tx26146_00012444,LAYERING,1
tx26146_00012445,LAYERING,1
tx26146_00012446,LAYERING,1
tx26146_00012447,LAYERING,1
tx26146_00012448,LAYERING,1
tx26146_00012449,LAYERING,1
tx26146_00012450,LAYERING,1
tx26146_00012451,LAYERING,1
tx26146_00012452,LAYERING,1
tx26146_00012453,LAYERING,1
tx26146_00012454,LAYERING,1
tx26146_00012455,LAYERING,1
tx26146_00012456,LAYERING,1
tx26146_00012457,LAYERING,1
tx26146_00012458,LAYERING,1
tx26146_00012459,LAYERING,1
tx26146_00012460,LAYERING,1
tx26146_00012461,LAYERING,1
tx26146_00012462,LAYERING,1
tx26146_00012463,LAYERING,1
tx26146_00012464,LAYERING,1
tx26146_00012465,LAYERING,1
tx26146_00012466,LAYERING,1
tx26146_00012467,LAYERING,1
tx26146_00012468,LAYERING,1
tx26146_00012469,LAYERING,1
tx26146_00012470,LAYERING,1
tx26146_00012471,LAYERING,1
tx26146_00012472,LAYERING,1
tx26146_00012473,LAYERING,1
tx26146_00012474,LAYERING,1
tx26146_00012475,LAYERING,1
tx26146_00012476,LAYERING,1
tx26146_00012477,LAYERING,1
tx26146_00012478,LAYERING,1
tx26146_00012479,LAYERING,1
tx26146_00012480,LAYERING,1
tx26146_00012481,LAYERING,1
tx26146_00012482,LAYERING,1
tx26146_00012483,LAYERING,1
tx26146_00012484,LAYERING,1
tx26146_00012485,LAYERING,1
tx26146_00012486,LAYERING,1
tx26146_00012487,LAYERING,1
tx26146_00012488,LAYERING,1
tx26146_00012489,LAYERING,1
tx26146_00012490,LAYERING,1
tx26146_00012491,LAYERING,1
tx26146_00012492,LAYERING,1
tx26146_00012493,LAYERING,1
tx26146_00012494,LAYERING,1
tx26146_00012495,LAYERING,1
tx26146_00012496,LAYERING,1
tx26146_00012497,LAYERING,1
tx26146_00012498,LAYERING,1
tx26146_00012499,LAYERING,1
tx26146_00012500,LAYERING,1
tx26146_00012501,LAYERING,1
tx26146_00012502,LAYERING,1
tx26146_00012503,LAYERING,1
tx26146_00012504,LAYERING,1
tx26146_00012505,LAYERING,1
tx26146_00012506,LAYERING,1
tx26146_00012507,LAYERING,1
tx26146_00012508,LAYERING,1
tx26146_00012509,LAYERING,1
tx26146_00012510,LAYERING,1
tx26146_00012511,LAYERING,1
tx26146_00012512,LAYERING,1
tx26146_00012513,LAYERING,1
tx26146_00012514,LAYERING,1
tx26146_00012515,LAYERING,1
tx26146_00012516,LAYERING,1
tx26146_00012517,LAYERING,1
tx26146_00012518,LAYERING,1
tx26146_00012519,LAYERING,1
tx26146_00012520,LAYERING,1
tx26146_00012521,LAYERING,1
tx26146_00012522,LAYERING,1
tx26146_00012523,LAYERING,1
tx26146_00012524,LAYERING,1
tx26146_00012525,LAYERING,1
tx26146_00012526,LAYERING,1
tx26146_00012527,LAYERING,1
tx26146_00012528,LAYERING,1
tx26146_00012529,LAYERING,1
tx26146_00012530,LAYERING,1
tx26146_00012531,LAYERING,1
tx26146_00012532,LAYERING,1
tx26146_00012533,LAYERING,1
tx26146_00012534,LAYERING,1
tx26146_00012535,LAYERING,1
tx26146_00012536,LAYERING,1
tx26146_00012537,LAYERING,1
tx26146_00012538,LAYERING,1
tx26146_00012539,LAYERING,1
tx26146_00012540,LAYERING,1
tx26146_00012541,LAYERING,1
tx26146_00012542,LAYERING,1
tx26146_00012543,LAYERING,1
tx26146_00012544,LAYERING,1
tx26146_00012545,LAYERING,1
tx26146_00012546,LAYERING,1
tx26146_00012547,LAYERING,1
tx26146_00012548,LAYERING,1
tx26146_00012549,LAYERING,1
tx26146_00012550,LAYERING,1
tx26146_00012551,LAYERING,1
tx26146_00012552,LAYERING,1
tx26146_00012553,LAYERING,1
tx26146_00012554,LAYERING,1
tx26146_00012555,LAYERING,1
tx26146_00012556,LAYERING,1
tx26146_00012557,LAYERING,1
tx26146_00012558,LAYERING,1
tx26146_00012559,LAYERING,1
tx26146_00012560,LAYERING,1
tx26146_00012561,LAYERING,1
tx26146_00012562,LAYERING,1
tx26146_00012563,LAYERING,1
tx26146_00012564,LAYERING,1
tx26146_00012565,LAYERING,1
tx26146_00012566,LAYERING,1
tx26146_00012567,LAYERING,1
tx26146_00012568,LAYERING,1
tx26146_00012569,LAYERING,1
tx26146_00012570,LAYERING,1
tx26146_00012571,LAYERING,1
tx26146_00012572,LAYERING,1
tx26146_00012573,LAYERING,1
tx26146_00012574,LAYERING,1
tx26146_00012575,LAYERING,1
tx26146_00012576,LAYERING,1
tx26146_00012577,LAYERING,1
tx26146_00012578,LAYERING,1
tx26146_00012579,LAYERING,1
tx26146_00012580,LAYERING,1
tx26146_00012581,LAYERING,1
tx26146_00012582,LAYERING,1
tx26146_00012583,LAYERING,1
tx26146_00012584,LAYERING,1
tx26146_00012585,LAYERING,1
tx26146_00012586,LAYERING,1
tx26146_00012587,LAYERING,1
tx26146_00012588,LAYERING,1
tx26146_00012589,LAYERING,1
tx26146_00012590,LAYERING,1
tx26146_00012591,LAYERING,1
tx26146_00012592,LAYERING,1
tx26146_00012593,LAYERING,1
tx26146_00012594,LAYERING,1
tx26146_00012595,LAYERING,1
tx26146_00012596,LAYERING,1
tx26146_00012597,LAYERING,1
tx26146_00012598,LAYERING,1
tx26146_00012599,LAYERING,1
tx26146_00012600,LAYERING,1
tx26146_00012601,LAYERING,1
tx26146_00012602,LAYERING,1
tx26146_00012603,LAYERING,1
tx26146_00012604,LAYERING,1
tx26146_00012605,LAYERING,1
tx26146_00012606,LAYERING,1
tx26146_00012607,LAYERING,1
tx26146_00012608,LAYERING,1
tx26146_00012609,LAYERING,1
tx26146_00012610,LAYERING,1
tx26146_00012611,LAYERING,1
tx26146_00012612,LAYERING,1
tx26146_00012613,LAYERING,1
tx26146_00012614,LAYERING,1
tx26146_00012615,LAYERING,1
tx26146_00012616,LAYERING,1
tx26146_00012617,LAYERING,1
tx26146_00012618,LAYERING,1
tx26146_00012619,LAYERING,1
tx26146_00012620,LAYERING,1
tx26146_00012621,LAYERING,1
tx26146_00012622,LAYERING,1
tx26146_00012623,LAYERING,1
tx26146_00012624,LAYERING,1
tx26146_00012625,LAYERING,1
tx26146_00012626,LAYERING,1
tx26146_00012627,LAYERING,1
tx26146_00012628,LAYERING,1
tx26146_00012629,LAYERING,1
tx26146_00012630,LAYERING,1
tx26146_00012631,LAYERING,1
tx26146_00012632,LAYERING,1
tx26146_00012633,LAYERING,1
tx26146_00012634,LAYERING,1
tx26146_00012635,LAYERING,1
tx26146_00012636,LAYERING,1
tx26146_00012637,LAYERING,1
tx26146_00012638,LAYERING,1
tx26146_00012639,LAYERING,1
tx26146_00012640,LAYERING,1
tx26146_00012641,LAYERING,1
tx26146_00012642,LAYERING,1
tx26146_00012643,LAYERING,1
tx26146_00012644,LAYERING,1
tx26146_00012645,LAYERING,1
tx26146_00012646,LAYERING,1
tx26146_00012647,LAYERING,1
tx26146_00012648,LAYERING,1
tx26146_00012649,LAYERING,1
tx26146_00012650,LAYERING,1
tx26146_00012651,LAYERING,1
tx26146_00012652,LAYERING,1
tx26146_00012653,LAYERING,1
tx26146_00012654,LAYERING,1
tx26146_00012655,LAYERING,1
tx26146_00012656,LAYERING,1
tx26146_00012657,LAYERING,1
tx26146_00012658,LAYERING,1
tx26146_00012659,LAYERING,1
tx26146_00012660,LAYERING,1
tx26146_00012661,LAYERING,1
tx26146_00012662,LAYERING,1
tx26146_00012663,LAYERING,1
tx26146_00012664,LAYERING,1
tx26146_00012665,LAYERING,1
tx26146_00012666,LAYERING,1
tx26146_00012667,LAYERING,1
tx26146_00012668,LAYERING,1
tx26146_00012669,LAYERING,1
tx26146_00012670,LAYERING,1
tx26146_00012671,LAYERING,1
tx26146_00012672,LAYERING,1
tx26146_00012673,LAYERING,1
tx26146_00012674,LAYERING,1
tx26146_00012675,LAYERING,1
tx26146_00012676,LAYERING,1
tx26146_00012677,LAYERING,1
tx26146_00012678,LAYERING,1
tx26146_00012679,LAYERING,1
tx26146_00012680,LAYERING,1
tx26146_00012681,LAYERING,1
tx26146_00012682,LAYERING,1
tx26146_00012683,LAYERING,1
tx26146_00012684,LAYERING,1
tx26146_00012685,LAYERING,1
tx26146_00012686,LAYERING,1
tx26146_00012687,LAYERING,1
tx26146_00012688,LAYERING,1
tx26146_00012689,LAYERING,1
tx26146_00012690,LAYERING,1
tx26146_00012691,LAYERING,1
tx26146_00012692,LAYERING,1
tx26146_00012693,LAYERING,1
tx26146_00012694,LAYERING,1
tx26146_00012695,LAYERING,1
tx26146_00012696,LAYERING,1
tx26146_00012697,LAYERING,1
tx26146_00012698,LAYERING,1
tx26146_00012699,LAYERING,1
tx26146_00012700,LAYERING,1
tx26146_00012701,LAYERING,1
tx26146_00012702,LAYERING,1
tx26146_00012703,LAYERING,1
tx26146_00012704,LAYERING,1
tx26146_00012705,LAYERING,1
tx26146_00012706,LAYERING,1
tx26146_00012707,LAYERING,1
tx26146_00012708,LAYERING,1
tx26146_00012709,LAYERING,1
tx26146_00012710,LAYERING,1
tx26146_00012711,LAYERING,1
tx26146_00012712,LAYERING,1
tx26146_00012713,LAYERING,1
tx26146_00012714,LAYERING,1
tx26146_00012715,LAYERING,1
tx26146_00012716,LAYERING,1
tx26146_00012717,LAYERING,1
tx26146_00012718,LAYERING,1
tx26146_00012719,LAYERING,1
tx26146_00012720,LAYERING,1
tx26146_00012721,LAYERING,1
tx26146_00012722,LAYERING,1
tx26146_00012723,LAYERING,1
tx26146_00012724,LAYERING,1
tx26146_00012725,LAYERING,1
tx26146_00012726,LAYERING,1
tx26146_00012727,LAYERING,1
tx26146_00012728,LAYERING,1
tx26146_00012729,LAYERING,1
tx26146_00012730,LAYERING,1
tx26146_00012731,LAYERING,1
tx26146_00012732,LAYERING,1
tx26146_00012733,LAYERING,1
tx26146_00012734,LAYERING,1
tx26146_00012735,LAYERING,1
tx26146_00012736,LAYERING,1
tx26146_00012737,LAYERING,1
tx26146_00012738,LAYERING,1
tx26146_00012739,LAYERING,1
tx26146_00012740,LAYERING,1
tx26146_00012741,LAYERING,1
tx26146_00012742,LAYERING,1
tx26146_00012743,LAYERING,1
tx26146_00012744,LAYERING,1
tx26146_00012745,LAYERING,1
tx26146_00012746,LAYERING,1
tx26146_00012747,LAYERING,1
tx26146_00012748,LAYERING,1
tx26146_00012749,LAYERING,1
tx26146_00012750,LAYERING,1
tx26146_00012751,LAYERING,1
tx26146_00012752,LAYERING,1
tx26146_00012753,LAYERING,1
tx26146_00012754,LAYERING,1
tx26146_00012755,LAYERING,1
tx26146_00012756,LAYERING,1
tx26146_00012757,LAYERING,1
tx26146_00012758,LAYERING,1
tx26146_00012759,LAYERING,1
tx26146_00012760,LAYERING,1
tx26146_00012761,LAYERING,1
tx26146_00012762,LAYERING,1
tx26146_00012763,LAYERING,1
tx26146_00012764,LAYERING,1
tx26146_00012765,LAYERING,1
tx26146_00012766,LAYERING,1
tx26146_00012767,LAYERING,1
tx26146_00012768,LAYERING,1
tx26146_00012769,LAYERING,1
tx26146_00012770,LAYERING,1
tx26146_00012771,LAYERING,1
tx26146_00012772,LAYERING,1
tx26146_00012773,LAYERING,1
tx26146_00012774,LAYERING,1
tx26146_00012775,LAYERING,1
tx26146_00012776,LAYERING,1
tx26146_00012777,LAYERING,1
tx26146_00012778,LAYERING,1
tx26146_00012779,LAYERING,1
tx26146_00012780,LAYERING,1
tx26146_00012781,LAYERING,1
tx26146_00012782,LAYERING,1
tx26146_00012783,LAYERING,1
tx26146_00012784,LAYERING,1
tx26146_00012785,LAYERING,1
tx26146_00012786,LAYERING,1
tx26146_00012787,LAYERING,1
tx26146_00012788,LAYERING,1
tx26146_00012789,LAYERING,1
tx26146_00012790,LAYERING,1
tx26146_00012791,LAYERING,1
tx26146_00012792,LAYERING,1
tx26146_00012793,LAYERING,1
tx26146_00012794,LAYERING,1
tx26146_00012795,LAYERING,1
tx26146_00012796,LAYERING,1
tx26146_00012797,LAYERING,1
tx26146_00012798,LAYERING,1
tx26146_00012799,LAYERING,1
tx26146_00012800,LAYERING,1
tx26146_00012801,LAYERING,1
tx26146_00012802,LAYERING,1
tx26146_00012803,LAYERING,1
tx26146_00012804,LAYERING,1
tx26146_00012805,LAYERING,1
tx26146_00012806,LAYERING,1
tx26146_00012807,LAYERING,1
tx26146_00012808,LAYERING,1
tx26146_00012809,LAYERING,1
tx26146_00012810,LAYERING,1
tx26146_00012811,LAYERING,1
tx26146_00012812,LAYERING,1
tx26146_00012813,LAYERING,1
tx26146_00012814,LAYERING,1
tx26146_00012815,LAYERING,1
tx26146_00012816,LAYERING,1
tx26146_00012817,LAYERING,1
tx26146_00012818,LAYERING,1
tx26146_00012819,LAYERING,1
tx26146_00012820,LAYERING,1
tx26146_00012821,LAYERING,1
tx26146_00012822,LAYERING,1
tx26146_00012823,LAYERING,1
tx26146_00012824,LAYERING,1
tx26146_00012825,LAYERING,1
tx26146_00012826,LAYERING,1
tx26146_00012827,LAYERING,1
tx26146_00012828,LAYERING,1
tx26146_00012829,LAYERING,1
tx26146_00012830,LAYERING,1
tx26146_00012831,LAYERING,1
tx26146_00012832,LAYERING,1
tx26146_00012833,LAYERING,1
tx26146_00012834,LAYERING,1
tx26146_00012835,LAYERING,1
tx26146_00012836,LAYERING,1
tx26146_00012837,LAYERING,1
tx26146_00012838,LAYERING,1
tx26146_00012839,LAYERING,1
tx26146_00012840,LAYERING,1
tx26146_00012841,LAYERING,1
tx26146_00012842,LAYERING,1
tx26146_00012843,LAYERING,1
tx26146_00012844,LAYERING,1
tx26146_00012845,LAYERING,1
tx26146_00012846,LAYERING,1
tx26146_00012847,LAYERING,1
tx26146_00012848,LAYERING,1
tx26146_00012849,LAYERING,1
tx26146_00012850,LAYERING,1
tx26146_00012851,LAYERING,1
tx26146_00012852,LAYERING,1
tx26146_00012853,LAYERING,1
tx26146_00012854,LAYERING,1
tx26146_00012855,LAYERING,1
tx26146_00012856,LAYERING,1
tx26146_00012857,LAYERING,1
tx26146_00012858,LAYERING,1
tx26146_00012859,LAYERING,1
tx26146_00012860,LAYERING,1
tx26146_00012861,LAYERING,1
tx26146_00012862,LAYERING,1
tx26146_00012863,LAYERING,1
tx26146_00012864,LAYERING,1
tx26146_00012865,LAYERING,1
tx26146_00012866,LAYERING,1
tx26146_00012867,LAYERING,1
tx26146_00012868,LAYERING,1
tx26146_00012869,LAYERING,1
tx26146_00012870,LAYERING,1
tx26146_00012871,LAYERING,1
tx26146_00012872,LAYERING,1
tx26146_00012873,LAYERING,1
tx26146_00012874,LAYERING,1
tx26146_00012875,LAYERING,1
tx26146_00012876,LAYERING,1
tx26146_00012877,LAYERING,1
tx26146_00012878,LAYERING,1
tx26146_00012879,LAYERING,1
tx26146_00012880,LAYERING,1
tx26146_00012881,LAYERING,1
tx26146_00012882,LAYERING,1
tx26146_00012883,LAYERING,1
tx26146_00012884,LAYERING,1
tx26146_00012885,LAYERING,1
tx26146_00012886,LAYERING,1
tx26146_00012887,LAYERING,1
tx26146_00012888,LAYERING,1
tx26146_00012889,LAYERING,1
tx26146_00012890,LAYERING,1
tx26146_00012891,LAYERING,1
tx26146_00012892,LAYERING,1
tx26146_00012893,LAYERING,1
tx26146_00012894,LAYERING,1
tx26146_00012895,LAYERING,1
tx26146_00012896,LAYERING,1
tx26146_00012897,LAYERING,1
tx26146_00012898,LAYERING,1
tx26146_00012899,LAYERING,1
tx26146_00012900,LAYERING,1
tx26146_00012901,LAYERING,1
tx26146_00012902,LAYERING,1
tx26146_00012903,LAYERING,1
tx26146_00012904,LAYERING,1
tx26146_00012905,LAYERING,1
tx26146_00012906,LAYERING,1
tx26146_00012907,LAYERING,1
tx26146_00012908,LAYERING,1
tx26146_00012909,LAYERING,1
tx26146_00012910,LAYERING,1
tx26146_00012911,LAYERING,1
tx26146_00012912,LAYERING,1
tx26146_00012913,LAYERING,1
tx26146_00012914,LAYERING,1
tx26146_00012915,LAYERING,1
tx26146_00012916,LAYERING,1
tx26146_00012917,LAYERING,1
tx26146_00012918,LAYERING,1
tx26146_00012919,LAYERING,1
tx26146_00012920,LAYERING,1
tx26146_00012921,LAYERING,1
tx26146_00012922,LAYERING,1
tx26146_00012923,LAYERING,1
tx26146_00012924,LAYERING,1
tx26146_00012925,LAYERING,1
tx26146_00012926,LAYERING,1
tx26146_00012927,LAYERING,1
tx26146_00012928,LAYERING,1
tx26146_00012929,LAYERING,1
tx26146_00012930,LAYERING,1
tx26146_00012931,LAYERING,1
tx26146_00012932,LAYERING,1
tx26146_00012933,LAYERING,1
tx26146_00012934,LAYERING,1
tx26146_00012935,LAYERING,1
tx26146_00012936,LAYERING,1
tx26146_00012937,LAYERING,1
tx26146_00012938,LAYERING,1
tx26146_00012939,LAYERING,1
tx26146_00012940,LAYERING,1
tx26146_00012941,LAYERING,1
tx26146_00012942,LAYERING,1
tx26146_00012943,LAYERING,1
tx26146_00012944,LAYERING,1
tx26146_00012945,LAYERING,1
tx26146_00012946,LAYERING,1
tx26146_00012947,LAYERING,1
tx26146_00012948,LAYERING,1
tx26146_00012949,LAYERING,1
tx26146_00012950,LAYERING,1
tx26146_00012951,LAYERING,1
tx26146_00012952,LAYERING,1
tx26146_00012953,LAYERING,1
tx26146_00012954,LAYERING,1
tx26146_00012955,LAYERING,1
tx26146_00012956,LAYERING,1
tx26146_00012957,LAYERING,1
tx26146_00012958,LAYERING,1
tx26146_00012959,LAYERING,1
tx26146_00012960,LAYERING,1
tx26146_00012961,LAYERING,1
tx26146_00012962,LAYERING,1
tx26146_00012963,LAYERING,1
tx26146_00012964,LAYERING,1
tx26146_00012965,LAYERING,1
tx26146_00012966,LAYERING,1
tx26146_00012967,LAYERING,1
tx26146_00012968,LAYERING,1
tx26146_00012969,LAYERING,1
tx26146_00012970,LAYERING,1
tx26146_00012971,LAYERING,1
tx26146_00012972,LAYERING,1
tx26146_00012973,LAYERING,1
tx26146_00012974,LAYERING,1
tx26146_00012975,LAYERING,1
tx26146_00012976,LAYERING,1
tx26146_00012977,LAYERING,1
tx26146_00012978,LAYERING,1
tx26146_00012979,LAYERING,1
tx26146_00012980,LAYERING,1
tx26146_00012981,LAYERING,1
tx26146_00012982,LAYERING,1
tx26146_00012983,LAYERING,1
tx26146_00012984,LAYERING,1
tx26146_00012985,LAYERING,1
tx26146_00012986,LAYERING,1
tx26146_00012987,LAYERING,1
tx26146_00012988,LAYERING,1
tx26146_00012989,LAYERING,1
tx26146_00012990,LAYERING,1
tx26146_00012991,LAYERING,1
tx26146_00012992,LAYERING,1
tx26146_00012993,LAYERING,1
tx26146_00012994,LAYERING,1
tx26146_00012995,LAYERING,1
tx26146_00012996,LAYERING,1
tx26146_00012997,LAYERING,1
tx26146_00012998,LAYERING,1
tx26146_00012999,LAYERING,1
tx26146_00013000,LAYERING,1
tx26146_00013001,LAYERING,1
tx26146_00013002,LAYERING,1
tx26146_00013003,LAYERING,1
tx26146_00013004,LAYERING,1
tx26146_00013005,LAYERING,1
tx26146_00013006,LAYERING,1
tx26146_00013007,LAYERING,1
tx26146_00013008,LAYERING,1
tx26146_00013009,LAYERING,1
tx26146_00013010,LAYERING,1
tx26146_00013011,LAYERING,1
tx26146_00013012,LAYERING,1
tx26146_00013013,LAYERING,1
tx26146_00013014,LAYERING,1
tx26146_00013015,LAYERING,1
tx26146_00013016,LAYERING,1
tx26146_00013017,LAYERING,1
tx26146_00013018,LAYERING,1
tx26146_00013019,LAYERING,1
tx26146_00013020,LAYERING,1
tx26146_00013021,LAYERING,1
tx26146_00013022,LAYERING,1
tx26146_00013023,LAYERING,1
tx26146_00013024,LAYERING,1
tx26146_00013025,LAYERING,1
tx26146_00013026,LAYERING,1
tx26146_00013027,LAYERING,1
tx26146_00013028,LAYERING,1
tx26146_00013029,LAYERING,1
tx26146_00013030,LAYERING,1
tx26146_00013031,LAYERING,1
tx26146_00013032,LAYERING,1
tx26146_00013033,LAYERING,1
tx26146_00013034,LAYERING,1
tx26146_00013035,LAYERING,1
tx26146_00013036,LAYERING,1
tx26146_00013037,LAYERING,1
tx26146_00013038,LAYERING,1
tx26146_00013039,LAYERING,1
tx26146_00013040,LAYERING,1
tx26146_00013041,LAYERING,1
tx26146_00013042,LAYERING,1
tx26146_00013043,LAYERING,1
tx26146_00013044,LAYERING,1
tx26146_00013045,LAYERING,1
tx26146_00013046,LAYERING,1
tx26146_00013047,LAYERING,1
tx26146_00013048,LAYERING,1
tx26146_00013049,LAYERING,1
tx26146_00013050,LAYERING,1
tx26146_00013051,LAYERING,1
tx26146_00013052,LAYERING,1
tx26146_00013053,LAYERING,1
tx26146_00013054,LAYERING,1
tx26146_00013055,LAYERING,1
tx26146_00013056,LAYERING,1
tx26146_00013057,LAYERING,1
tx26146_00013058,LAYERING,1
tx26146_00013059,LAYERING,1
tx26146_00013060,LAYERING,1
tx26146_00013061,LAYERING,1
tx26146_00013062,LAYERING,1
tx26146_00013063,LAYERING,1
tx26146_00013064,LAYERING,1
tx26146_00013065,LAYERING,1
tx26146_00013066,LAYERING,1
tx26146_00013067,LAYERING,1
tx26146_00013068,LAYERING,1
tx26146_00013069,LAYERING,1
tx26146_00013070,LAYERING,1
tx26146_00013071,LAYERING,1
tx26146_00013072,LAYERING,1
tx26146_00013073,LAYERING,1
tx26146_00013074,LAYERING,1
tx26146_00013075,LAYERING,1
tx26146_00013076,LAYERING,1
tx26146_00013077,LAYERING,1
tx26146_00013078,LAYERING,1
tx26146_00013079,LAYERING,1
tx26146_00013080,LAYERING,1
tx26146_00013081,LAYERING,1
tx26146_00013082,LAYERING,1
tx26146_00013083,LAYERING,1
tx26146_00013084,LAYERING,1
tx26146_00013085,LAYERING,1
tx26146_00013086,LAYERING,1
tx26146_00013087,LAYERING,1
tx26146_00013088,LAYERING,1
tx26146_00013089,LAYERING,1
tx26146_00013090,LAYERING,1
tx26146_00013091,LAYERING,1
tx26146_00013092,LAYERING,1
tx26146_00013093,LAYERING,1
tx26146_00013094,LAYERING,1
tx26146_00013095,LAYERING,1
tx26146_00013096,LAYERING,1
tx26146_00013097,LAYERING,1
tx26146_00013098,LAYERING,1
tx26146_00013099,LAYERING,1
tx26146_00013100,LAYERING,1
tx26146_00013101,LAYERING,1
tx26146_00013102,LAYERING,1
tx26146_00013103,LAYERING,1
tx26146_00013104,LAYERING,1
tx26146_00013105,LAYERING,1
tx26146_00013106,LAYERING,1
tx26146_00013107,LAYERING,1
tx26146_00013108,LAYERING,1
tx26146_00013109,LAYERING,1
tx26146_00013110,LAYERING,1
tx26146_00013111,LAYERING,1
tx26146_00013112,LAYERING,1
tx26146_00013113,LAYERING,1
tx26146_00013114,LAYERING,1
tx26146_00013115,LAYERING,1
tx26146_00013116,LAYERING,1
tx26146_00013117,LAYERING,1
tx26146_00013118,LAYERING,1
tx26146_00013119,LAYERING,1
tx26146_00013120,LAYERING,1
tx26146_00013121,LAYERING,1
tx26146_00013122,LAYERING,1
tx26146_00013123,LAYERING,1
tx26146_00013124,LAYERING,1
tx26146_00013125,LAYERING,1
tx26146_00013126,LAYERING,1
tx26146_00013127,LAYERING,1
tx26146_00013128,LAYERING,1
tx26146_00013129,LAYERING,1
tx26146_00013130,LAYERING,1
tx26146_00013131,LAYERING,1
tx26146_00013132,LAYERING,1
tx26146_00013133,LAYERING,1
tx26146_00013134,LAYERING,1
tx26146_00013135,LAYERING,1
tx26146_00013136,LAYERING,1
tx26146_00013137,LAYERING,1
tx26146_00013138,LAYERING,1
tx26146_00013139,LAYERING,1
tx26146_00013140,LAYERING,1
tx26146_00013141,LAYERING,1
tx26146_00013142,LAYERING,1
tx26146_00013143,LAYERING,1
tx26146_00013144,LAYERING,1
tx26146_00013145,LAYERING,1
tx26146_00013146,LAYERING,1
tx26146_00013147,LAYERING,1
tx26146_00013148,LAYERING,1
tx26146_00013149,LAYERING,1
tx26146_00013150,LAYERING,1
tx26146_00013151,LAYERING,1
tx26146_00013152,LAYERING,1
tx26146_00013153,LAYERING,1
tx26146_00013154,LAYERING,1
tx26146_00013155,LAYERING,1
tx26146_00013156,LAYERING,1
tx26146_00013157,LAYERING,1
tx26146_00013158,LAYERING,1
tx26146_00013159,LAYERING,1
tx26146_00013160,LAYERING,1
tx26146_00013161,LAYERING,1
tx26146_00013162,LAYERING,1
tx26146_00013163,LAYERING,1
tx26146_00013164,LAYERING,1
tx26146_00013165,LAYERING,1
tx26146_00013166,LAYERING,1
tx26146_00013167,LAYERING,1
tx26146_00013168,LAYERING,1
tx26146_00013169,LAYERING,1
tx26146_00013170,LAYERING,1
tx26146_00013171,LAYERING,1
tx26146_00013172,LAYERING,1
tx26146_00013173,LAYERING,1
tx26146_00013174,LAYERING,1
tx26146_00013175,LAYERING,1
tx26146_00013176,LAYERING,1
tx26146_00013177,LAYERING,1
tx26146_00013178,LAYERING,1
tx26146_00013179,LAYERING,1
tx26146_00013180,LAYERING,1
tx26146_00013181,LAYERING,1
tx26146_00013182,LAYERING,1
tx26146_00013183,LAYERING,1
tx26146_00013184,LAYERING,1
tx26146_00013185,LAYERING,1
tx26146_00013186,LAYERING,1
tx26146_00013187,LAYERING,1
tx26146_00013188,LAYERING,1
tx26146_00013189,LAYERING,1
tx26146_00013190,LAYERING,1
tx26146_00013191,LAYERING,1
tx26146_00013192,LAYERING,1
tx26146_00013193,LAYERING,1
tx26146_00013194,LAYERING,1
tx26146_00013195,LAYERING,1
tx26146_00013196,LAYERING,1
tx26146_00013197,LAYERING,1
tx26146_00013198,LAYERING,1
tx26146_00013199,LAYERING,1
tx26146_00013200,LAYERING,1
tx26146_00013201,LAYERING,1
tx26146_00013202,LAYERING,1
tx26146_00013203,LAYERING,1
tx26146_00013204,LAYERING,1
tx26146_00013205,LAYERING,1
tx26146_00013206,LAYERING,1
tx26146_00013207,LAYERING,1
tx26146_00013208,LAYERING,1
tx26146_00013209,LAYERING,1
tx26146_00013210,LAYERING,1
tx26146_00013211,LAYERING,1
tx26146_00013212,LAYERING,1
tx26146_00013213,LAYERING,1
tx26146_00013214,LAYERING,1
tx26146_00013215,LAYERING,1
tx26146_00013216,LAYERING,1
tx26146_00013217,LAYERING,1
tx26146_00013218,LAYERING,1
tx26146_00013219,LAYERING,1
tx26146_00013220,LAYERING,1
tx26146_00013221,LAYERING,1
tx26146_00013222,LAYERING,1
tx26146_00013223,LAYERING,1
tx26146_00013224,LAYERING,1
tx26146_00013225,LAYERING,1
tx26146_00013226,LAYERING,1
tx26146_00013227,LAYERING,1
tx26146_00013228,LAYERING,1
tx26146_00013229,LAYERING,1
tx26146_00013230,LAYERING,1
tx26146_00013231,LAYERING,1
tx26146_00013232,LAYERING,1
tx26146_00013233,LAYERING,1
tx26146_00013234,LAYERING,1
tx26146_00013235,LAYERING,1
tx26146_00013236,LAYERING,1
tx26146_00013237,LAYERING,1
tx26146_00013238,LAYERING,1
tx26146_00013239,LAYERING,1
tx26146_00013240,LAYERING,1
tx26146_00013241,LAYERING,1
tx26146_00013242,LAYERING,1
tx26146_00013243,LAYERING,1
tx26146_00013244,LAYERING,1
tx26146_00013245,LAYERING,1
tx26146_00013246,LAYERING,1
tx26146_00013247,LAYERING,1
tx26146_00013248,LAYERING,1
tx26146_00013249,LAYERING,1
tx26146_00013250,LAYERING,1
tx26146_00013251,LAYERING,1
tx26146_00013252,LAYERING,1
tx26146_00013253,LAYERING,1
tx26146_00013254,LAYERING,1
tx26146_00013255,LAYERING,1
tx26146_00013256,LAYERING,1
tx26146_00013257,LAYERING,1
tx26146_00013258,LAYERING,1
tx26146_00013259,LAYERING,1
tx26146_00013260,LAYERING,1
tx26146_00013261,LAYERING,1
tx26146_00013262,LAYERING,1
tx26146_00013263,LAYERING,1
tx26146_00013264,LAYERING,1
tx26146_00013265,LAYERING,1
tx26146_00013266,LAYERING,1
tx26146_00013267,LAYERING,1
tx26146_00013268,LAYERING,1
tx26146_00013269,LAYERING,1
tx26146_00013270,LAYERING,1
tx26146_00013271,LAYERING,1
tx26146_00013272,LAYERING,1
tx26146_00013273,LAYERING,1
tx26146_00013274,LAYERING,1
tx26146_00013275,LAYERING,1
tx26146_00013276,LAYERING,1
tx26146_00013277,LAYERING,1
tx26146_00013278,LAYERING,1
tx26146_00013279,LAYERING,1
tx26146_00013280,LAYERING,1
tx26146_00013281,LAYERING,1
tx26146_00013282,LAYERING,1
tx26146_00013283,LAYERING,1
tx26146_00013284,LAYERING,1
tx26146_00013285,LAYERING,1
tx26146_00013286,LAYERING,1
tx26146_00013287,LAYERING,1
tx26146_00013288,LAYERING,1
tx26146_00013289,LAYERING,1
tx26146_00013290,LAYERING,1
tx26146_00013291,LAYERING,1
tx26146_00013292,LAYERING,1
tx26146_00013293,LAYERING,1
tx26146_00013294,LAYERING,1
tx26146_00013295,LAYERING,1
tx26146_00013296,LAYERING,1
tx26146_00013297,LAYERING,1
tx26146_00013298,LAYERING,1
tx26146_00013299,LAYERING,1
tx26146_00013300,LAYERING,1
tx26146_00013301,LAYERING,1
tx26146_00013302,LAYERING,1
tx26146_00013303,LAYERING,1
tx26146_00013304,LAYERING,1
tx26146_00013305,LAYERING,1
tx26146_00013306,LAYERING,1
tx26146_00013307,LAYERING,1
tx26146_00013308,LAYERING,1
tx26146_00013309,LAYERING,1
tx26146_00013310,LAYERING,1
tx26146_00013311,LAYERING,1
tx26146_00013312,LAYERING,1
tx26146_00013313,LAYERING,1
tx26146_00013314,LAYERING,1
tx26146_00013315,LAYERING,1
tx26146_00013316,LAYERING,1
tx26146_00013317,LAYERING,1
tx26146_00013318,LAYERING,1
tx26146_00013319,LAYERING,1
tx26146_00013320,LAYERING,1
tx26146_00013321,LAYERING,1
tx26146_00013322,LAYERING,1
tx26146_00013323,LAYERING,1
tx26146_00013324,LAYERING,1
tx26146_00013325,LAYERING,1
tx26146_00013326,LAYERING,1
tx26146_00013327,LAYERING,1
tx26146_00013328,LAYERING,1
tx26146_00013329,LAYERING,1
tx26146_00013330,LAYERING,1
tx26146_00013331,LAYERING,1
tx26146_00013332,LAYERING,1
tx26146_00013333,LAYERING,1
tx26146_00013334,LAYERING,1
tx26146_00013335,LAYERING,1
tx26146_00013336,LAYERING,1
tx26146_00013337,LAYERING,1
tx26146_00013338,LAYERING,1
tx26146_00013339,LAYERING,1
tx26146_00013340,LAYERING,1
tx26146_00013341,LAYERING,1
tx26146_00013342,LAYERING,1
tx26146_00013343,LAYERING,1
tx26146_00013344,LAYERING,1
tx26146_00013345,LAYERING,1
tx26146_00013346,LAYERING,1
tx26146_00013347,LAYERING,1
tx26146_00013348,LAYERING,1
tx26146_00013349,LAYERING,1
tx26146_00013350,LAYERING,1
tx26146_00013351,LAYERING,1
tx26146_00013352,LAYERING,1
tx26146_00013353,LAYERING,1
tx26146_00013354,LAYERING,1
tx26146_00013355,LAYERING,1
tx26146_00013356,LAYERING,1
tx26146_00013357,LAYERING,1
tx26146_00013358,LAYERING,1
tx26146_00013359,LAYERING,1
tx26146_00013360,LAYERING,1
tx26146_00013361,LAYERING,1
tx26146_00013362,LAYERING,1
tx26146_00013363,LAYERING,1
tx26146_00013364,LAYERING,1
tx26146_00013365,LAYERING,1
tx26146_00013366,LAYERING,1
tx26146_00013367,LAYERING,1
tx26146_00013368,LAYERING,1
tx26146_00013369,LAYERING,1
tx26146_00013370,LAYERING,1
tx26146_00013371,LAYERING,1
tx26146_00013372,LAYERING,1
tx26146_00013373,LAYERING,1
tx26146_00013374,LAYERING,1
tx26146_00013375,LAYERING,1
tx26146_00013376,LAYERING,1
tx26146_00013377,LAYERING,1
tx26146_00013378,LAYERING,1
tx26146_00013379,LAYERING,1
tx26146_00013380,LAYERING,1
tx26146_00013381,LAYERING,1
tx26146_00013382,LAYERING,1
tx26146_00013383,LAYERING,1
tx26146_00013384,LAYERING,1
tx26146_00013385,LAYERING,1
tx26146_00013386,LAYERING,1
tx26146_00013387,LAYERING,1
tx26146_00013388,LAYERING,1
tx26146_00013389,LAYERING,1
tx26146_00013390,LAYERING,1
tx26146_00013391,LAYERING,1
tx26146_00013392,LAYERING,1
tx26146_00013393,LAYERING,1
tx26146_00013394,LAYERING,1
tx26146_00013395,LAYERING,1
tx26146_00013396,LAYERING,1
tx26146_00013397,LAYERING,1
tx26146_00013398,LAYERING,1
tx26146_00013399,LAYERING,1
tx26146_00013400,LAYERING,1
tx26146_00013401,LAYERING,1
tx26146_00013402,LAYERING,1
tx26146_00013403,LAYERING,1
tx26146_00013404,LAYERING,1
tx26146_00013405,LAYERING,1
tx26146_00013406,LAYERING,1
tx26146_00013407,LAYERING,1
tx26146_00013408,LAYERING,1
tx26146_00013409,LAYERING,1
tx26146_00013410,LAYERING,1
tx26146_00013411,LAYERING,1
tx26146_00013412,LAYERING,1
tx26146_00013413,LAYERING,1
tx26146_00013414,LAYERING,1
tx26146_00013415,LAYERING,1
tx26146_00013416,LAYERING,1
tx26146_00013417,LAYERING,1
tx26146_00013418,LAYERING,1
tx26146_00013419,LAYERING,1
tx26146_00013420,LAYERING,1
tx26146_00013421,LAYERING,1
tx26146_00013422,LAYERING,1
tx26146_00013423,LAYERING,1
tx26146_00013424,LAYERING,1
tx26146_00013425,LAYERING,1
tx26146_00013426,LAYERING,1
tx26146_00013427,LAYERING,1
tx26146_00013428,LAYERING,1
tx26146_00013429,LAYERING,1
tx26146_00013430,LAYERING,1
tx26146_00013431,LAYERING,1
tx26146_00013432,LAYERING,1
tx26146_00013433,LAYERING,1
tx26146_00013434,LAYERING,1
tx26146_00013435,LAYERING,1
tx26146_00013436,LAYERING,1
tx26146_00013437,LAYERING,1
tx26146_00013438,LAYERING,1
tx26146_00013439,LAYERING,1
tx26146_00013440,LAYERING,1
tx26146_00013441,LAYERING,1
tx26146_00013442,LAYERING,1
tx26146_00013443,LAYERING,1
tx26146_00013444,LAYERING,1
tx26146_00013445,LAYERING,1
tx26146_00013446,LAYERING,1
tx26146_00013447,LAYERING,1
tx26146_00013448,LAYERING,1
tx26146_00013449,LAYERING,1
tx26146_00013450,LAYERING,1
tx26146_00013451,LAYERING,1
tx26146_00013452,LAYERING,1
tx26146_00013453,LAYERING,1
tx26146_00013454,LAYERING,1
tx26146_00013455,LAYERING,1
tx26146_00013456,LAYERING,1
tx26146_00013457,LAYERING,1
tx26146_00013458,LAYERING,1
tx26146_00013459,LAYERING,1
tx26146_00013460,LAYERING,1
tx26146_00013461,LAYERING,1
tx26146_00013462,LAYERING,1
tx26146_00013463,LAYERING,1
tx26146_00013464,LAYERING,1
tx26146_00013465,LAYERING,1
tx26146_00013466,LAYERING,1
tx26146_00013467,LAYERING,1
tx26146_00013468,LAYERING,1
tx26146_00013469,LAYERING,1
tx26146_00013470,LAYERING,1
tx26146_00013471,LAYERING,1
tx26146_00013472,LAYERING,1
tx26146_00013473,LAYERING,1
tx26146_00013474,LAYERING,1
tx26146_00013475,LAYERING,1
tx26146_00013476,LAYERING,1
tx26146_00013477,LAYERING,1
tx26146_00013478,LAYERING,1
tx26146_00013479,LAYERING,1
tx26146_00013480,LAYERING,1
tx26146_00013481,LAYERING,1
tx26146_00013482,LAYERING,1
tx26146_00013483,LAYERING,1
tx26146_00013484,LAYERING,1
tx26146_00013485,LAYERING,1
tx26146_00013486,LAYERING,1
tx26146_00013487,LAYERING,1
tx26146_00013488,LAYERING,1
tx26146_00013489,LAYERING,1
tx26146_00013490,LAYERING,1
tx26146_00013491,LAYERING,1
tx26146_00013492,LAYERING,1
tx26146_00013493,LAYERING,1
tx26146_00013494,LAYERING,1
tx26146_00013495,LAYERING,1
tx26146_00013496,LAYERING,1
tx26146_00013497,LAYERING,1
tx26146_00013498,LAYERING,1
tx26146_00013499,LAYERING,1
tx26146_00013500,LAYERING,1
tx26146_00013501,LAYERING,1
tx26146_00013502,LAYERING,1
tx26146_00013503,LAYERING,1
tx26146_00013504,LAYERING,1
tx26146_00013505,LAYERING,1
tx26146_00013506,LAYERING,1
tx26146_00013507,LAYERING,1
tx26146_00013508,LAYERING,1
tx26146_00013509,LAYERING,1
tx26146_00013510,LAYERING,1
tx26146_00013511,LAYERING,1
tx26146_00013512,LAYERING,1
tx26146_00013513,LAYERING,1
tx26146_00013514,LAYERING,1
tx26146_00013515,LAYERING,1
tx26146_00013516,LAYERING,1
tx26146_00013517,LAYERING,1
tx26146_00013518,LAYERING,1
tx26146_00013519,LAYERING,1
tx26146_00013520,LAYERING,1
tx26146_00013521,LAYERING,1
tx26146_00013522,LAYERING,1
tx26146_00013523,LAYERING,1
tx26146_00013524,LAYERING,1
tx26146_00013525,LAYERING,1
tx26146_00013526,LAYERING,1
tx26146_00013527,LAYERING,1
tx26146_00013528,LAYERING,1
tx26146_00013529,LAYERING,1
tx26146_00013530,LAYERING,1
tx26146_00013531,LAYERING,1
tx26146_00013532,LAYERING,1
tx26146_00013533,LAYERING,1
tx26146_00013534,LAYERING,1
tx26146_00013535,LAYERING,1
tx26146_00013536,LAYERING,1
tx26146_00013537,LAYERING,1
tx26146_00013538,LAYERING,1
tx26146_00013539,LAYERING,1
tx26146_00013540,LAYERING,1
tx26146_00013541,LAYERING,1
tx26146_00013542,LAYERING,1
tx26146_00013543,LAYERING,1
tx26146_00013544,LAYERING,1
tx26146_00013545,LAYERING,1
tx26146_00013546,LAYERING,1
tx26146_00013547,LAYERING,1
tx26146_00013548,LAYERING,1
tx26146_00013549,LAYERING,1
tx26146_00013550,LAYERING,1
tx26146_00013551,LAYERING,1
tx26146_00013552,LAYERING,1
tx26146_00013553,LAYERING,1
tx26146_00013554,LAYERING,1
tx26146_00013555,LAYERING,1
tx26146_00013556,LAYERING,1
tx26146_00013557,LAYERING,1
tx26146_00013558,LAYERING,1
tx26146_00013559,LAYERING,1
tx26146_00013560,LAYERING,1
tx26146_00013561,LAYERING,1
tx26146_00013562,LAYERING,1
tx26146_00013563,LAYERING,1
tx26146_00013564,LAYERING,1
tx26146_00013565,LAYERING,1
tx26146_00013566,LAYERING,1
tx26146_00013567,LAYERING,1
tx26146_00013568,LAYERING,1
tx26146_00013569,LAYERING,1
tx26146_00013570,LAYERING,1
tx26146_00013571,LAYERING,1
tx26146_00013572,LAYERING,1
tx26146_00013573,LAYERING,1
tx26146_00013574,LAYERING,1
tx26146_00013575,LAYERING,1
tx26146_00013576,LAYERING,1
tx26146_00013577,LAYERING,1
tx26146_00013578,LAYERING,1
tx26146_00013579,LAYERING,1
tx26146_00013580,LAYERING,1
tx26146_00013581,LAYERING,1
tx26146_00013582,LAYERING,1
tx26146_00013583,LAYERING,1
tx26146_00013584,LAYERING,1
tx26146_00013585,LAYERING,1
tx26146_00013586,LAYERING,1
tx26146_00013587,LAYERING,1
tx26146_00013588,LAYERING,1
tx26146_00013589,LAYERING,1
tx26146_00013590,LAYERING,1
tx26146_00013591,LAYERING,1
tx26146_00013592,LAYERING,1
tx26146_00013593,LAYERING,1
tx26146_00013594,LAYERING,1
tx26146_00013595,LAYERING,1
tx26146_00013596,LAYERING,1
tx26146_00013597,LAYERING,1
tx26146_00013598,LAYERING,1
tx26146_00013599,LAYERING,1
tx26146_00013600,RAPID_MOVEMENT,1
tx26146_00013601,RAPID_MOVEMENT,1
tx26146_00013602,RAPID_MOVEMENT,1
tx26146_00013603,RAPID_MOVEMENT,1
tx26146_00013604,RAPID_MOVEMENT,1
tx26146_00013605,RAPID_MOVEMENT,1
tx26146_00013606,RAPID_MOVEMENT,1
tx26146_00013607,RAPID_MOVEMENT,1
tx26146_00013608,RAPID_MOVEMENT,1
tx26146_00013609,RAPID_MOVEMENT,1
tx26146_00013610,RAPID_MOVEMENT,1
tx26146_00013611,RAPID_MOVEMENT,1
tx26146_00013612,RAPID_MOVEMENT,1
tx26146_00013613,RAPID_MOVEMENT,1
tx26146_00013614,RAPID_MOVEMENT,1
tx26146_00013615,RAPID_MOVEMENT,1
tx26146_00013616,RAPID_MOVEMENT,1
tx26146_00013617,RAPID_MOVEMENT,1
tx26146_00013618,RAPID_MOVEMENT,1
tx26146_00013619,RAPID_MOVEMENT,1
tx26146_00013620,RAPID_MOVEMENT,1
tx26146_00013621,RAPID_MOVEMENT,1
tx26146_00013622,RAPID_MOVEMENT,1
tx26146_00013623,RAPID_MOVEMENT,1
tx26146_00013624,RAPID_MOVEMENT,1
tx26146_00013625,RAPID_MOVEMENT,1
tx26146_00013626,RAPID_MOVEMENT,1
tx26146_00013627,RAPID_MOVEMENT,1
tx26146_00013628,RAPID_MOVEMENT,1
tx26146_00013629,RAPID_MOVEMENT,1
tx26146_00013630,RAPID_MOVEMENT,1
tx26146_00013631,RAPID_MOVEMENT,1
tx26146_00013632,RAPID_MOVEMENT,1
tx26146_00013633,RAPID_MOVEMENT,1
tx26146_00013634,RAPID_MOVEMENT,1
tx26146_00013635,RAPID_MOVEMENT,1
tx26146_00013636,RAPID_MOVEMENT,1
tx26146_00013637,RAPID_MOVEMENT,1
tx26146_00013638,RAPID_MOVEMENT,1
tx26146_00013639,RAPID_MOVEMENT,1
tx26146_00013640,RAPID_MOVEMENT,1
tx26146_00013641,RAPID_MOVEMENT,1
tx26146_00013642,RAPID_MOVEMENT,1
tx26146_00013643,RAPID_MOVEMENT,1
tx26146_00013644,RAPID_MOVEMENT,1
tx26146_00013645,RAPID_MOVEMENT,1
tx26146_00013646,RAPID_MOVEMENT,1
tx26146_00013647,RAPID_MOVEMENT,1
tx26146_00013648,RAPID_MOVEMENT,1
tx26146_00013649,RAPID_MOVEMENT,1
tx26146_00013650,RAPID_MOVEMENT,1
tx26146_00013651,RAPID_MOVEMENT,1
tx26146_00013652,RAPID_MOVEMENT,1
tx26146_00013653,RAPID_MOVEMENT,1
tx26146_00013654,RAPID_MOVEMENT,1
tx26146_00013655,RAPID_MOVEMENT,1
tx26146_00013656,RAPID_MOVEMENT,1
tx26146_00013657,RAPID_MOVEMENT,1
tx26146_00013658,RAPID_MOVEMENT,1
tx26146_00013659,RAPID_MOVEMENT,1
tx26146_00013660,RAPID_MOVEMENT,1
tx26146_00013661,RAPID_MOVEMENT,1
tx26146_00013662,RAPID_MOVEMENT,1
tx26146_00013663,RAPID_MOVEMENT,1
tx26146_00013664,RAPID_MOVEMENT,1
tx26146_00013665,RAPID_MOVEMENT,1
tx26146_00013666,RAPID_MOVEMENT,1
tx26146_00013667,RAPID_MOVEMENT,1
tx26146_00013668,RAPID_MOVEMENT,1
tx26146_00013669,RAPID_MOVEMENT,1
tx26146_00013670,RAPID_MOVEMENT,1
tx26146_00013671,RAPID_MOVEMENT,1
tx26146_00013672,RAPID_MOVEMENT,1
tx26146_00013673,RAPID_MOVEMENT,1
tx26146_00013674,RAPID_MOVEMENT,1
tx26146_00013675,RAPID_MOVEMENT,1
tx26146_00013676,RAPID_MOVEMENT,1
tx26146_00013677,RAPID_MOVEMENT,1
tx26146_00013678,RAPID_MOVEMENT,1
tx26146_00013679,RAPID_MOVEMENT,1
tx26146_00013680,RAPID_MOVEMENT,1
tx26146_00013681,RAPID_MOVEMENT,1
tx26146_00013682,RAPID_MOVEMENT,1
tx26146_00013683,RAPID_MOVEMENT,1
tx26146_00013684,RAPID_MOVEMENT,1
tx26146_00013685,RAPID_MOVEMENT,1
tx26146_00013686,RAPID_MOVEMENT,1
tx26146_00013687,RAPID_MOVEMENT,1
tx26146_00013688,RAPID_MOVEMENT,1
tx26146_00013689,RAPID_MOVEMENT,1
tx26146_00013690,RAPID_MOVEMENT,1
tx26146_00013691,RAPID_MOVEMENT,1
tx26146_00013692,RAPID_MOVEMENT,1
tx26146_00013693,RAPID_MOVEMENT,1
tx26146_00013694,RAPID_MOVEMENT,1
tx26146_00013695,RAPID_MOVEMENT,1
tx26146_00013696,RAPID_MOVEMENT,1
tx26146_00013697,RAPID_MOVEMENT,1
tx26146_00013698,RAPID_MOVEMENT,1
tx26146_00013699,RAPID_MOVEMENT,1
tx26146_00013700,RAPID_MOVEMENT,1
tx26146_00013701,RAPID_MOVEMENT,1
tx26146_00013702,RAPID_MOVEMENT,1
tx26146_00013703,RAPID_MOVEMENT,1
tx26146_00013704,RAPID_MOVEMENT,1
tx26146_00013705,RAPID_MOVEMENT,1
tx26146_00013706,RAPID_MOVEMENT,1
tx26146_00013707,RAPID_MOVEMENT,1
tx26146_00013708,RAPID_MOVEMENT,1
tx26146_00013709,RAPID_MOVEMENT,1
tx26146_00013710,RAPID_MOVEMENT,1
tx26146_00013711,RAPID_MOVEMENT,1
tx26146_00013712,RAPID_MOVEMENT,1
tx26146_00013713,RAPID_MOVEMENT,1
tx26146_00013714,RAPID_MOVEMENT,1
tx26146_00013715,RAPID_MOVEMENT,1
tx26146_00013716,RAPID_MOVEMENT,1
tx26146_00013717,RAPID_MOVEMENT,1
tx26146_00013718,RAPID_MOVEMENT,1
tx26146_00013719,RAPID_MOVEMENT,1
tx26146_00013720,RAPID_MOVEMENT,1
tx26146_00013721,RAPID_MOVEMENT,1
tx26146_00013722,RAPID_MOVEMENT,1
tx26146_00013723,RAPID_MOVEMENT,1
tx26146_00013724,RAPID_MOVEMENT,1
tx26146_00013725,RAPID_MOVEMENT,1
tx26146_00013726,RAPID_MOVEMENT,1
tx26146_00013727,RAPID_MOVEMENT,1
tx26146_00013728,RAPID_MOVEMENT,1
tx26146_00013729,RAPID_MOVEMENT,1
tx26146_00013730,RAPID_MOVEMENT,1
tx26146_00013731,RAPID_MOVEMENT,1
tx26146_00013732,RAPID_MOVEMENT,1
tx26146_00013733,RAPID_MOVEMENT,1
tx26146_00013734,RAPID_MOVEMENT,1
tx26146_00013735,RAPID_MOVEMENT,1
tx26146_00013736,RAPID_MOVEMENT,1
tx26146_00013737,RAPID_MOVEMENT,1
tx26146_00013738,RAPID_MOVEMENT,1
tx26146_00013739,RAPID_MOVEMENT,1
tx26146_00013740,RAPID_MOVEMENT,1
tx26146_00013741,RAPID_MOVEMENT,1
tx26146_00013742,RAPID_MOVEMENT,1
tx26146_00013743,RAPID_MOVEMENT,1
tx26146_00013744,RAPID_MOVEMENT,1
tx26146_00013745,RAPID_MOVEMENT,1
tx26146_00013746,RAPID_MOVEMENT,1
tx26146_00013747,RAPID_MOVEMENT,1
tx26146_00013748,RAPID_MOVEMENT,1
tx26146_00013749,RAPID_MOVEMENT,1
tx26146_00013750,RAPID_MOVEMENT,1
tx26146_00013751,RAPID_MOVEMENT,1
tx26146_00013752,RAPID_MOVEMENT,1
tx26146_00013753,RAPID_MOVEMENT,1
tx26146_00013754,RAPID_MOVEMENT,1
tx26146_00013755,RAPID_MOVEMENT,1
tx26146_00013756,RAPID_MOVEMENT,1
tx26146_00013757,RAPID_MOVEMENT,1
tx26146_00013758,RAPID_MOVEMENT,1
tx26146_00013759,RAPID_MOVEMENT,1
tx26146_00013760,RAPID_MOVEMENT,1
tx26146_00013761,RAPID_MOVEMENT,1
tx26146_00013762,RAPID_MOVEMENT,1
tx26146_00013763,RAPID_MOVEMENT,1
tx26146_00013764,RAPID_MOVEMENT,1
tx26146_00013765,RAPID_MOVEMENT,1
tx26146_00013766,RAPID_MOVEMENT,1
tx26146_00013767,RAPID_MOVEMENT,1
tx26146_00013768,RAPID_MOVEMENT,1
tx26146_00013769,RAPID_MOVEMENT,1
tx26146_00013770,RAPID_MOVEMENT,1
tx26146_00013771,RAPID_MOVEMENT,1
tx26146_00013772,RAPID_MOVEMENT,1
tx26146_00013773,RAPID_MOVEMENT,1
tx26146_00013774,RAPID_MOVEMENT,1
tx26146_00013775,RAPID_MOVEMENT,1
tx26146_00013776,RAPID_MOVEMENT,1
tx26146_00013777,RAPID_MOVEMENT,1
tx26146_00013778,RAPID_MOVEMENT,1
tx26146_00013779,RAPID_MOVEMENT,1
tx26146_00013780,RAPID_MOVEMENT,1
tx26146_00013781,RAPID_MOVEMENT,1
tx26146_00013782,RAPID_MOVEMENT,1
tx26146_00013783,RAPID_MOVEMENT,1
tx26146_00013784,RAPID_MOVEMENT,1
tx26146_00013785,RAPID_MOVEMENT,1
tx26146_00013786,RAPID_MOVEMENT,1
tx26146_00013787,RAPID_MOVEMENT,1
tx26146_00013788,RAPID_MOVEMENT,1
tx26146_00013789,RAPID_MOVEMENT,1
tx26146_00013790,RAPID_MOVEMENT,1
tx26146_00013791,RAPID_MOVEMENT,1
tx26146_00013792,RAPID_MOVEMENT,1
tx26146_00013793,RAPID_MOVEMENT,1
tx26146_00013794,RAPID_MOVEMENT,1
tx26146_00013795,RAPID_MOVEMENT,1
tx26146_00013796,RAPID_MOVEMENT,1
tx26146_00013797,RAPID_MOVEMENT,1
tx26146_00013798,RAPID_MOVEMENT,1
tx26146_00013799,RAPID_MOVEMENT,1
tx26146_00013800,RAPID_MOVEMENT,1
tx26146_00013801,RAPID_MOVEMENT,1
tx26146_00013802,RAPID_MOVEMENT,1
tx26146_00013803,RAPID_MOVEMENT,1
tx26146_00013804,RAPID_MOVEMENT,1
tx26146_00013805,RAPID_MOVEMENT,1
tx26146_00013806,RAPID_MOVEMENT,1
tx26146_00013807,RAPID_MOVEMENT,1
tx26146_00013808,RAPID_MOVEMENT,1
tx26146_00013809,RAPID_MOVEMENT,1
tx26146_00013810,RAPID_MOVEMENT,1
tx26146_00013811,RAPID_MOVEMENT,1
tx26146_00013812,RAPID_MOVEMENT,1
tx26146_00013813,RAPID_MOVEMENT,1
tx26146_00013814,RAPID_MOVEMENT,1
tx26146_00013815,RAPID_MOVEMENT,1
tx26146_00013816,RAPID_MOVEMENT,1
tx26146_00013817,RAPID_MOVEMENT,1
tx26146_00013818,RAPID_MOVEMENT,1
tx26146_00013819,RAPID_MOVEMENT,1
tx26146_00013820,RAPID_MOVEMENT,1
tx26146_00013821,RAPID_MOVEMENT,1
tx26146_00013822,RAPID_MOVEMENT,1
tx26146_00013823,RAPID_MOVEMENT,1
tx26146_00013824,RAPID_MOVEMENT,1
tx26146_00013825,RAPID_MOVEMENT,1
tx26146_00013826,RAPID_MOVEMENT,1
tx26146_00013827,RAPID_MOVEMENT,1
tx26146_00013828,RAPID_MOVEMENT,1
tx26146_00013829,RAPID_MOVEMENT,1
tx26146_00013830,RAPID_MOVEMENT,1
tx26146_00013831,RAPID_MOVEMENT,1
tx26146_00013832,RAPID_MOVEMENT,1
tx26146_00013833,RAPID_MOVEMENT,1
tx26146_00013834,RAPID_MOVEMENT,1
tx26146_00013835,RAPID_MOVEMENT,1
tx26146_00013836,RAPID_MOVEMENT,1
tx26146_00013837,RAPID_MOVEMENT,1
tx26146_00013838,RAPID_MOVEMENT,1
tx26146_00013839,RAPID_MOVEMENT,1
tx26146_00013840,RAPID_MOVEMENT,1
tx26146_00013841,RAPID_MOVEMENT,1
tx26146_00013842,RAPID_MOVEMENT,1
tx26146_00013843,RAPID_MOVEMENT,1
tx26146_00013844,RAPID_MOVEMENT,1
tx26146_00013845,RAPID_MOVEMENT,1
tx26146_00013846,RAPID_MOVEMENT,1
tx26146_00013847,RAPID_MOVEMENT,1
tx26146_00013848,RAPID_MOVEMENT,1
tx26146_00013849,RAPID_MOVEMENT,1
tx26146_00013850,RAPID_MOVEMENT,1
tx26146_00013851,RAPID_MOVEMENT,1
tx26146_00013852,RAPID_MOVEMENT,1
tx26146_00013853,RAPID_MOVEMENT,1
tx26146_00013854,RAPID_MOVEMENT,1
tx26146_00013855,RAPID_MOVEMENT,1
tx26146_00013856,RAPID_MOVEMENT,1
tx26146_00013857,RAPID_MOVEMENT,1
tx26146_00013858,RAPID_MOVEMENT,1
tx26146_00013859,RAPID_MOVEMENT,1
tx26146_00013860,RAPID_MOVEMENT,1
tx26146_00013861,RAPID_MOVEMENT,1
tx26146_00013862,RAPID_MOVEMENT,1
tx26146_00013863,RAPID_MOVEMENT,1
tx26146_00013864,RAPID_MOVEMENT,1
tx26146_00013865,RAPID_MOVEMENT,1
tx26146_00013866,RAPID_MOVEMENT,1
tx26146_00013867,RAPID_MOVEMENT,1
tx26146_00013868,RAPID_MOVEMENT,1
tx26146_00013869,RAPID_MOVEMENT,1
tx26146_00013870,RAPID_MOVEMENT,1
tx26146_00013871,RAPID_MOVEMENT,1
tx26146_00013872,RAPID_MOVEMENT,1
tx26146_00013873,RAPID_MOVEMENT,1
tx26146_00013874,RAPID_MOVEMENT,1
tx26146_00013875,RAPID_MOVEMENT,1
tx26146_00013876,RAPID_MOVEMENT,1
tx26146_00013877,RAPID_MOVEMENT,1
tx26146_00013878,RAPID_MOVEMENT,1
tx26146_00013879,RAPID_MOVEMENT,1
tx26146_00013880,RAPID_MOVEMENT,1
tx26146_00013881,RAPID_MOVEMENT,1
tx26146_00013882,RAPID_MOVEMENT,1
tx26146_00013883,RAPID_MOVEMENT,1
tx26146_00013884,RAPID_MOVEMENT,1
tx26146_00013885,RAPID_MOVEMENT,1
tx26146_00013886,RAPID_MOVEMENT,1
tx26146_00013887,RAPID_MOVEMENT,1
tx26146_00013888,RAPID_MOVEMENT,1
tx26146_00013889,RAPID_MOVEMENT,1
tx26146_00013890,RAPID_MOVEMENT,1
tx26146_00013891,RAPID_MOVEMENT,1
tx26146_00013892,RAPID_MOVEMENT,1
tx26146_00013893,RAPID_MOVEMENT,1
tx26146_00013894,RAPID_MOVEMENT,1
tx26146_00013895,RAPID_MOVEMENT,1
tx26146_00013896,RAPID_MOVEMENT,1
tx26146_00013897,RAPID_MOVEMENT,1
tx26146_00013898,RAPID_MOVEMENT,1
tx26146_00013899,RAPID_MOVEMENT,1
tx26146_00013900,RAPID_MOVEMENT,1
tx26146_00013901,RAPID_MOVEMENT,1
tx26146_00013902,RAPID_MOVEMENT,1
tx26146_00013903,RAPID_MOVEMENT,1
tx26146_00013904,RAPID_MOVEMENT,1
tx26146_00013905,RAPID_MOVEMENT,1
tx26146_00013906,RAPID_MOVEMENT,1
tx26146_00013907,RAPID_MOVEMENT,1
tx26146_00013908,RAPID_MOVEMENT,1
tx26146_00013909,RAPID_MOVEMENT,1
tx26146_00013910,RAPID_MOVEMENT,1
tx26146_00013911,RAPID_MOVEMENT,1
tx26146_00013912,RAPID_MOVEMENT,1
tx26146_00013913,RAPID_MOVEMENT,1
tx26146_00013914,RAPID_MOVEMENT,1
tx26146_00013915,RAPID_MOVEMENT,1
tx26146_00013916,RAPID_MOVEMENT,1
tx26146_00013917,RAPID_MOVEMENT,1
tx26146_00013918,RAPID_MOVEMENT,1
tx26146_00013919,RAPID_MOVEMENT,1
tx26146_00013920,RAPID_MOVEMENT,1
tx26146_00013921,RAPID_MOVEMENT,1
tx26146_00013922,RAPID_MOVEMENT,1
tx26146_00013923,RAPID_MOVEMENT,1
tx26146_00013924,RAPID_MOVEMENT,1
tx26146_00013925,RAPID_MOVEMENT,1
tx26146_00013926,RAPID_MOVEMENT,1
tx26146_00013927,RAPID_MOVEMENT,1
tx26146_00013928,RAPID_MOVEMENT,1
tx26146_00013929,RAPID_MOVEMENT,1
tx26146_00013930,RAPID_MOVEMENT,1
tx26146_00013931,RAPID_MOVEMENT,1
tx26146_00013932,RAPID_MOVEMENT,1
tx26146_00013933,RAPID_MOVEMENT,1
tx26146_00013934,RAPID_MOVEMENT,1
tx26146_00013935,RAPID_MOVEMENT,1
tx26146_00013936,RAPID_MOVEMENT,1
tx26146_00013937,RAPID_MOVEMENT,1
tx26146_00013938,RAPID_MOVEMENT,1
tx26146_00013939,RAPID_MOVEMENT,1
tx26146_00013940,RAPID_MOVEMENT,1
tx26146_00013941,RAPID_MOVEMENT,1
tx26146_00013942,RAPID_MOVEMENT,1
tx26146_00013943,RAPID_MOVEMENT,1
tx26146_00013944,RAPID_MOVEMENT,1
tx26146_00013945,RAPID_MOVEMENT,1
tx26146_00013946,RAPID_MOVEMENT,1
tx26146_00013947,RAPID_MOVEMENT,1
tx26146_00013948,RAPID_MOVEMENT,1
tx26146_00013949,RAPID_MOVEMENT,1
tx26146_00013950,RAPID_MOVEMENT,1
tx26146_00013951,RAPID_MOVEMENT,1
tx26146_00013952,RAPID_MOVEMENT,1
tx26146_00013953,RAPID_MOVEMENT,1
tx26146_00013954,RAPID_MOVEMENT,1
tx26146_00013955,RAPID_MOVEMENT,1
tx26146_00013956,RAPID_MOVEMENT,1
tx26146_00013957,RAPID_MOVEMENT,1
tx26146_00013958,RAPID_MOVEMENT,1
tx26146_00013959,RAPID_MOVEMENT,1
tx26146_00013960,RAPID_MOVEMENT,1
tx26146_00013961,RAPID_MOVEMENT,1
tx26146_00013962,RAPID_MOVEMENT,1
tx26146_00013963,RAPID_MOVEMENT,1
tx26146_00013964,RAPID_MOVEMENT,1
tx26146_00013965,RAPID_MOVEMENT,1
tx26146_00013966,RAPID_MOVEMENT,1
tx26146_00013967,RAPID_MOVEMENT,1
tx26146_00013968,RAPID_MOVEMENT,1
tx26146_00013969,RAPID_MOVEMENT,1
tx26146_00013970,RAPID_MOVEMENT,1
tx26146_00013971,RAPID_MOVEMENT,1
tx26146_00013972,RAPID_MOVEMENT,1
tx26146_00013973,RAPID_MOVEMENT,1
tx26146_00013974,RAPID_MOVEMENT,1
tx26146_00013975,RAPID_MOVEMENT,1
tx26146_00013976,RAPID_MOVEMENT,1
tx26146_00013977,RAPID_MOVEMENT,1
tx26146_00013978,RAPID_MOVEMENT,1
tx26146_00013979,RAPID_MOVEMENT,1
tx26146_00013980,RAPID_MOVEMENT,1
tx26146_00013981,RAPID_MOVEMENT,1
tx26146_00013982,RAPID_MOVEMENT,1
tx26146_00013983,RAPID_MOVEMENT,1
tx26146_00013984,RAPID_MOVEMENT,1
tx26146_00013985,RAPID_MOVEMENT,1
tx26146_00013986,RAPID_MOVEMENT,1
tx26146_00013987,RAPID_MOVEMENT,1
tx26146_00013988,RAPID_MOVEMENT,1
tx26146_00013989,RAPID_MOVEMENT,1
tx26146_00013990,RAPID_MOVEMENT,1
tx26146_00013991,RAPID_MOVEMENT,1
tx26146_00013992,RAPID_MOVEMENT,1
tx26146_00013993,RAPID_MOVEMENT,1
tx26146_00013994,RAPID_MOVEMENT,1
tx26146_00013995,RAPID_MOVEMENT,1
tx26146_00013996,RAPID_MOVEMENT,1
tx26146_00013997,RAPID_MOVEMENT,1
tx26146_00013998,RAPID_MOVEMENT,1
tx26146_00013999,RAPID_MOVEMENT,1
tx26146_00014000,RAPID_MOVEMENT,1
tx26146_00014001,RAPID_MOVEMENT,1
tx26146_00014002,RAPID_MOVEMENT,1
tx26146_00014003,RAPID_MOVEMENT,1
tx26146_00014004,RAPID_MOVEMENT,1
tx26146_00014005,RAPID_MOVEMENT,1
tx26146_00014006,RAPID_MOVEMENT,1
tx26146_00014007,RAPID_MOVEMENT,1
tx26146_00014008,RAPID_MOVEMENT,1
tx26146_00014009,RAPID_MOVEMENT,1
tx26146_00014010,RAPID_MOVEMENT,1
tx26146_00014011,RAPID_MOVEMENT,1
tx26146_00014012,RAPID_MOVEMENT,1
tx26146_00014013,RAPID_MOVEMENT,1
tx26146_00014014,RAPID_MOVEMENT,1
tx26146_00014015,RAPID_MOVEMENT,1
tx26146_00014016,RAPID_MOVEMENT,1
tx26146_00014017,RAPID_MOVEMENT,1
tx26146_00014018,RAPID_MOVEMENT,1
tx26146_00014019,RAPID_MOVEMENT,1
tx26146_00014020,RAPID_MOVEMENT,1
tx26146_00014021,RAPID_MOVEMENT,1
tx26146_00014022,RAPID_MOVEMENT,1
tx26146_00014023,RAPID_MOVEMENT,1
tx26146_00014024,RAPID_MOVEMENT,1
tx26146_00014025,RAPID_MOVEMENT,1
tx26146_00014026,RAPID_MOVEMENT,1
tx26146_00014027,RAPID_MOVEMENT,1
tx26146_00014028,RAPID_MOVEMENT,1
tx26146_00014029,RAPID_MOVEMENT,1
tx26146_00014030,RAPID_MOVEMENT,1
tx26146_00014031,RAPID_MOVEMENT,1
tx26146_00014032,RAPID_MOVEMENT,1
tx26146_00014033,RAPID_MOVEMENT,1
tx26146_00014034,RAPID_MOVEMENT,1
tx26146_00014035,RAPID_MOVEMENT,1
tx26146_00014036,RAPID_MOVEMENT,1
tx26146_00014037,RAPID_MOVEMENT,1
tx26146_00014038,RAPID_MOVEMENT,1
tx26146_00014039,RAPID_MOVEMENT,1
tx26146_00014040,RAPID_MOVEMENT,1
tx26146_00014041,RAPID_MOVEMENT,1
tx26146_00014042,RAPID_MOVEMENT,1
tx26146_00014043,RAPID_MOVEMENT,1
tx26146_00014044,RAPID_MOVEMENT,1
tx26146_00014045,RAPID_MOVEMENT,1
tx26146_00014046,RAPID_MOVEMENT,1
tx26146_00014047,RAPID_MOVEMENT,1
tx26146_00014048,RAPID_MOVEMENT,1
tx26146_00014049,RAPID_MOVEMENT,1
tx26146_00014050,RAPID_MOVEMENT,1
tx26146_00014051,RAPID_MOVEMENT,1
tx26146_00014052,RAPID_MOVEMENT,1
tx26146_00014053,RAPID_MOVEMENT,1
tx26146_00014054,RAPID_MOVEMENT,1
tx26146_00014055,RAPID_MOVEMENT,1
tx26146_00014056,RAPID_MOVEMENT,1
tx26146_00014057,RAPID_MOVEMENT,1
tx26146_00014058,RAPID_MOVEMENT,1
tx26146_00014059,RAPID_MOVEMENT,1
tx26146_00014060,RAPID_MOVEMENT,1
tx26146_00014061,RAPID_MOVEMENT,1
tx26146_00014062,RAPID_MOVEMENT,1
tx26146_00014063,RAPID_MOVEMENT,1
tx26146_00014064,RAPID_MOVEMENT,1
tx26146_00014065,RAPID_MOVEMENT,1
tx26146_00014066,RAPID_MOVEMENT,1
tx26146_00014067,RAPID_MOVEMENT,1
tx26146_00014068,RAPID_MOVEMENT,1
tx26146_00014069,RAPID_MOVEMENT,1
tx26146_00014070,RAPID_MOVEMENT,1
tx26146_00014071,RAPID_MOVEMENT,1
tx26146_00014072,RAPID_MOVEMENT,1
tx26146_00014073,RAPID_MOVEMENT,1
tx26146_00014074,RAPID_MOVEMENT,1
tx26146_00014075,RAPID_MOVEMENT,1
tx26146_00014076,RAPID_MOVEMENT,1
tx26146_00014077,RAPID_MOVEMENT,1
tx26146_00014078,RAPID_MOVEMENT,1
tx26146_00014079,RAPID_MOVEMENT,1
tx26146_00014080,RAPID_MOVEMENT,1
tx26146_00014081,RAPID_MOVEMENT,1
tx26146_00014082,RAPID_MOVEMENT,1
tx26146_00014083,RAPID_MOVEMENT,1
tx26146_00014084,RAPID_MOVEMENT,1
tx26146_00014085,RAPID_MOVEMENT,1
tx26146_00014086,RAPID_MOVEMENT,1
tx26146_00014087,RAPID_MOVEMENT,1
tx26146_00014088,RAPID_MOVEMENT,1
tx26146_00014089,RAPID_MOVEMENT,1
tx26146_00014090,RAPID_MOVEMENT,1
tx26146_00014091,RAPID_MOVEMENT,1
tx26146_00014092,RAPID_MOVEMENT,1
tx26146_00014093,RAPID_MOVEMENT,1
tx26146_00014094,RAPID_MOVEMENT,1
tx26146_00014095,RAPID_MOVEMENT,1
tx26146_00014096,RAPID_MOVEMENT,1
tx26146_00014097,RAPID_MOVEMENT,1
tx26146_00014098,RAPID_MOVEMENT,1
tx26146_00014099,RAPID_MOVEMENT,1
tx26146_00014100,RAPID_MOVEMENT,1
tx26146_00014101,RAPID_MOVEMENT,1
tx26146_00014102,RAPID_MOVEMENT,1
tx26146_00014103,RAPID_MOVEMENT,1
tx26146_00014104,RAPID_MOVEMENT,1
tx26146_00014105,RAPID_MOVEMENT,1
tx26146_00014106,RAPID_MOVEMENT,1
tx26146_00014107,RAPID_MOVEMENT,1
tx26146_00014108,RAPID_MOVEMENT,1
tx26146_00014109,RAPID_MOVEMENT,1
tx26146_00014110,RAPID_MOVEMENT,1
tx26146_00014111,RAPID_MOVEMENT,1
tx26146_00014112,RAPID_MOVEMENT,1
tx26146_00014113,RAPID_MOVEMENT,1
tx26146_00014114,RAPID_MOVEMENT,1
tx26146_00014115,RAPID_MOVEMENT,1
tx26146_00014116,RAPID_MOVEMENT,1
tx26146_00014117,RAPID_MOVEMENT,1
tx26146_00014118,RAPID_MOVEMENT,1
tx26146_00014119,RAPID_MOVEMENT,1
tx26146_00014120,RAPID_MOVEMENT,1
tx26146_00014121,RAPID_MOVEMENT,1
tx26146_00014122,RAPID_MOVEMENT,1
tx26146_00014123,RAPID_MOVEMENT,1
tx26146_00014124,RAPID_MOVEMENT,1
tx26146_00014125,RAPID_MOVEMENT,1
tx26146_00014126,RAPID_MOVEMENT,1
tx26146_00014127,RAPID_MOVEMENT,1
tx26146_00014128,RAPID_MOVEMENT,1
tx26146_00014129,RAPID_MOVEMENT,1
tx26146_00014130,RAPID_MOVEMENT,1
tx26146_00014131,RAPID_MOVEMENT,1
tx26146_00014132,RAPID_MOVEMENT,1
tx26146_00014133,RAPID_MOVEMENT,1
tx26146_00014134,RAPID_MOVEMENT,1
tx26146_00014135,RAPID_MOVEMENT,1
tx26146_00014136,RAPID_MOVEMENT,1
tx26146_00014137,RAPID_MOVEMENT,1
tx26146_00014138,RAPID_MOVEMENT,1
tx26146_00014139,RAPID_MOVEMENT,1
tx26146_00014140,RAPID_MOVEMENT,1
tx26146_00014141,RAPID_MOVEMENT,1
tx26146_00014142,RAPID_MOVEMENT,1
tx26146_00014143,RAPID_MOVEMENT,1
tx26146_00014144,RAPID_MOVEMENT,1
tx26146_00014145,RAPID_MOVEMENT,1
tx26146_00014146,RAPID_MOVEMENT,1
tx26146_00014147,RAPID_MOVEMENT,1
tx26146_00014148,RAPID_MOVEMENT,1
tx26146_00014149,RAPID_MOVEMENT,1
tx26146_00014150,RAPID_MOVEMENT,1
tx26146_00014151,RAPID_MOVEMENT,1
tx26146_00014152,RAPID_MOVEMENT,1
tx26146_00014153,RAPID_MOVEMENT,1
tx26146_00014154,RAPID_MOVEMENT,1
tx26146_00014155,RAPID_MOVEMENT,1
tx26146_00014156,RAPID_MOVEMENT,1
tx26146_00014157,RAPID_MOVEMENT,1
tx26146_00014158,RAPID_MOVEMENT,1
tx26146_00014159,RAPID_MOVEMENT,1
tx26146_00014160,RAPID_MOVEMENT,1
tx26146_00014161,RAPID_MOVEMENT,1
tx26146_00014162,RAPID_MOVEMENT,1
tx26146_00014163,RAPID_MOVEMENT,1
tx26146_00014164,RAPID_MOVEMENT,1
tx26146_00014165,RAPID_MOVEMENT,1
tx26146_00014166,RAPID_MOVEMENT,1
tx26146_00014167,RAPID_MOVEMENT,1
tx26146_00014168,RAPID_MOVEMENT,1
tx26146_00014169,RAPID_MOVEMENT,1
tx26146_00014170,RAPID_MOVEMENT,1
tx26146_00014171,RAPID_MOVEMENT,1
tx26146_00014172,RAPID_MOVEMENT,1
tx26146_00014173,RAPID_MOVEMENT,1
tx26146_00014174,RAPID_MOVEMENT,1
tx26146_00014175,RAPID_MOVEMENT,1
tx26146_00014176,RAPID_MOVEMENT,1
tx26146_00014177,RAPID_MOVEMENT,1
tx26146_00014178,RAPID_MOVEMENT,1
tx26146_00014179,RAPID_MOVEMENT,1
tx26146_00014180,RAPID_MOVEMENT,1
tx26146_00014181,RAPID_MOVEMENT,1
tx26146_00014182,RAPID_MOVEMENT,1
tx26146_00014183,RAPID_MOVEMENT,1
tx26146_00014184,RAPID_MOVEMENT,1
tx26146_00014185,RAPID_MOVEMENT,1
tx26146_00014186,RAPID_MOVEMENT,1
tx26146_00014187,RAPID_MOVEMENT,1
tx26146_00014188,RAPID_MOVEMENT,1
tx26146_00014189,RAPID_MOVEMENT,1
tx26146_00014190,RAPID_MOVEMENT,1
tx26146_00014191,RAPID_MOVEMENT,1
tx26146_00014192,RAPID_MOVEMENT,1
tx26146_00014193,RAPID_MOVEMENT,1
tx26146_00014194,RAPID_MOVEMENT,1
tx26146_00014195,RAPID_MOVEMENT,1
tx26146_00014196,RAPID_MOVEMENT,1
tx26146_00014197,RAPID_MOVEMENT,1
tx26146_00014198,RAPID_MOVEMENT,1
tx26146_00014199,RAPID_MOVEMENT,1
tx26146_00014200,RAPID_MOVEMENT,1
tx26146_00014201,RAPID_MOVEMENT,1
tx26146_00014202,RAPID_MOVEMENT,1
tx26146_00014203,RAPID_MOVEMENT,1
tx26146_00014204,RAPID_MOVEMENT,1
tx26146_00014205,RAPID_MOVEMENT,1
tx26146_00014206,RAPID_MOVEMENT,1
tx26146_00014207,RAPID_MOVEMENT,1
tx26146_00014208,RAPID_MOVEMENT,1
tx26146_00014209,RAPID_MOVEMENT,1
tx26146_00014210,RAPID_MOVEMENT,1
tx26146_00014211,RAPID_MOVEMENT,1
tx26146_00014212,RAPID_MOVEMENT,1
tx26146_00014213,RAPID_MOVEMENT,1
tx26146_00014214,RAPID_MOVEMENT,1
tx26146_00014215,RAPID_MOVEMENT,1
tx26146_00014216,RAPID_MOVEMENT,1
tx26146_00014217,RAPID_MOVEMENT,1
tx26146_00014218,RAPID_MOVEMENT,1
tx26146_00014219,RAPID_MOVEMENT,1
tx26146_00014220,RAPID_MOVEMENT,1
tx26146_00014221,RAPID_MOVEMENT,1
tx26146_00014222,RAPID_MOVEMENT,1
tx26146_00014223,RAPID_MOVEMENT,1
tx26146_00014224,RAPID_MOVEMENT,1
tx26146_00014225,RAPID_MOVEMENT,1
tx26146_00014226,RAPID_MOVEMENT,1
tx26146_00014227,RAPID_MOVEMENT,1
tx26146_00014228,RAPID_MOVEMENT,1
tx26146_00014229,RAPID_MOVEMENT,1
tx26146_00014230,RAPID_MOVEMENT,1
tx26146_00014231,RAPID_MOVEMENT,1
tx26146_00014232,RAPID_MOVEMENT,1
tx26146_00014233,RAPID_MOVEMENT,1
tx26146_00014234,RAPID_MOVEMENT,1
tx26146_00014235,RAPID_MOVEMENT,1
tx26146_00014236,RAPID_MOVEMENT,1
tx26146_00014237,RAPID_MOVEMENT,1
tx26146_00014238,RAPID_MOVEMENT,1
tx26146_00014239,RAPID_MOVEMENT,1
tx26146_00014240,RAPID_MOVEMENT,1
tx26146_00014241,RAPID_MOVEMENT,1
tx26146_00014242,RAPID_MOVEMENT,1
tx26146_00014243,RAPID_MOVEMENT,1
tx26146_00014244,RAPID_MOVEMENT,1
tx26146_00014245,RAPID_MOVEMENT,1
tx26146_00014246,RAPID_MOVEMENT,1
tx26146_00014247,RAPID_MOVEMENT,1
tx26146_00014248,RAPID_MOVEMENT,1
tx26146_00014249,RAPID_MOVEMENT,1
tx26146_00014250,RAPID_MOVEMENT,1
tx26146_00014251,RAPID_MOVEMENT,1
tx26146_00014252,RAPID_MOVEMENT,1
tx26146_00014253,RAPID_MOVEMENT,1
tx26146_00014254,RAPID_MOVEMENT,1
tx26146_00014255,RAPID_MOVEMENT,1
tx26146_00014256,RAPID_MOVEMENT,1
tx26146_00014257,RAPID_MOVEMENT,1
tx26146_00014258,RAPID_MOVEMENT,1
tx26146_00014259,RAPID_MOVEMENT,1
tx26146_00014260,RAPID_MOVEMENT,1
tx26146_00014261,RAPID_MOVEMENT,1
tx26146_00014262,RAPID_MOVEMENT,1
tx26146_00014263,RAPID_MOVEMENT,1
tx26146_00014264,RAPID_MOVEMENT,1
tx26146_00014265,RAPID_MOVEMENT,1
tx26146_00014266,RAPID_MOVEMENT,1
tx26146_00014267,RAPID_MOVEMENT,1
tx26146_00014268,RAPID_MOVEMENT,1
tx26146_00014269,RAPID_MOVEMENT,1
tx26146_00014270,RAPID_MOVEMENT,1
tx26146_00014271,RAPID_MOVEMENT,1
tx26146_00014272,RAPID_MOVEMENT,1
tx26146_00014273,RAPID_MOVEMENT,1
tx26146_00014274,RAPID_MOVEMENT,1
tx26146_00014275,RAPID_MOVEMENT,1
tx26146_00014276,RAPID_MOVEMENT,1
tx26146_00014277,RAPID_MOVEMENT,1
tx26146_00014278,RAPID_MOVEMENT,1
tx26146_00014279,RAPID_MOVEMENT,1
tx26146_00014280,RAPID_MOVEMENT,1
tx26146_00014281,RAPID_MOVEMENT,1
tx26146_00014282,RAPID_MOVEMENT,1
tx26146_00014283,RAPID_MOVEMENT,1
tx26146_00014284,RAPID_MOVEMENT,1
tx26146_00014285,RAPID_MOVEMENT,1
tx26146_00014286,RAPID_MOVEMENT,1
tx26146_00014287,RAPID_MOVEMENT,1
tx26146_00014288,RAPID_MOVEMENT,1
tx26146_00014289,RAPID_MOVEMENT,1
tx26146_00014290,RAPID_MOVEMENT,1
tx26146_00014291,RAPID_MOVEMENT,1
tx26146_00014292,RAPID_MOVEMENT,1
tx26146_00014293,RAPID_MOVEMENT,1
tx26146_00014294,RAPID_MOVEMENT,1
tx26146_00014295,RAPID_MOVEMENT,1
tx26146_00014296,RAPID_MOVEMENT,1
tx26146_00014297,RAPID_MOVEMENT,1
tx26146_00014298,RAPID_MOVEMENT,1
tx26146_00014299,RAPID_MOVEMENT,1
tx26146_00014300,RAPID_MOVEMENT,1
tx26146_00014301,RAPID_MOVEMENT,1
tx26146_00014302,RAPID_MOVEMENT,1
tx26146_00014303,RAPID_MOVEMENT,1
tx26146_00014304,RAPID_MOVEMENT,1
tx26146_00014305,RAPID_MOVEMENT,1
tx26146_00014306,RAPID_MOVEMENT,1
tx26146_00014307,RAPID_MOVEMENT,1
tx26146_00014308,RAPID_MOVEMENT,1
tx26146_00014309,RAPID_MOVEMENT,1
tx26146_00014310,RAPID_MOVEMENT,1
tx26146_00014311,RAPID_MOVEMENT,1
tx26146_00014312,RAPID_MOVEMENT,1
tx26146_00014313,RAPID_MOVEMENT,1
tx26146_00014314,RAPID_MOVEMENT,1
tx26146_00014315,RAPID_MOVEMENT,1
tx26146_00014316,RAPID_MOVEMENT,1
tx26146_00014317,RAPID_MOVEMENT,1
tx26146_00014318,RAPID_MOVEMENT,1
tx26146_00014319,RAPID_MOVEMENT,1
tx26146_00014320,RAPID_MOVEMENT,1
tx26146_00014321,RAPID_MOVEMENT,1
tx26146_00014322,RAPID_MOVEMENT,1
tx26146_00014323,RAPID_MOVEMENT,1
tx26146_00014324,RAPID_MOVEMENT,1
tx26146_00014325,RAPID_MOVEMENT,1
tx26146_00014326,RAPID_MOVEMENT,1
tx26146_00014327,RAPID_MOVEMENT,1
tx26146_00014328,RAPID_MOVEMENT,1
tx26146_00014329,RAPID_MOVEMENT,1
tx26146_00014330,RAPID_MOVEMENT,1
tx26146_00014331,RAPID_MOVEMENT,1
tx26146_00014332,RAPID_MOVEMENT,1
tx26146_00014333,RAPID_MOVEMENT,1
tx26146_00014334,RAPID_MOVEMENT,1
tx26146_00014335,RAPID_MOVEMENT,1
tx26146_00014336,RAPID_MOVEMENT,1
tx26146_00014337,RAPID_MOVEMENT,1
tx26146_00014338,RAPID_MOVEMENT,1
tx26146_00014339,RAPID_MOVEMENT,1
tx26146_00014340,RAPID_MOVEMENT,1
tx26146_00014341,RAPID_MOVEMENT,1
tx26146_00014342,RAPID_MOVEMENT,1
tx26146_00014343,RAPID_MOVEMENT,1
tx26146_00014344,RAPID_MOVEMENT,1
tx26146_00014345,RAPID_MOVEMENT,1
tx26146_00014346,RAPID_MOVEMENT,1
tx26146_00014347,RAPID_MOVEMENT,1
tx26146_00014348,RAPID_MOVEMENT,1
tx26146_00014349,RAPID_MOVEMENT,1
tx26146_00014350,RAPID_MOVEMENT,1
tx26146_00014351,RAPID_MOVEMENT,1
tx26146_00014352,RAPID_MOVEMENT,1
tx26146_00014353,RAPID_MOVEMENT,1
tx26146_00014354,RAPID_MOVEMENT,1
tx26146_00014355,RAPID_MOVEMENT,1
tx26146_00014356,RAPID_MOVEMENT,1
tx26146_00014357,RAPID_MOVEMENT,1
tx26146_00014358,RAPID_MOVEMENT,1
tx26146_00014359,RAPID_MOVEMENT,1
tx26146_00014360,RAPID_MOVEMENT,1
tx26146_00014361,RAPID_MOVEMENT,1
tx26146_00014362,RAPID_MOVEMENT,1
tx26146_00014363,RAPID_MOVEMENT,1
tx26146_00014364,RAPID_MOVEMENT,1
tx26146_00014365,RAPID_MOVEMENT,1
tx26146_00014366,RAPID_MOVEMENT,1
tx26146_00014367,RAPID_MOVEMENT,1
tx26146_00014368,RAPID_MOVEMENT,1
tx26146_00014369,RAPID_MOVEMENT,1
tx26146_00014370,RAPID_MOVEMENT,1
tx26146_00014371,RAPID_MOVEMENT,1
tx26146_00014372,RAPID_MOVEMENT,1
tx26146_00014373,RAPID_MOVEMENT,1
tx26146_00014374,RAPID_MOVEMENT,1
tx26146_00014375,RAPID_MOVEMENT,1
tx26146_00014376,RAPID_MOVEMENT,1
tx26146_00014377,RAPID_MOVEMENT,1
tx26146_00014378,RAPID_MOVEMENT,1
tx26146_00014379,RAPID_MOVEMENT,1
tx26146_00014380,RAPID_MOVEMENT,1
tx26146_00014381,RAPID_MOVEMENT,1
tx26146_00014382,RAPID_MOVEMENT,1
tx26146_00014383,RAPID_MOVEMENT,1
tx26146_00014384,RAPID_MOVEMENT,1
tx26146_00014385,RAPID_MOVEMENT,1
tx26146_00014386,RAPID_MOVEMENT,1
tx26146_00014387,RAPID_MOVEMENT,1
tx26146_00014388,RAPID_MOVEMENT,1
tx26146_00014389,RAPID_MOVEMENT,1
tx26146_00014390,RAPID_MOVEMENT,1
tx26146_00014391,RAPID_MOVEMENT,1
tx26146_00014392,RAPID_MOVEMENT,1
tx26146_00014393,RAPID_MOVEMENT,1
tx26146_00014394,RAPID_MOVEMENT,1
tx26146_00014395,RAPID_MOVEMENT,1
tx26146_00014396,RAPID_MOVEMENT,1
tx26146_00014397,RAPID_MOVEMENT,1
tx26146_00014398,RAPID_MOVEMENT,1
tx26146_00014399,RAPID_MOVEMENT,1
tx26146_00014400,RAPID_MOVEMENT,1
tx26146_00014401,RAPID_MOVEMENT,1
tx26146_00014402,RAPID_MOVEMENT,1
tx26146_00014403,RAPID_MOVEMENT,1
tx26146_00014404,RAPID_MOVEMENT,1
tx26146_00014405,RAPID_MOVEMENT,1
tx26146_00014406,RAPID_MOVEMENT,1
tx26146_00014407,RAPID_MOVEMENT,1
tx26146_00014408,RAPID_MOVEMENT,1
tx26146_00014409,RAPID_MOVEMENT,1
tx26146_00014410,RAPID_MOVEMENT,1
tx26146_00014411,RAPID_MOVEMENT,1
tx26146_00014412,RAPID_MOVEMENT,1
tx26146_00014413,RAPID_MOVEMENT,1
tx26146_00014414,RAPID_MOVEMENT,1
tx26146_00014415,RAPID_MOVEMENT,1
tx26146_00014416,RAPID_MOVEMENT,1
tx26146_00014417,RAPID_MOVEMENT,1
tx26146_00014418,RAPID_MOVEMENT,1
tx26146_00014419,RAPID_MOVEMENT,1
tx26146_00014420,RAPID_MOVEMENT,1
tx26146_00014421,RAPID_MOVEMENT,1
tx26146_00014422,RAPID_MOVEMENT,1
tx26146_00014423,RAPID_MOVEMENT,1
tx26146_00014424,RAPID_MOVEMENT,1
tx26146_00014425,RAPID_MOVEMENT,1
tx26146_00014426,RAPID_MOVEMENT,1
tx26146_00014427,RAPID_MOVEMENT,1
tx26146_00014428,RAPID_MOVEMENT,1
tx26146_00014429,RAPID_MOVEMENT,1
tx26146_00014430,RAPID_MOVEMENT,1
tx26146_00014431,RAPID_MOVEMENT,1
tx26146_00014432,RAPID_MOVEMENT,1
tx26146_00014433,RAPID_MOVEMENT,1
tx26146_00014434,RAPID_MOVEMENT,1
tx26146_00014435,RAPID_MOVEMENT,1
tx26146_00014436,RAPID_MOVEMENT,1
tx26146_00014437,RAPID_MOVEMENT,1
tx26146_00014438,RAPID_MOVEMENT,1
tx26146_00014439,RAPID_MOVEMENT,1
tx26146_00014440,RAPID_MOVEMENT,1
tx26146_00014441,RAPID_MOVEMENT,1
tx26146_00014442,RAPID_MOVEMENT,1
tx26146_00014443,RAPID_MOVEMENT,1
tx26146_00014444,RAPID_MOVEMENT,1
tx26146_00014445,RAPID_MOVEMENT,1
tx26146_00014446,RAPID_MOVEMENT,1
tx26146_00014447,RAPID_MOVEMENT,1
tx26146_00014448,RAPID_MOVEMENT,1
tx26146_00014449,RAPID_MOVEMENT,1
tx26146_00014450,RAPID_MOVEMENT,1
tx26146_00014451,RAPID_MOVEMENT,1
tx26146_00014452,RAPID_MOVEMENT,1
tx26146_00014453,RAPID_MOVEMENT,1
tx26146_00014454,RAPID_MOVEMENT,1
tx26146_00014455,RAPID_MOVEMENT,1
tx26146_00014456,RAPID_MOVEMENT,1
tx26146_00014457,RAPID_MOVEMENT,1
tx26146_00014458,RAPID_MOVEMENT,1
tx26146_00014459,RAPID_MOVEMENT,1
tx26146_00014460,RAPID_MOVEMENT,1
tx26146_00014461,RAPID_MOVEMENT,1
tx26146_00014462,RAPID_MOVEMENT,1
tx26146_00014463,RAPID_MOVEMENT,1
tx26146_00014464,RAPID_MOVEMENT,1
tx26146_00014465,RAPID_MOVEMENT,1
tx26146_00014466,RAPID_MOVEMENT,1
tx26146_00014467,RAPID_MOVEMENT,1
tx26146_00014468,RAPID_MOVEMENT,1
tx26146_00014469,RAPID_MOVEMENT,1
tx26146_00014470,RAPID_MOVEMENT,1
tx26146_00014471,RAPID_MOVEMENT,1
tx26146_00014472,RAPID_MOVEMENT,1
tx26146_00014473,RAPID_MOVEMENT,1
tx26146_00014474,RAPID_MOVEMENT,1
tx26146_00014475,RAPID_MOVEMENT,1
tx26146_00014476,RAPID_MOVEMENT,1
tx26146_00014477,RAPID_MOVEMENT,1
tx26146_00014478,RAPID_MOVEMENT,1
tx26146_00014479,RAPID_MOVEMENT,1
tx26146_00014480,RAPID_MOVEMENT,1
tx26146_00014481,RAPID_MOVEMENT,1
tx26146_00014482,RAPID_MOVEMENT,1
tx26146_00014483,RAPID_MOVEMENT,1
tx26146_00014484,RAPID_MOVEMENT,1
tx26146_00014485,RAPID_MOVEMENT,1
tx26146_00014486,RAPID_MOVEMENT,1
tx26146_00014487,RAPID_MOVEMENT,1
tx26146_00014488,RAPID_MOVEMENT,1
tx26146_00014489,RAPID_MOVEMENT,1
tx26146_00014490,RAPID_MOVEMENT,1
tx26146_00014491,RAPID_MOVEMENT,1
tx26146_00014492,RAPID_MOVEMENT,1
tx26146_00014493,RAPID_MOVEMENT,1
tx26146_00014494,RAPID_MOVEMENT,1
tx26146_00014495,RAPID_MOVEMENT,1
tx26146_00014496,RAPID_MOVEMENT,1
tx26146_00014497,RAPID_MOVEMENT,1
tx26146_00014498,RAPID_MOVEMENT,1
tx26146_00014499,RAPID_MOVEMENT,1
tx26146_00014500,RAPID_MOVEMENT,1
tx26146_00014501,RAPID_MOVEMENT,1
tx26146_00014502,RAPID_MOVEMENT,1
tx26146_00014503,RAPID_MOVEMENT,1
tx26146_00014504,RAPID_MOVEMENT,1
tx26146_00014505,RAPID_MOVEMENT,1
tx26146_00014506,RAPID_MOVEMENT,1
tx26146_00014507,RAPID_MOVEMENT,1
tx26146_00014508,RAPID_MOVEMENT,1
tx26146_00014509,RAPID_MOVEMENT,1
tx26146_00014510,RAPID_MOVEMENT,1
tx26146_00014511,RAPID_MOVEMENT,1
tx26146_00014512,RAPID_MOVEMENT,1
tx26146_00014513,RAPID_MOVEMENT,1
tx26146_00014514,RAPID_MOVEMENT,1
tx26146_00014515,RAPID_MOVEMENT,1
tx26146_00014516,RAPID_MOVEMENT,1
tx26146_00014517,RAPID_MOVEMENT,1
tx26146_00014518,RAPID_MOVEMENT,1
tx26146_00014519,RAPID_MOVEMENT,1
tx26146_00014520,RAPID_MOVEMENT,1
tx26146_00014521,RAPID_MOVEMENT,1
tx26146_00014522,RAPID_MOVEMENT,1
tx26146_00014523,RAPID_MOVEMENT,1
tx26146_00014524,RAPID_MOVEMENT,1
tx26146_00014525,RAPID_MOVEMENT,1
tx26146_00014526,RAPID_MOVEMENT,1
tx26146_00014527,RAPID_MOVEMENT,1
tx26146_00014528,RAPID_MOVEMENT,1
tx26146_00014529,RAPID_MOVEMENT,1
tx26146_00014530,RAPID_MOVEMENT,1
tx26146_00014531,RAPID_MOVEMENT,1
tx26146_00014532,RAPID_MOVEMENT,1
tx26146_00014533,RAPID_MOVEMENT,1
tx26146_00014534,RAPID_MOVEMENT,1
tx26146_00014535,RAPID_MOVEMENT,1
tx26146_00014536,RAPID_MOVEMENT,1
tx26146_00014537,RAPID_MOVEMENT,1
tx26146_00014538,RAPID_MOVEMENT,1
tx26146_00014539,RAPID_MOVEMENT,1
tx26146_00014540,RAPID_MOVEMENT,1
tx26146_00014541,RAPID_MOVEMENT,1
tx26146_00014542,RAPID_MOVEMENT,1
tx26146_00014543,RAPID_MOVEMENT,1
tx26146_00014544,RAPID_MOVEMENT,1
tx26146_00014545,RAPID_MOVEMENT,1
tx26146_00014546,RAPID_MOVEMENT,1
tx26146_00014547,RAPID_MOVEMENT,1
tx26146_00014548,RAPID_MOVEMENT,1
tx26146_00014549,RAPID_MOVEMENT,1
tx26146_00014550,RAPID_MOVEMENT,1
tx26146_00014551,RAPID_MOVEMENT,1
tx26146_00014552,RAPID_MOVEMENT,1
tx26146_00014553,RAPID_MOVEMENT,1
tx26146_00014554,RAPID_MOVEMENT,1
tx26146_00014555,RAPID_MOVEMENT,1
tx26146_00014556,RAPID_MOVEMENT,1
tx26146_00014557,RAPID_MOVEMENT,1
tx26146_00014558,RAPID_MOVEMENT,1
tx26146_00014559,RAPID_MOVEMENT,1
tx26146_00014560,RAPID_MOVEMENT,1
tx26146_00014561,RAPID_MOVEMENT,1
tx26146_00014562,RAPID_MOVEMENT,1
tx26146_00014563,RAPID_MOVEMENT,1
tx26146_00014564,RAPID_MOVEMENT,1
tx26146_00014565,RAPID_MOVEMENT,1
tx26146_00014566,RAPID_MOVEMENT,1
tx26146_00014567,RAPID_MOVEMENT,1
tx26146_00014568,RAPID_MOVEMENT,1
tx26146_00014569,RAPID_MOVEMENT,1
tx26146_00014570,RAPID_MOVEMENT,1
tx26146_00014571,RAPID_MOVEMENT,1
tx26146_00014572,RAPID_MOVEMENT,1
tx26146_00014573,RAPID_MOVEMENT,1
tx26146_00014574,RAPID_MOVEMENT,1
tx26146_00014575,RAPID_MOVEMENT,1
tx26146_00014576,RAPID_MOVEMENT,1
tx26146_00014577,RAPID_MOVEMENT,1
tx26146_00014578,RAPID_MOVEMENT,1
tx26146_00014579,RAPID_MOVEMENT,1
tx26146_00014580,RAPID_MOVEMENT,1
tx26146_00014581,RAPID_MOVEMENT,1
tx26146_00014582,RAPID_MOVEMENT,1
tx26146_00014583,RAPID_MOVEMENT,1
tx26146_00014584,RAPID_MOVEMENT,1
tx26146_00014585,RAPID_MOVEMENT,1
tx26146_00014586,RAPID_MOVEMENT,1
tx26146_00014587,RAPID_MOVEMENT,1
tx26146_00014588,RAPID_MOVEMENT,1
tx26146_00014589,RAPID_MOVEMENT,1
tx26146_00014590,RAPID_MOVEMENT,1
tx26146_00014591,RAPID_MOVEMENT,1
tx26146_00014592,RAPID_MOVEMENT,1
tx26146_00014593,RAPID_MOVEMENT,1
tx26146_00014594,RAPID_MOVEMENT,1
tx26146_00014595,RAPID_MOVEMENT,1
tx26146_00014596,RAPID_MOVEMENT,1
tx26146_00014597,RAPID_MOVEMENT,1
tx26146_00014598,RAPID_MOVEMENT,1
tx26146_00014599,RAPID_MOVEMENT,1
tx26146_00014600,RAPID_MOVEMENT,1
tx26146_00014601,RAPID_MOVEMENT,1
tx26146_00014602,RAPID_MOVEMENT,1
tx26146_00014603,RAPID_MOVEMENT,1
tx26146_00014604,RAPID_MOVEMENT,1
tx26146_00014605,RAPID_MOVEMENT,1
tx26146_00014606,RAPID_MOVEMENT,1
tx26146_00014607,RAPID_MOVEMENT,1
tx26146_00014608,RAPID_MOVEMENT,1
tx26146_00014609,RAPID_MOVEMENT,1
tx26146_00014610,RAPID_MOVEMENT,1
tx26146_00014611,RAPID_MOVEMENT,1
tx26146_00014612,RAPID_MOVEMENT,1
tx26146_00014613,RAPID_MOVEMENT,1
tx26146_00014614,RAPID_MOVEMENT,1
tx26146_00014615,RAPID_MOVEMENT,1
tx26146_00014616,RAPID_MOVEMENT,1
tx26146_00014617,RAPID_MOVEMENT,1
tx26146_00014618,RAPID_MOVEMENT,1
tx26146_00014619,RAPID_MOVEMENT,1
tx26146_00014620,RAPID_MOVEMENT,1
tx26146_00014621,RAPID_MOVEMENT,1
tx26146_00014622,RAPID_MOVEMENT,1
tx26146_00014623,RAPID_MOVEMENT,1
tx26146_00014624,RAPID_MOVEMENT,1
tx26146_00014625,RAPID_MOVEMENT,1
tx26146_00014626,RAPID_MOVEMENT,1
tx26146_00014627,RAPID_MOVEMENT,1
tx26146_00014628,RAPID_MOVEMENT,1
tx26146_00014629,RAPID_MOVEMENT,1
tx26146_00014630,RAPID_MOVEMENT,1
tx26146_00014631,RAPID_MOVEMENT,1
tx26146_00014632,RAPID_MOVEMENT,1
tx26146_00014633,RAPID_MOVEMENT,1
tx26146_00014634,RAPID_MOVEMENT,1
tx26146_00014635,RAPID_MOVEMENT,1
tx26146_00014636,RAPID_MOVEMENT,1
tx26146_00014637,RAPID_MOVEMENT,1
tx26146_00014638,RAPID_MOVEMENT,1
tx26146_00014639,RAPID_MOVEMENT,1
tx26146_00014640,RAPID_MOVEMENT,1
tx26146_00014641,RAPID_MOVEMENT,1
tx26146_00014642,RAPID_MOVEMENT,1
tx26146_00014643,RAPID_MOVEMENT,1
tx26146_00014644,RAPID_MOVEMENT,1
tx26146_00014645,RAPID_MOVEMENT,1
tx26146_00014646,RAPID_MOVEMENT,1
tx26146_00014647,RAPID_MOVEMENT,1
tx26146_00014648,RAPID_MOVEMENT,1
tx26146_00014649,RAPID_MOVEMENT,1
tx26146_00014650,RAPID_MOVEMENT,1
tx26146_00014651,RAPID_MOVEMENT,1
tx26146_00014652,RAPID_MOVEMENT,1
tx26146_00014653,RAPID_MOVEMENT,1
tx26146_00014654,RAPID_MOVEMENT,1
tx26146_00014655,RAPID_MOVEMENT,1
tx26146_00014656,RAPID_MOVEMENT,1
tx26146_00014657,RAPID_MOVEMENT,1
tx26146_00014658,RAPID_MOVEMENT,1
tx26146_00014659,RAPID_MOVEMENT,1
tx26146_00014660,RAPID_MOVEMENT,1
tx26146_00014661,RAPID_MOVEMENT,1
tx26146_00014662,RAPID_MOVEMENT,1
tx26146_00014663,RAPID_MOVEMENT,1
tx26146_00014664,RAPID_MOVEMENT,1
tx26146_00014665,RAPID_MOVEMENT,1
tx26146_00014666,RAPID_MOVEMENT,1
tx26146_00014667,RAPID_MOVEMENT,1
tx26146_00014668,RAPID_MOVEMENT,1
tx26146_00014669,RAPID_MOVEMENT,1
tx26146_00014670,RAPID_MOVEMENT,1
tx26146_00014671,RAPID_MOVEMENT,1
tx26146_00014672,RAPID_MOVEMENT,1
tx26146_00014673,RAPID_MOVEMENT,1
tx26146_00014674,RAPID_MOVEMENT,1
tx26146_00014675,RAPID_MOVEMENT,1
tx26146_00014676,RAPID_MOVEMENT,1
tx26146_00014677,RAPID_MOVEMENT,1
tx26146_00014678,RAPID_MOVEMENT,1
tx26146_00014679,RAPID_MOVEMENT,1
tx26146_00014680,RAPID_MOVEMENT,1
tx26146_00014681,RAPID_MOVEMENT,1
tx26146_00014682,RAPID_MOVEMENT,1
tx26146_00014683,RAPID_MOVEMENT,1
tx26146_00014684,RAPID_MOVEMENT,1
tx26146_00014685,RAPID_MOVEMENT,1
tx26146_00014686,RAPID_MOVEMENT,1
tx26146_00014687,RAPID_MOVEMENT,1
tx26146_00014688,RAPID_MOVEMENT,1
tx26146_00014689,RAPID_MOVEMENT,1
tx26146_00014690,RAPID_MOVEMENT,1
tx26146_00014691,RAPID_MOVEMENT,1
tx26146_00014692,RAPID_MOVEMENT,1
tx26146_00014693,RAPID_MOVEMENT,1
tx26146_00014694,RAPID_MOVEMENT,1
tx26146_00014695,RAPID_MOVEMENT,1
tx26146_00014696,RAPID_MOVEMENT,1
tx26146_00014697,RAPID_MOVEMENT,1
tx26146_00014698,RAPID_MOVEMENT,1
tx26146_00014699,RAPID_MOVEMENT,1
tx26146_00014700,RAPID_MOVEMENT,1
tx26146_00014701,RAPID_MOVEMENT,1
tx26146_00014702,RAPID_MOVEMENT,1
tx26146_00014703,RAPID_MOVEMENT,1
tx26146_00014704,RAPID_MOVEMENT,1
tx26146_00014705,RAPID_MOVEMENT,1
tx26146_00014706,RAPID_MOVEMENT,1
tx26146_00014707,RAPID_MOVEMENT,1
tx26146_00014708,RAPID_MOVEMENT,1
tx26146_00014709,RAPID_MOVEMENT,1
tx26146_00014710,RAPID_MOVEMENT,1
tx26146_00014711,RAPID_MOVEMENT,1
tx26146_00014712,RAPID_MOVEMENT,1
tx26146_00014713,RAPID_MOVEMENT,1
tx26146_00014714,RAPID_MOVEMENT,1
tx26146_00014715,RAPID_MOVEMENT,1
tx26146_00014716,RAPID_MOVEMENT,1
tx26146_00014717,RAPID_MOVEMENT,1
tx26146_00014718,RAPID_MOVEMENT,1
tx26146_00014719,RAPID_MOVEMENT,1
tx26146_00014720,RAPID_MOVEMENT,1
tx26146_00014721,RAPID_MOVEMENT,1
tx26146_00014722,RAPID_MOVEMENT,1
tx26146_00014723,RAPID_MOVEMENT,1
tx26146_00014724,RAPID_MOVEMENT,1
tx26146_00014725,RAPID_MOVEMENT,1
tx26146_00014726,RAPID_MOVEMENT,1
tx26146_00014727,RAPID_MOVEMENT,1
tx26146_00014728,RAPID_MOVEMENT,1
tx26146_00014729,RAPID_MOVEMENT,1
tx26146_00014730,RAPID_MOVEMENT,1
tx26146_00014731,RAPID_MOVEMENT,1
tx26146_00014732,RAPID_MOVEMENT,1
tx26146_00014733,RAPID_MOVEMENT,1
tx26146_00014734,RAPID_MOVEMENT,1
tx26146_00014735,RAPID_MOVEMENT,1
tx26146_00014736,RAPID_MOVEMENT,1
tx26146_00014737,RAPID_MOVEMENT,1
tx26146_00014738,RAPID_MOVEMENT,1
tx26146_00014739,RAPID_MOVEMENT,1
tx26146_00014740,RAPID_MOVEMENT,1
tx26146_00014741,RAPID_MOVEMENT,1
tx26146_00014742,RAPID_MOVEMENT,1
tx26146_00014743,RAPID_MOVEMENT,1
tx26146_00014744,RAPID_MOVEMENT,1
tx26146_00014745,RAPID_MOVEMENT,1
tx26146_00014746,RAPID_MOVEMENT,1
tx26146_00014747,RAPID_MOVEMENT,1
tx26146_00014748,RAPID_MOVEMENT,1
tx26146_00014749,RAPID_MOVEMENT,1
tx26146_00014750,RAPID_MOVEMENT,1
tx26146_00014751,RAPID_MOVEMENT,1
tx26146_00014752,RAPID_MOVEMENT,1
tx26146_00014753,RAPID_MOVEMENT,1
tx26146_00014754,RAPID_MOVEMENT,1
tx26146_00014755,RAPID_MOVEMENT,1
tx26146_00014756,RAPID_MOVEMENT,1
tx26146_00014757,RAPID_MOVEMENT,1
tx26146_00014758,RAPID_MOVEMENT,1
tx26146_00014759,RAPID_MOVEMENT,1
tx26146_00014760,RAPID_MOVEMENT,1
tx26146_00014761,RAPID_MOVEMENT,1
tx26146_00014762,RAPID_MOVEMENT,1
tx26146_00014763,RAPID_MOVEMENT,1
tx26146_00014764,RAPID_MOVEMENT,1
tx26146_00014765,RAPID_MOVEMENT,1
tx26146_00014766,RAPID_MOVEMENT,1
tx26146_00014767,RAPID_MOVEMENT,1
tx26146_00014768,RAPID_MOVEMENT,1
tx26146_00014769,RAPID_MOVEMENT,1
tx26146_00014770,RAPID_MOVEMENT,1
tx26146_00014771,RAPID_MOVEMENT,1
tx26146_00014772,RAPID_MOVEMENT,1
tx26146_00014773,RAPID_MOVEMENT,1
tx26146_00014774,RAPID_MOVEMENT,1
tx26146_00014775,RAPID_MOVEMENT,1
tx26146_00014776,RAPID_MOVEMENT,1
tx26146_00014777,RAPID_MOVEMENT,1
tx26146_00014778,RAPID_MOVEMENT,1
tx26146_00014779,RAPID_MOVEMENT,1
tx26146_00014780,RAPID_MOVEMENT,1
tx26146_00014781,RAPID_MOVEMENT,1
tx26146_00014782,RAPID_MOVEMENT,1
tx26146_00014783,RAPID_MOVEMENT,1
tx26146_00014784,RAPID_MOVEMENT,1
tx26146_00014785,RAPID_MOVEMENT,1
tx26146_00014786,RAPID_MOVEMENT,1
tx26146_00014787,RAPID_MOVEMENT,1
tx26146_00014788,RAPID_MOVEMENT,1
tx26146_00014789,RAPID_MOVEMENT,1
tx26146_00014790,RAPID_MOVEMENT,1
tx26146_00014791,RAPID_MOVEMENT,1
tx26146_00014792,RAPID_MOVEMENT,1
tx26146_00014793,RAPID_MOVEMENT,1
tx26146_00014794,RAPID_MOVEMENT,1
tx26146_00014795,RAPID_MOVEMENT,1
tx26146_00014796,RAPID_MOVEMENT,1
tx26146_00014797,RAPID_MOVEMENT,1
tx26146_00014798,RAPID_MOVEMENT,1
tx26146_00014799,RAPID_MOVEMENT,1
tx26146_00014800,RAPID_MOVEMENT,1
tx26146_00014801,RAPID_MOVEMENT,1
tx26146_00014802,RAPID_MOVEMENT,1
tx26146_00014803,RAPID_MOVEMENT,1
tx26146_00014804,RAPID_MOVEMENT,1
tx26146_00014805,RAPID_MOVEMENT,1
tx26146_00014806,RAPID_MOVEMENT,1
tx26146_00014807,RAPID_MOVEMENT,1
tx26146_00014808,RAPID_MOVEMENT,1
tx26146_00014809,RAPID_MOVEMENT,1
tx26146_00014810,RAPID_MOVEMENT,1
tx26146_00014811,RAPID_MOVEMENT,1
tx26146_00014812,RAPID_MOVEMENT,1
tx26146_00014813,RAPID_MOVEMENT,1
tx26146_00014814,RAPID_MOVEMENT,1
tx26146_00014815,RAPID_MOVEMENT,1
tx26146_00014816,RAPID_MOVEMENT,1
tx26146_00014817,RAPID_MOVEMENT,1
tx26146_00014818,RAPID_MOVEMENT,1
tx26146_00014819,RAPID_MOVEMENT,1
tx26146_00014820,RAPID_MOVEMENT,1
tx26146_00014821,RAPID_MOVEMENT,1
tx26146_00014822,RAPID_MOVEMENT,1
tx26146_00014823,RAPID_MOVEMENT,1
tx26146_00014824,RAPID_MOVEMENT,1
tx26146_00014825,RAPID_MOVEMENT,1
tx26146_00014826,RAPID_MOVEMENT,1
tx26146_00014827,RAPID_MOVEMENT,1
tx26146_00014828,RAPID_MOVEMENT,1
tx26146_00014829,RAPID_MOVEMENT,1
tx26146_00014830,RAPID_MOVEMENT,1
tx26146_00014831,RAPID_MOVEMENT,1
tx26146_00014832,RAPID_MOVEMENT,1
tx26146_00014833,RAPID_MOVEMENT,1
tx26146_00014834,RAPID_MOVEMENT,1
tx26146_00014835,RAPID_MOVEMENT,1
tx26146_00014836,RAPID_MOVEMENT,1
tx26146_00014837,RAPID_MOVEMENT,1
tx26146_00014838,RAPID_MOVEMENT,1
tx26146_00014839,RAPID_MOVEMENT,1
tx26146_00014840,RAPID_MOVEMENT,1
tx26146_00014841,RAPID_MOVEMENT,1
tx26146_00014842,RAPID_MOVEMENT,1
tx26146_00014843,RAPID_MOVEMENT,1
tx26146_00014844,RAPID_MOVEMENT,1
tx26146_00014845,RAPID_MOVEMENT,1
tx26146_00014846,RAPID_MOVEMENT,1
tx26146_00014847,RAPID_MOVEMENT,1
tx26146_00014848,RAPID_MOVEMENT,1
tx26146_00014849,RAPID_MOVEMENT,1
tx26146_00014850,RAPID_MOVEMENT,1
tx26146_00014851,RAPID_MOVEMENT,1
tx26146_00014852,RAPID_MOVEMENT,1
tx26146_00014853,RAPID_MOVEMENT,1
tx26146_00014854,RAPID_MOVEMENT,1
tx26146_00014855,RAPID_MOVEMENT,1
tx26146_00014856,RAPID_MOVEMENT,1
tx26146_00014857,RAPID_MOVEMENT,1
tx26146_00014858,RAPID_MOVEMENT,1
tx26146_00014859,RAPID_MOVEMENT,1
tx26146_00014860,RAPID_MOVEMENT,1
tx26146_00014861,RAPID_MOVEMENT,1
tx26146_00014862,RAPID_MOVEMENT,1
tx26146_00014863,RAPID_MOVEMENT,1
tx26146_00014864,RAPID_MOVEMENT,1
tx26146_00014865,RAPID_MOVEMENT,1
tx26146_00014866,RAPID_MOVEMENT,1
tx26146_00014867,RAPID_MOVEMENT,1
tx26146_00014868,RAPID_MOVEMENT,1
tx26146_00014869,RAPID_MOVEMENT,1
tx26146_00014870,RAPID_MOVEMENT,1
tx26146_00014871,RAPID_MOVEMENT,1
tx26146_00014872,RAPID_MOVEMENT,1
tx26146_00014873,RAPID_MOVEMENT,1
tx26146_00014874,RAPID_MOVEMENT,1
tx26146_00014875,RAPID_MOVEMENT,1
tx26146_00014876,RAPID_MOVEMENT,1
tx26146_00014877,RAPID_MOVEMENT,1
tx26146_00014878,RAPID_MOVEMENT,1
tx26146_00014879,RAPID_MOVEMENT,1
tx26146_00014880,RAPID_MOVEMENT,1
tx26146_00014881,RAPID_MOVEMENT,1
tx26146_00014882,RAPID_MOVEMENT,1
tx26146_00014883,RAPID_MOVEMENT,1
tx26146_00014884,RAPID_MOVEMENT,1
tx26146_00014885,RAPID_MOVEMENT,1
tx26146_00014886,RAPID_MOVEMENT,1
tx26146_00014887,RAPID_MOVEMENT,1
tx26146_00014888,RAPID_MOVEMENT,1
tx26146_00014889,RAPID_MOVEMENT,1
tx26146_00014890,RAPID_MOVEMENT,1
tx26146_00014891,RAPID_MOVEMENT,1
tx26146_00014892,RAPID_MOVEMENT,1
tx26146_00014893,RAPID_MOVEMENT,1
tx26146_00014894,RAPID_MOVEMENT,1
tx26146_00014895,RAPID_MOVEMENT,1
tx26146_00014896,RAPID_MOVEMENT,1
tx26146_00014897,RAPID_MOVEMENT,1
tx26146_00014898,RAPID_MOVEMENT,1
tx26146_00014899,RAPID_MOVEMENT,1
tx26146_00014900,RAPID_MOVEMENT,1
tx26146_00014901,RAPID_MOVEMENT,1
tx26146_00014902,RAPID_MOVEMENT,1
tx26146_00014903,RAPID_MOVEMENT,1
tx26146_00014904,RAPID_MOVEMENT,1
tx26146_00014905,RAPID_MOVEMENT,1
tx26146_00014906,RAPID_MOVEMENT,1
tx26146_00014907,RAPID_MOVEMENT,1
tx26146_00014908,RAPID_MOVEMENT,1
tx26146_00014909,RAPID_MOVEMENT,1
tx26146_00014910,RAPID_MOVEMENT,1
tx26146_00014911,RAPID_MOVEMENT,1
tx26146_00014912,RAPID_MOVEMENT,1
tx26146_00014913,RAPID_MOVEMENT,1
tx26146_00014914,RAPID_MOVEMENT,1
tx26146_00014915,RAPID_MOVEMENT,1
tx26146_00014916,RAPID_MOVEMENT,1
tx26146_00014917,RAPID_MOVEMENT,1
tx26146_00014918,RAPID_MOVEMENT,1
tx26146_00014919,RAPID_MOVEMENT,1
tx26146_00014920,RAPID_MOVEMENT,1
tx26146_00014921,RAPID_MOVEMENT,1
tx26146_00014922,RAPID_MOVEMENT,1
tx26146_00014923,RAPID_MOVEMENT,1
tx26146_00014924,RAPID_MOVEMENT,1
tx26146_00014925,RAPID_MOVEMENT,1
tx26146_00014926,RAPID_MOVEMENT,1
tx26146_00014927,RAPID_MOVEMENT,1
tx26146_00014928,RAPID_MOVEMENT,1
tx26146_00014929,RAPID_MOVEMENT,1
tx26146_00014930,RAPID_MOVEMENT,1
tx26146_00014931,RAPID_MOVEMENT,1
tx26146_00014932,RAPID_MOVEMENT,1
tx26146_00014933,RAPID_MOVEMENT,1
tx26146_00014934,RAPID_MOVEMENT,1
tx26146_00014935,RAPID_MOVEMENT,1
tx26146_00014936,RAPID_MOVEMENT,1
tx26146_00014937,RAPID_MOVEMENT,1
tx26146_00014938,RAPID_MOVEMENT,1
tx26146_00014939,RAPID_MOVEMENT,1
tx26146_00014940,RAPID_MOVEMENT,1
tx26146_00014941,RAPID_MOVEMENT,1
tx26146_00014942,RAPID_MOVEMENT,1
tx26146_00014943,RAPID_MOVEMENT,1
tx26146_00014944,RAPID_MOVEMENT,1
tx26146_00014945,RAPID_MOVEMENT,1
tx26146_00014946,RAPID_MOVEMENT,1
tx26146_00014947,RAPID_MOVEMENT,1
tx26146_00014948,RAPID_MOVEMENT,1
tx26146_00014949,RAPID_MOVEMENT,1
tx26146_00014950,RAPID_MOVEMENT,1
tx26146_00014951,RAPID_MOVEMENT,1
tx26146_00014952,RAPID_MOVEMENT,1
tx26146_00014953,RAPID_MOVEMENT,1
tx26146_00014954,RAPID_MOVEMENT,1
tx26146_00014955,RAPID_MOVEMENT,1
tx26146_00014956,RAPID_MOVEMENT,1
tx26146_00014957,RAPID_MOVEMENT,1
tx26146_00014958,RAPID_MOVEMENT,1
tx26146_00014959,RAPID_MOVEMENT,1
tx26146_00014960,RAPID_MOVEMENT,1
tx26146_00014961,RAPID_MOVEMENT,1
tx26146_00014962,RAPID_MOVEMENT,1
tx26146_00014963,RAPID_MOVEMENT,1
tx26146_00014964,RAPID_MOVEMENT,1
tx26146_00014965,RAPID_MOVEMENT,1
tx26146_00014966,RAPID_MOVEMENT,1
tx26146_00014967,RAPID_MOVEMENT,1
tx26146_00014968,RAPID_MOVEMENT,1
tx26146_00014969,RAPID_MOVEMENT,1
tx26146_00014970,RAPID_MOVEMENT,1
tx26146_00014971,RAPID_MOVEMENT,1
tx26146_00014972,RAPID_MOVEMENT,1
tx26146_00014973,RAPID_MOVEMENT,1
tx26146_00014974,RAPID_MOVEMENT,1
tx26146_00014975,RAPID_MOVEMENT,1
tx26146_00014976,RAPID_MOVEMENT,1
tx26146_00014977,RAPID_MOVEMENT,1
tx26146_00014978,RAPID_MOVEMENT,1
tx26146_00014979,RAPID_MOVEMENT,1
tx26146_00014980,RAPID_MOVEMENT,1
tx26146_00014981,RAPID_MOVEMENT,1
tx26146_00014982,RAPID_MOVEMENT,1
tx26146_00014983,RAPID_MOVEMENT,1
tx26146_00014984,RAPID_MOVEMENT,1
tx26146_00014985,RAPID_MOVEMENT,1
tx26146_00014986,RAPID_MOVEMENT,1
tx26146_00014987,RAPID_MOVEMENT,1
tx26146_00014988,RAPID_MOVEMENT,1
tx26146_00014989,RAPID_MOVEMENT,1
tx26146_00014990,RAPID_MOVEMENT,1
tx26146_00014991,RAPID_MOVEMENT,1
tx26146_00014992,RAPID_MOVEMENT,1
tx26146_00014993,RAPID_MOVEMENT,1
tx26146_00014994,RAPID_MOVEMENT,1
tx26146_00014995,RAPID_MOVEMENT,1
tx26146_00014996,RAPID_MOVEMENT,1
tx26146_00014997,RAPID_MOVEMENT,1
tx26146_00014998,RAPID_MOVEMENT,1
tx26146_00014999,RAPID_MOVEMENT,1
tx26146_00015000,RAPID_MOVEMENT,1
tx26146_00015001,RAPID_MOVEMENT,1
tx26146_00015002,RAPID_MOVEMENT,1
tx26146_00015003,RAPID_MOVEMENT,1
tx26146_00015004,RAPID_MOVEMENT,1
tx26146_00015005,RAPID_MOVEMENT,1
tx26146_00015006,RAPID_MOVEMENT,1
tx26146_00015007,RAPID_MOVEMENT,1
tx26146_00015008,RAPID_MOVEMENT,1
tx26146_00015009,RAPID_MOVEMENT,1
tx26146_00015010,RAPID_MOVEMENT,1
tx26146_00015011,RAPID_MOVEMENT,1
tx26146_00015012,RAPID_MOVEMENT,1
tx26146_00015013,RAPID_MOVEMENT,1
tx26146_00015014,RAPID_MOVEMENT,1
tx26146_00015015,RAPID_MOVEMENT,1
tx26146_00015016,RAPID_MOVEMENT,1
tx26146_00015017,RAPID_MOVEMENT,1
tx26146_00015018,RAPID_MOVEMENT,1
tx26146_00015019,RAPID_MOVEMENT,1
tx26146_00015020,RAPID_MOVEMENT,1
tx26146_00015021,RAPID_MOVEMENT,1
tx26146_00015022,RAPID_MOVEMENT,1
tx26146_00015023,RAPID_MOVEMENT,1
tx26146_00015024,RAPID_MOVEMENT,1
tx26146_00015025,RAPID_MOVEMENT,1
tx26146_00015026,RAPID_MOVEMENT,1
tx26146_00015027,RAPID_MOVEMENT,1
tx26146_00015028,RAPID_MOVEMENT,1
tx26146_00015029,RAPID_MOVEMENT,1
tx26146_00015030,RAPID_MOVEMENT,1
tx26146_00015031,RAPID_MOVEMENT,1
tx26146_00015032,RAPID_MOVEMENT,1
tx26146_00015033,RAPID_MOVEMENT,1
tx26146_00015034,RAPID_MOVEMENT,1
tx26146_00015035,RAPID_MOVEMENT,1
tx26146_00015036,RAPID_MOVEMENT,1
tx26146_00015037,RAPID_MOVEMENT,1
tx26146_00015038,RAPID_MOVEMENT,1
tx26146_00015039,RAPID_MOVEMENT,1
tx26146_00015040,RAPID_MOVEMENT,1
tx26146_00015041,RAPID_MOVEMENT,1
tx26146_00015042,RAPID_MOVEMENT,1
tx26146_00015043,RAPID_MOVEMENT,1
tx26146_00015044,RAPID_MOVEMENT,1
tx26146_00015045,RAPID_MOVEMENT,1
tx26146_00015046,RAPID_MOVEMENT,1
tx26146_00015047,RAPID_MOVEMENT,1
tx26146_00015048,RAPID_MOVEMENT,1
tx26146_00015049,RAPID_MOVEMENT,1
tx26146_00015050,RAPID_MOVEMENT,1
tx26146_00015051,RAPID_MOVEMENT,1
tx26146_00015052,RAPID_MOVEMENT,1
tx26146_00015053,RAPID_MOVEMENT,1
tx26146_00015054,RAPID_MOVEMENT,1
tx26146_00015055,RAPID_MOVEMENT,1
tx26146_00015056,RAPID_MOVEMENT,1
tx26146_00015057,RAPID_MOVEMENT,1
tx26146_00015058,RAPID_MOVEMENT,1
tx26146_00015059,RAPID_MOVEMENT,1
tx26146_00015060,RAPID_MOVEMENT,1
tx26146_00015061,RAPID_MOVEMENT,1
tx26146_00015062,RAPID_MOVEMENT,1
tx26146_00015063,RAPID_MOVEMENT,1
tx26146_00015064,RAPID_MOVEMENT,1
tx26146_00015065,RAPID_MOVEMENT,1
tx26146_00015066,RAPID_MOVEMENT,1
tx26146_00015067,RAPID_MOVEMENT,1
tx26146_00015068,RAPID_MOVEMENT,1
tx26146_00015069,RAPID_MOVEMENT,1
tx26146_00015070,RAPID_MOVEMENT,1
tx26146_00015071,RAPID_MOVEMENT,1
tx26146_00015072,RAPID_MOVEMENT,1
tx26146_00015073,RAPID_MOVEMENT,1
tx26146_00015074,RAPID_MOVEMENT,1
tx26146_00015075,RAPID_MOVEMENT,1
tx26146_00015076,RAPID_MOVEMENT,1
tx26146_00015077,RAPID_MOVEMENT,1
tx26146_00015078,RAPID_MOVEMENT,1
tx26146_00015079,RAPID_MOVEMENT,1
tx26146_00015080,RAPID_MOVEMENT,1
tx26146_00015081,RAPID_MOVEMENT,1
tx26146_00015082,RAPID_MOVEMENT,1
tx26146_00015083,RAPID_MOVEMENT,1
tx26146_00015084,RAPID_MOVEMENT,1
tx26146_00015085,RAPID_MOVEMENT,1
tx26146_00015086,RAPID_MOVEMENT,1
tx26146_00015087,RAPID_MOVEMENT,1
tx26146_00015088,RAPID_MOVEMENT,1
tx26146_00015089,RAPID_MOVEMENT,1
tx26146_00015090,RAPID_MOVEMENT,1
tx26146_00015091,RAPID_MOVEMENT,1
tx26146_00015092,RAPID_MOVEMENT,1
tx26146_00015093,RAPID_MOVEMENT,1
tx26146_00015094,RAPID_MOVEMENT,1
tx26146_00015095,RAPID_MOVEMENT,1
tx26146_00015096,RAPID_MOVEMENT,1
tx26146_00015097,RAPID_MOVEMENT,1
tx26146_00015098,RAPID_MOVEMENT,1
tx26146_00015099,RAPID_MOVEMENT,1
tx26146_00015100,BURST_ACTIVITY,1
tx26146_00015101,BURST_ACTIVITY,1
tx26146_00015102,BURST_ACTIVITY,1
tx26146_00015103,BURST_ACTIVITY,1
tx26146_00015104,BURST_ACTIVITY,1
tx26146_00015105,BURST_ACTIVITY,1
tx26146_00015106,BURST_ACTIVITY,1
tx26146_00015107,BURST_ACTIVITY,1
tx26146_00015108,BURST_ACTIVITY,1
tx26146_00015109,BURST_ACTIVITY,1
tx26146_00015110,BURST_ACTIVITY,1
tx26146_00015111,BURST_ACTIVITY,1
tx26146_00015112,BURST_ACTIVITY,1
tx26146_00015113,BURST_ACTIVITY,1
tx26146_00015114,BURST_ACTIVITY,1
tx26146_00015115,BURST_ACTIVITY,1
tx26146_00015116,BURST_ACTIVITY,1
tx26146_00015117,BURST_ACTIVITY,1
tx26146_00015118,BURST_ACTIVITY,1
tx26146_00015119,BURST_ACTIVITY,1
tx26146_00015120,BURST_ACTIVITY,1
tx26146_00015121,BURST_ACTIVITY,1
tx26146_00015122,BURST_ACTIVITY,1
tx26146_00015123,BURST_ACTIVITY,1
tx26146_00015124,BURST_ACTIVITY,1
tx26146_00015125,BURST_ACTIVITY,1
tx26146_00015126,BURST_ACTIVITY,1
tx26146_00015127,BURST_ACTIVITY,1
tx26146_00015128,BURST_ACTIVITY,1
tx26146_00015129,BURST_ACTIVITY,1
tx26146_00015130,BURST_ACTIVITY,1
tx26146_00015131,BURST_ACTIVITY,1
tx26146_00015132,BURST_ACTIVITY,1
tx26146_00015133,BURST_ACTIVITY,1
tx26146_00015134,BURST_ACTIVITY,1
tx26146_00015135,BURST_ACTIVITY,1
tx26146_00015136,BURST_ACTIVITY,1
tx26146_00015137,BURST_ACTIVITY,1
tx26146_00015138,BURST_ACTIVITY,1
tx26146_00015139,BURST_ACTIVITY,1
tx26146_00015140,BURST_ACTIVITY,1
tx26146_00015141,BURST_ACTIVITY,1
tx26146_00015142,BURST_ACTIVITY,1
tx26146_00015143,BURST_ACTIVITY,1
tx26146_00015144,BURST_ACTIVITY,1
tx26146_00015145,BURST_ACTIVITY,1
tx26146_00015146,BURST_ACTIVITY,1
tx26146_00015147,BURST_ACTIVITY,1
tx26146_00015148,BURST_ACTIVITY,1
tx26146_00015149,BURST_ACTIVITY,1
tx26146_00015150,BURST_ACTIVITY,1
tx26146_00015151,BURST_ACTIVITY,1
tx26146_00015152,BURST_ACTIVITY,1
tx26146_00015153,BURST_ACTIVITY,1
tx26146_00015154,BURST_ACTIVITY,1
tx26146_00015155,BURST_ACTIVITY,1
tx26146_00015156,BURST_ACTIVITY,1
tx26146_00015157,BURST_ACTIVITY,1
tx26146_00015158,BURST_ACTIVITY,1
tx26146_00015159,BURST_ACTIVITY,1
tx26146_00015160,BURST_ACTIVITY,1
tx26146_00015161,BURST_ACTIVITY,1
tx26146_00015162,BURST_ACTIVITY,1
tx26146_00015163,BURST_ACTIVITY,1
tx26146_00015164,BURST_ACTIVITY,1
tx26146_00015165,BURST_ACTIVITY,1
tx26146_00015166,BURST_ACTIVITY,1
tx26146_00015167,BURST_ACTIVITY,1
tx26146_00015168,BURST_ACTIVITY,1
tx26146_00015169,BURST_ACTIVITY,1
tx26146_00015170,BURST_ACTIVITY,1
tx26146_00015171,BURST_ACTIVITY,1
tx26146_00015172,BURST_ACTIVITY,1
tx26146_00015173,BURST_ACTIVITY,1
tx26146_00015174,BURST_ACTIVITY,1
tx26146_00015175,BURST_ACTIVITY,1
tx26146_00015176,BURST_ACTIVITY,1
tx26146_00015177,BURST_ACTIVITY,1
tx26146_00015178,BURST_ACTIVITY,1
tx26146_00015179,BURST_ACTIVITY,1
tx26146_00015180,BURST_ACTIVITY,1
tx26146_00015181,BURST_ACTIVITY,1
tx26146_00015182,BURST_ACTIVITY,1
tx26146_00015183,BURST_ACTIVITY,1
tx26146_00015184,BURST_ACTIVITY,1
tx26146_00015185,BURST_ACTIVITY,1
tx26146_00015186,BURST_ACTIVITY,1
tx26146_00015187,BURST_ACTIVITY,1
tx26146_00015188,BURST_ACTIVITY,1
tx26146_00015189,BURST_ACTIVITY,1
tx26146_00015190,BURST_ACTIVITY,1
tx26146_00015191,BURST_ACTIVITY,1
tx26146_00015192,BURST_ACTIVITY,1
tx26146_00015193,BURST_ACTIVITY,1
tx26146_00015194,BURST_ACTIVITY,1
tx26146_00015195,BURST_ACTIVITY,1
tx26146_00015196,BURST_ACTIVITY,1
tx26146_00015197,BURST_ACTIVITY,1
tx26146_00015198,BURST_ACTIVITY,1
tx26146_00015199,BURST_ACTIVITY,1
tx26146_00015200,BURST_ACTIVITY,1
tx26146_00015201,BURST_ACTIVITY,1
tx26146_00015202,BURST_ACTIVITY,1
tx26146_00015203,BURST_ACTIVITY,1
tx26146_00015204,BURST_ACTIVITY,1
tx26146_00015205,BURST_ACTIVITY,1
tx26146_00015206,BURST_ACTIVITY,1
tx26146_00015207,BURST_ACTIVITY,1
tx26146_00015208,BURST_ACTIVITY,1
tx26146_00015209,BURST_ACTIVITY,1
tx26146_00015210,BURST_ACTIVITY,1
tx26146_00015211,BURST_ACTIVITY,1
tx26146_00015212,BURST_ACTIVITY,1
tx26146_00015213,BURST_ACTIVITY,1
tx26146_00015214,BURST_ACTIVITY,1
tx26146_00015215,BURST_ACTIVITY,1
tx26146_00015216,BURST_ACTIVITY,1
tx26146_00015217,BURST_ACTIVITY,1
tx26146_00015218,BURST_ACTIVITY,1
tx26146_00015219,BURST_ACTIVITY,1
tx26146_00015220,BURST_ACTIVITY,1
tx26146_00015221,BURST_ACTIVITY,1
tx26146_00015222,BURST_ACTIVITY,1
tx26146_00015223,BURST_ACTIVITY,1
tx26146_00015224,BURST_ACTIVITY,1
tx26146_00015225,BURST_ACTIVITY,1
tx26146_00015226,BURST_ACTIVITY,1
tx26146_00015227,BURST_ACTIVITY,1
tx26146_00015228,BURST_ACTIVITY,1
tx26146_00015229,BURST_ACTIVITY,1
tx26146_00015230,BURST_ACTIVITY,1
tx26146_00015231,BURST_ACTIVITY,1
tx26146_00015232,BURST_ACTIVITY,1
tx26146_00015233,BURST_ACTIVITY,1
tx26146_00015234,BURST_ACTIVITY,1
tx26146_00015235,BURST_ACTIVITY,1
tx26146_00015236,BURST_ACTIVITY,1
tx26146_00015237,BURST_ACTIVITY,1
tx26146_00015238,BURST_ACTIVITY,1
tx26146_00015239,BURST_ACTIVITY,1
tx26146_00015240,BURST_ACTIVITY,1
tx26146_00015241,BURST_ACTIVITY,1
tx26146_00015242,BURST_ACTIVITY,1
tx26146_00015243,BURST_ACTIVITY,1
tx26146_00015244,BURST_ACTIVITY,1
tx26146_00015245,BURST_ACTIVITY,1
tx26146_00015246,BURST_ACTIVITY,1
tx26146_00015247,BURST_ACTIVITY,1
tx26146_00015248,BURST_ACTIVITY,1
tx26146_00015249,BURST_ACTIVITY,1
tx26146_00015250,BURST_ACTIVITY,1
tx26146_00015251,BURST_ACTIVITY,1
tx26146_00015252,BURST_ACTIVITY,1
tx26146_00015253,BURST_ACTIVITY,1
tx26146_00015254,BURST_ACTIVITY,1
tx26146_00015255,BURST_ACTIVITY,1
tx26146_00015256,BURST_ACTIVITY,1
tx26146_00015257,BURST_ACTIVITY,1
tx26146_00015258,BURST_ACTIVITY,1
tx26146_00015259,BURST_ACTIVITY,1
tx26146_00015260,BURST_ACTIVITY,1
tx26146_00015261,BURST_ACTIVITY,1
tx26146_00015262,BURST_ACTIVITY,1
tx26146_00015263,BURST_ACTIVITY,1
tx26146_00015264,BURST_ACTIVITY,1
tx26146_00015265,BURST_ACTIVITY,1
tx26146_00015266,BURST_ACTIVITY,1
tx26146_00015267,BURST_ACTIVITY,1
tx26146_00015268,BURST_ACTIVITY,1
tx26146_00015269,BURST_ACTIVITY,1
tx26146_00015270,BURST_ACTIVITY,1
tx26146_00015271,BURST_ACTIVITY,1
tx26146_00015272,BURST_ACTIVITY,1
tx26146_00015273,BURST_ACTIVITY,1
tx26146_00015274,BURST_ACTIVITY,1
tx26146_00015275,BURST_ACTIVITY,1
tx26146_00015276,BURST_ACTIVITY,1
tx26146_00015277,BURST_ACTIVITY,1
tx26146_00015278,BURST_ACTIVITY,1
tx26146_00015279,BURST_ACTIVITY,1
tx26146_00015280,BURST_ACTIVITY,1
tx26146_00015281,BURST_ACTIVITY,1
tx26146_00015282,BURST_ACTIVITY,1
tx26146_00015283,BURST_ACTIVITY,1
tx26146_00015284,BURST_ACTIVITY,1
tx26146_00015285,BURST_ACTIVITY,1
tx26146_00015286,BURST_ACTIVITY,1
tx26146_00015287,BURST_ACTIVITY,1
tx26146_00015288,BURST_ACTIVITY,1
tx26146_00015289,BURST_ACTIVITY,1
tx26146_00015290,BURST_ACTIVITY,1
tx26146_00015291,BURST_ACTIVITY,1
tx26146_00015292,BURST_ACTIVITY,1
tx26146_00015293,BURST_ACTIVITY,1
tx26146_00015294,BURST_ACTIVITY,1
tx26146_00015295,BURST_ACTIVITY,1
tx26146_00015296,BURST_ACTIVITY,1
tx26146_00015297,BURST_ACTIVITY,1
tx26146_00015298,BURST_ACTIVITY,1
tx26146_00015299,BURST_ACTIVITY,1
tx26146_00015300,BURST_ACTIVITY,1
tx26146_00015301,BURST_ACTIVITY,1
tx26146_00015302,BURST_ACTIVITY,1
tx26146_00015303,BURST_ACTIVITY,1
tx26146_00015304,BURST_ACTIVITY,1
tx26146_00015305,BURST_ACTIVITY,1
tx26146_00015306,BURST_ACTIVITY,1
tx26146_00015307,BURST_ACTIVITY,1
tx26146_00015308,BURST_ACTIVITY,1
tx26146_00015309,BURST_ACTIVITY,1
tx26146_00015310,BURST_ACTIVITY,1
tx26146_00015311,BURST_ACTIVITY,1
tx26146_00015312,BURST_ACTIVITY,1
tx26146_00015313,BURST_ACTIVITY,1
tx26146_00015314,BURST_ACTIVITY,1
tx26146_00015315,BURST_ACTIVITY,1
tx26146_00015316,BURST_ACTIVITY,1
tx26146_00015317,BURST_ACTIVITY,1
tx26146_00015318,BURST_ACTIVITY,1
tx26146_00015319,BURST_ACTIVITY,1
tx26146_00015320,BURST_ACTIVITY,1
tx26146_00015321,BURST_ACTIVITY,1
tx26146_00015322,BURST_ACTIVITY,1
tx26146_00015323,BURST_ACTIVITY,1
tx26146_00015324,BURST_ACTIVITY,1
tx26146_00015325,BURST_ACTIVITY,1
tx26146_00015326,BURST_ACTIVITY,1
tx26146_00015327,BURST_ACTIVITY,1
tx26146_00015328,BURST_ACTIVITY,1
tx26146_00015329,BURST_ACTIVITY,1
tx26146_00015330,BURST_ACTIVITY,1
tx26146_00015331,BURST_ACTIVITY,1
tx26146_00015332,BURST_ACTIVITY,1
tx26146_00015333,BURST_ACTIVITY,1
tx26146_00015334,BURST_ACTIVITY,1
tx26146_00015335,BURST_ACTIVITY,1
tx26146_00015336,BURST_ACTIVITY,1
tx26146_00015337,BURST_ACTIVITY,1
tx26146_00015338,BURST_ACTIVITY,1
tx26146_00015339,BURST_ACTIVITY,1
tx26146_00015340,BURST_ACTIVITY,1
tx26146_00015341,BURST_ACTIVITY,1
tx26146_00015342,BURST_ACTIVITY,1
tx26146_00015343,BURST_ACTIVITY,1
tx26146_00015344,BURST_ACTIVITY,1
tx26146_00015345,BURST_ACTIVITY,1
tx26146_00015346,BURST_ACTIVITY,1
tx26146_00015347,BURST_ACTIVITY,1
tx26146_00015348,BURST_ACTIVITY,1
tx26146_00015349,BURST_ACTIVITY,1
tx26146_00015350,BURST_ACTIVITY,1
tx26146_00015351,BURST_ACTIVITY,1
tx26146_00015352,BURST_ACTIVITY,1
tx26146_00015353,BURST_ACTIVITY,1
tx26146_00015354,BURST_ACTIVITY,1
tx26146_00015355,BURST_ACTIVITY,1
tx26146_00015356,BURST_ACTIVITY,1
tx26146_00015357,BURST_ACTIVITY,1
tx26146_00015358,BURST_ACTIVITY,1
tx26146_00015359,BURST_ACTIVITY,1
tx26146_00015360,BURST_ACTIVITY,1
tx26146_00015361,BURST_ACTIVITY,1
tx26146_00015362,BURST_ACTIVITY,1
tx26146_00015363,BURST_ACTIVITY,1
tx26146_00015364,BURST_ACTIVITY,1
tx26146_00015365,BURST_ACTIVITY,1
tx26146_00015366,BURST_ACTIVITY,1
tx26146_00015367,BURST_ACTIVITY,1
tx26146_00015368,BURST_ACTIVITY,1
tx26146_00015369,BURST_ACTIVITY,1
tx26146_00015370,BURST_ACTIVITY,1
tx26146_00015371,BURST_ACTIVITY,1
tx26146_00015372,BURST_ACTIVITY,1
tx26146_00015373,BURST_ACTIVITY,1
tx26146_00015374,BURST_ACTIVITY,1
tx26146_00015375,BURST_ACTIVITY,1
tx26146_00015376,BURST_ACTIVITY,1
tx26146_00015377,BURST_ACTIVITY,1
tx26146_00015378,BURST_ACTIVITY,1
tx26146_00015379,BURST_ACTIVITY,1
tx26146_00015380,BURST_ACTIVITY,1
tx26146_00015381,BURST_ACTIVITY,1
tx26146_00015382,BURST_ACTIVITY,1
tx26146_00015383,BURST_ACTIVITY,1
tx26146_00015384,BURST_ACTIVITY,1
tx26146_00015385,BURST_ACTIVITY,1
tx26146_00015386,BURST_ACTIVITY,1
tx26146_00015387,BURST_ACTIVITY,1
tx26146_00015388,BURST_ACTIVITY,1
tx26146_00015389,BURST_ACTIVITY,1
tx26146_00015390,BURST_ACTIVITY,1
tx26146_00015391,BURST_ACTIVITY,1
tx26146_00015392,BURST_ACTIVITY,1
tx26146_00015393,BURST_ACTIVITY,1
tx26146_00015394,BURST_ACTIVITY,1
tx26146_00015395,BURST_ACTIVITY,1
tx26146_00015396,BURST_ACTIVITY,1
tx26146_00015397,BURST_ACTIVITY,1
tx26146_00015398,BURST_ACTIVITY,1
tx26146_00015399,BURST_ACTIVITY,1
tx26146_00015400,BURST_ACTIVITY,1
tx26146_00015401,BURST_ACTIVITY,1
tx26146_00015402,BURST_ACTIVITY,1
tx26146_00015403,BURST_ACTIVITY,1
tx26146_00015404,BURST_ACTIVITY,1
tx26146_00015405,BURST_ACTIVITY,1
tx26146_00015406,BURST_ACTIVITY,1
tx26146_00015407,BURST_ACTIVITY,1
tx26146_00015408,BURST_ACTIVITY,1
tx26146_00015409,BURST_ACTIVITY,1
tx26146_00015410,BURST_ACTIVITY,1
tx26146_00015411,BURST_ACTIVITY,1
tx26146_00015412,BURST_ACTIVITY,1
tx26146_00015413,BURST_ACTIVITY,1
tx26146_00015414,BURST_ACTIVITY,1
tx26146_00015415,BURST_ACTIVITY,1
tx26146_00015416,BURST_ACTIVITY,1
tx26146_00015417,BURST_ACTIVITY,1
tx26146_00015418,BURST_ACTIVITY,1
tx26146_00015419,BURST_ACTIVITY,1
tx26146_00015420,BURST_ACTIVITY,1
tx26146_00015421,BURST_ACTIVITY,1
tx26146_00015422,BURST_ACTIVITY,1
tx26146_00015423,BURST_ACTIVITY,1
tx26146_00015424,BURST_ACTIVITY,1
tx26146_00015425,BURST_ACTIVITY,1
tx26146_00015426,BURST_ACTIVITY,1
tx26146_00015427,BURST_ACTIVITY,1
tx26146_00015428,BURST_ACTIVITY,1
tx26146_00015429,BURST_ACTIVITY,1
tx26146_00015430,BURST_ACTIVITY,1
tx26146_00015431,BURST_ACTIVITY,1
tx26146_00015432,BURST_ACTIVITY,1
tx26146_00015433,BURST_ACTIVITY,1
tx26146_00015434,BURST_ACTIVITY,1
tx26146_00015435,BURST_ACTIVITY,1
tx26146_00015436,BURST_ACTIVITY,1
tx26146_00015437,BURST_ACTIVITY,1
tx26146_00015438,BURST_ACTIVITY,1
tx26146_00015439,BURST_ACTIVITY,1
tx26146_00015440,BURST_ACTIVITY,1
tx26146_00015441,BURST_ACTIVITY,1
tx26146_00015442,BURST_ACTIVITY,1
tx26146_00015443,BURST_ACTIVITY,1
tx26146_00015444,BURST_ACTIVITY,1
tx26146_00015445,BURST_ACTIVITY,1
tx26146_00015446,BURST_ACTIVITY,1
tx26146_00015447,BURST_ACTIVITY,1
tx26146_00015448,BURST_ACTIVITY,1
tx26146_00015449,BURST_ACTIVITY,1
tx26146_00015450,BURST_ACTIVITY,1
tx26146_00015451,BURST_ACTIVITY,1
tx26146_00015452,BURST_ACTIVITY,1
tx26146_00015453,BURST_ACTIVITY,1
tx26146_00015454,BURST_ACTIVITY,1
tx26146_00015455,BURST_ACTIVITY,1
tx26146_00015456,BURST_ACTIVITY,1
tx26146_00015457,BURST_ACTIVITY,1
tx26146_00015458,BURST_ACTIVITY,1
tx26146_00015459,BURST_ACTIVITY,1
tx26146_00015460,BURST_ACTIVITY,1
tx26146_00015461,BURST_ACTIVITY,1
tx26146_00015462,BURST_ACTIVITY,1
tx26146_00015463,BURST_ACTIVITY,1
tx26146_00015464,BURST_ACTIVITY,1
tx26146_00015465,BURST_ACTIVITY,1
tx26146_00015466,BURST_ACTIVITY,1
tx26146_00015467,BURST_ACTIVITY,1
tx26146_00015468,BURST_ACTIVITY,1
tx26146_00015469,BURST_ACTIVITY,1
tx26146_00015470,BURST_ACTIVITY,1
tx26146_00015471,BURST_ACTIVITY,1
tx26146_00015472,BURST_ACTIVITY,1
tx26146_00015473,BURST_ACTIVITY,1
tx26146_00015474,BURST_ACTIVITY,1
tx26146_00015475,BURST_ACTIVITY,1
tx26146_00015476,BURST_ACTIVITY,1
tx26146_00015477,BURST_ACTIVITY,1
tx26146_00015478,BURST_ACTIVITY,1
tx26146_00015479,BURST_ACTIVITY,1
tx26146_00015480,BURST_ACTIVITY,1
tx26146_00015481,BURST_ACTIVITY,1
tx26146_00015482,BURST_ACTIVITY,1
tx26146_00015483,BURST_ACTIVITY,1
tx26146_00015484,BURST_ACTIVITY,1
tx26146_00015485,BURST_ACTIVITY,1
tx26146_00015486,BURST_ACTIVITY,1
tx26146_00015487,BURST_ACTIVITY,1
tx26146_00015488,BURST_ACTIVITY,1
tx26146_00015489,BURST_ACTIVITY,1
tx26146_00015490,BURST_ACTIVITY,1
tx26146_00015491,BURST_ACTIVITY,1
tx26146_00015492,BURST_ACTIVITY,1
tx26146_00015493,BURST_ACTIVITY,1
tx26146_00015494,BURST_ACTIVITY,1
tx26146_00015495,BURST_ACTIVITY,1
tx26146_00015496,BURST_ACTIVITY,1
tx26146_00015497,BURST_ACTIVITY,1
tx26146_00015498,BURST_ACTIVITY,1
tx26146_00015499,BURST_ACTIVITY,1
tx26146_00015500,BURST_ACTIVITY,1
tx26146_00015501,BURST_ACTIVITY,1
tx26146_00015502,BURST_ACTIVITY,1
tx26146_00015503,BURST_ACTIVITY,1
tx26146_00015504,BURST_ACTIVITY,1
tx26146_00015505,BURST_ACTIVITY,1
tx26146_00015506,BURST_ACTIVITY,1
tx26146_00015507,BURST_ACTIVITY,1
tx26146_00015508,BURST_ACTIVITY,1
tx26146_00015509,BURST_ACTIVITY,1
tx26146_00015510,BURST_ACTIVITY,1
tx26146_00015511,BURST_ACTIVITY,1
tx26146_00015512,BURST_ACTIVITY,1
tx26146_00015513,BURST_ACTIVITY,1
tx26146_00015514,BURST_ACTIVITY,1
tx26146_00015515,BURST_ACTIVITY,1
tx26146_00015516,BURST_ACTIVITY,1
tx26146_00015517,BURST_ACTIVITY,1
tx26146_00015518,BURST_ACTIVITY,1
tx26146_00015519,BURST_ACTIVITY,1
tx26146_00015520,BURST_ACTIVITY,1
tx26146_00015521,BURST_ACTIVITY,1
tx26146_00015522,BURST_ACTIVITY,1
tx26146_00015523,BURST_ACTIVITY,1
tx26146_00015524,BURST_ACTIVITY,1
tx26146_00015525,BURST_ACTIVITY,1
tx26146_00015526,BURST_ACTIVITY,1
tx26146_00015527,BURST_ACTIVITY,1
tx26146_00015528,BURST_ACTIVITY,1
tx26146_00015529,BURST_ACTIVITY,1
tx26146_00015530,BURST_ACTIVITY,1
tx26146_00015531,BURST_ACTIVITY,1
tx26146_00015532,BURST_ACTIVITY,1
tx26146_00015533,BURST_ACTIVITY,1
tx26146_00015534,BURST_ACTIVITY,1
tx26146_00015535,BURST_ACTIVITY,1
tx26146_00015536,BURST_ACTIVITY,1
tx26146_00015537,BURST_ACTIVITY,1
tx26146_00015538,BURST_ACTIVITY,1
tx26146_00015539,BURST_ACTIVITY,1
tx26146_00015540,BURST_ACTIVITY,1
tx26146_00015541,BURST_ACTIVITY,1
tx26146_00015542,BURST_ACTIVITY,1
tx26146_00015543,BURST_ACTIVITY,1
tx26146_00015544,BURST_ACTIVITY,1
tx26146_00015545,BURST_ACTIVITY,1
tx26146_00015546,BURST_ACTIVITY,1
tx26146_00015547,BURST_ACTIVITY,1
tx26146_00015548,BURST_ACTIVITY,1
tx26146_00015549,BURST_ACTIVITY,1
tx26146_00015550,BURST_ACTIVITY,1
tx26146_00015551,BURST_ACTIVITY,1
tx26146_00015552,BURST_ACTIVITY,1
tx26146_00015553,BURST_ACTIVITY,1
tx26146_00015554,BURST_ACTIVITY,1
tx26146_00015555,BURST_ACTIVITY,1
tx26146_00015556,BURST_ACTIVITY,1
tx26146_00015557,BURST_ACTIVITY,1
tx26146_00015558,BURST_ACTIVITY,1
tx26146_00015559,BURST_ACTIVITY,1
tx26146_00015560,BURST_ACTIVITY,1
tx26146_00015561,BURST_ACTIVITY,1
tx26146_00015562,BURST_ACTIVITY,1
tx26146_00015563,BURST_ACTIVITY,1
tx26146_00015564,BURST_ACTIVITY,1
tx26146_00015565,BURST_ACTIVITY,1
tx26146_00015566,BURST_ACTIVITY,1
tx26146_00015567,BURST_ACTIVITY,1
tx26146_00015568,BURST_ACTIVITY,1
tx26146_00015569,BURST_ACTIVITY,1
tx26146_00015570,BURST_ACTIVITY,1
tx26146_00015571,BURST_ACTIVITY,1
tx26146_00015572,BURST_ACTIVITY,1
tx26146_00015573,BURST_ACTIVITY,1
tx26146_00015574,BURST_ACTIVITY,1
tx26146_00015575,BURST_ACTIVITY,1
tx26146_00015576,BURST_ACTIVITY,1
tx26146_00015577,BURST_ACTIVITY,1
tx26146_00015578,BURST_ACTIVITY,1
tx26146_00015579,BURST_ACTIVITY,1
tx26146_00015580,BURST_ACTIVITY,1
tx26146_00015581,BURST_ACTIVITY,1
tx26146_00015582,BURST_ACTIVITY,1
tx26146_00015583,BURST_ACTIVITY,1
tx26146_00015584,BURST_ACTIVITY,1
tx26146_00015585,BURST_ACTIVITY,1
tx26146_00015586,BURST_ACTIVITY,1
tx26146_00015587,BURST_ACTIVITY,1
tx26146_00015588,BURST_ACTIVITY,1
tx26146_00015589,BURST_ACTIVITY,1
tx26146_00015590,BURST_ACTIVITY,1
tx26146_00015591,BURST_ACTIVITY,1
tx26146_00015592,BURST_ACTIVITY,1
tx26146_00015593,BURST_ACTIVITY,1
tx26146_00015594,BURST_ACTIVITY,1
tx26146_00015595,BURST_ACTIVITY,1
tx26146_00015596,BURST_ACTIVITY,1
tx26146_00015597,BURST_ACTIVITY,1
tx26146_00015598,BURST_ACTIVITY,1
tx26146_00015599,BURST_ACTIVITY,1
tx26146_00015600,BURST_ACTIVITY,1
tx26146_00015601,BURST_ACTIVITY,1
tx26146_00015602,BURST_ACTIVITY,1
tx26146_00015603,BURST_ACTIVITY,1
tx26146_00015604,BURST_ACTIVITY,1
tx26146_00015605,BURST_ACTIVITY,1
tx26146_00015606,BURST_ACTIVITY,1
tx26146_00015607,BURST_ACTIVITY,1
tx26146_00015608,BURST_ACTIVITY,1
tx26146_00015609,BURST_ACTIVITY,1
tx26146_00015610,BURST_ACTIVITY,1
tx26146_00015611,BURST_ACTIVITY,1
tx26146_00015612,BURST_ACTIVITY,1
tx26146_00015613,BURST_ACTIVITY,1
tx26146_00015614,BURST_ACTIVITY,1
tx26146_00015615,BURST_ACTIVITY,1
tx26146_00015616,BURST_ACTIVITY,1
tx26146_00015617,BURST_ACTIVITY,1
tx26146_00015618,BURST_ACTIVITY,1
tx26146_00015619,BURST_ACTIVITY,1
tx26146_00015620,BURST_ACTIVITY,1
tx26146_00015621,BURST_ACTIVITY,1
tx26146_00015622,BURST_ACTIVITY,1
tx26146_00015623,BURST_ACTIVITY,1
tx26146_00015624,BURST_ACTIVITY,1
tx26146_00015625,BURST_ACTIVITY,1
tx26146_00015626,BURST_ACTIVITY,1
tx26146_00015627,BURST_ACTIVITY,1
tx26146_00015628,BURST_ACTIVITY,1
tx26146_00015629,BURST_ACTIVITY,1
tx26146_00015630,BURST_ACTIVITY,1
tx26146_00015631,BURST_ACTIVITY,1
tx26146_00015632,BURST_ACTIVITY,1
tx26146_00015633,BURST_ACTIVITY,1
tx26146_00015634,BURST_ACTIVITY,1
tx26146_00015635,BURST_ACTIVITY,1
tx26146_00015636,BURST_ACTIVITY,1
tx26146_00015637,BURST_ACTIVITY,1
tx26146_00015638,BURST_ACTIVITY,1
tx26146_00015639,BURST_ACTIVITY,1
tx26146_00015640,BURST_ACTIVITY,1
tx26146_00015641,BURST_ACTIVITY,1
tx26146_00015642,BURST_ACTIVITY,1
tx26146_00015643,BURST_ACTIVITY,1
tx26146_00015644,BURST_ACTIVITY,1
tx26146_00015645,BURST_ACTIVITY,1
tx26146_00015646,BURST_ACTIVITY,1
tx26146_00015647,BURST_ACTIVITY,1
tx26146_00015648,BURST_ACTIVITY,1
tx26146_00015649,BURST_ACTIVITY,1
tx26146_00015650,BURST_ACTIVITY,1
tx26146_00015651,BURST_ACTIVITY,1
tx26146_00015652,BURST_ACTIVITY,1
tx26146_00015653,BURST_ACTIVITY,1
tx26146_00015654,BURST_ACTIVITY,1
tx26146_00015655,BURST_ACTIVITY,1
tx26146_00015656,BURST_ACTIVITY,1
tx26146_00015657,BURST_ACTIVITY,1
tx26146_00015658,BURST_ACTIVITY,1
tx26146_00015659,BURST_ACTIVITY,1
tx26146_00015660,BURST_ACTIVITY,1
tx26146_00015661,BURST_ACTIVITY,1
tx26146_00015662,BURST_ACTIVITY,1
tx26146_00015663,BURST_ACTIVITY,1
tx26146_00015664,BURST_ACTIVITY,1
tx26146_00015665,BURST_ACTIVITY,1
tx26146_00015666,BURST_ACTIVITY,1
tx26146_00015667,BURST_ACTIVITY,1
tx26146_00015668,BURST_ACTIVITY,1
tx26146_00015669,BURST_ACTIVITY,1
tx26146_00015670,BURST_ACTIVITY,1
tx26146_00015671,BURST_ACTIVITY,1
tx26146_00015672,BURST_ACTIVITY,1
tx26146_00015673,BURST_ACTIVITY,1
tx26146_00015674,BURST_ACTIVITY,1
tx26146_00015675,BURST_ACTIVITY,1
tx26146_00015676,BURST_ACTIVITY,1
tx26146_00015677,BURST_ACTIVITY,1
tx26146_00015678,BURST_ACTIVITY,1
tx26146_00015679,BURST_ACTIVITY,1
tx26146_00015680,BURST_ACTIVITY,1
tx26146_00015681,BURST_ACTIVITY,1
tx26146_00015682,BURST_ACTIVITY,1
tx26146_00015683,BURST_ACTIVITY,1
tx26146_00015684,BURST_ACTIVITY,1
tx26146_00015685,BURST_ACTIVITY,1
tx26146_00015686,BURST_ACTIVITY,1
tx26146_00015687,BURST_ACTIVITY,1
tx26146_00015688,BURST_ACTIVITY,1
tx26146_00015689,BURST_ACTIVITY,1
tx26146_00015690,BURST_ACTIVITY,1
tx26146_00015691,BURST_ACTIVITY,1
tx26146_00015692,BURST_ACTIVITY,1
tx26146_00015693,BURST_ACTIVITY,1
tx26146_00015694,BURST_ACTIVITY,1
tx26146_00015695,BURST_ACTIVITY,1
tx26146_00015696,BURST_ACTIVITY,1
tx26146_00015697,BURST_ACTIVITY,1
tx26146_00015698,BURST_ACTIVITY,1
tx26146_00015699,BURST_ACTIVITY,1
tx26146_00015700,BURST_ACTIVITY,1
tx26146_00015701,BURST_ACTIVITY,1
tx26146_00015702,BURST_ACTIVITY,1
tx26146_00015703,BURST_ACTIVITY,1
tx26146_00015704,BURST_ACTIVITY,1
tx26146_00015705,BURST_ACTIVITY,1
tx26146_00015706,BURST_ACTIVITY,1
tx26146_00015707,BURST_ACTIVITY,1
tx26146_00015708,BURST_ACTIVITY,1
tx26146_00015709,BURST_ACTIVITY,1
tx26146_00015710,BURST_ACTIVITY,1
tx26146_00015711,BURST_ACTIVITY,1
tx26146_00015712,BURST_ACTIVITY,1
tx26146_00015713,BURST_ACTIVITY,1
tx26146_00015714,BURST_ACTIVITY,1
tx26146_00015715,BURST_ACTIVITY,1
tx26146_00015716,BURST_ACTIVITY,1
tx26146_00015717,BURST_ACTIVITY,1
tx26146_00015718,BURST_ACTIVITY,1
tx26146_00015719,BURST_ACTIVITY,1
tx26146_00015720,BURST_ACTIVITY,1
tx26146_00015721,BURST_ACTIVITY,1
tx26146_00015722,BURST_ACTIVITY,1
tx26146_00015723,BURST_ACTIVITY,1
tx26146_00015724,BURST_ACTIVITY,1
tx26146_00015725,BURST_ACTIVITY,1
tx26146_00015726,BURST_ACTIVITY,1
tx26146_00015727,BURST_ACTIVITY,1
tx26146_00015728,BURST_ACTIVITY,1
tx26146_00015729,BURST_ACTIVITY,1
tx26146_00015730,BURST_ACTIVITY,1
tx26146_00015731,BURST_ACTIVITY,1
tx26146_00015732,BURST_ACTIVITY,1
tx26146_00015733,BURST_ACTIVITY,1
tx26146_00015734,BURST_ACTIVITY,1
tx26146_00015735,BURST_ACTIVITY,1
tx26146_00015736,BURST_ACTIVITY,1
tx26146_00015737,BURST_ACTIVITY,1
tx26146_00015738,BURST_ACTIVITY,1
tx26146_00015739,BURST_ACTIVITY,1
tx26146_00015740,BURST_ACTIVITY,1
tx26146_00015741,BURST_ACTIVITY,1
tx26146_00015742,BURST_ACTIVITY,1
tx26146_00015743,BURST_ACTIVITY,1
tx26146_00015744,BURST_ACTIVITY,1
tx26146_00015745,BURST_ACTIVITY,1
tx26146_00015746,BURST_ACTIVITY,1
tx26146_00015747,BURST_ACTIVITY,1
tx26146_00015748,BURST_ACTIVITY,1
tx26146_00015749,BURST_ACTIVITY,1
tx26146_00015750,BURST_ACTIVITY,1
tx26146_00015751,BURST_ACTIVITY,1
tx26146_00015752,BURST_ACTIVITY,1
tx26146_00015753,BURST_ACTIVITY,1
tx26146_00015754,BURST_ACTIVITY,1
tx26146_00015755,BURST_ACTIVITY,1
tx26146_00015756,BURST_ACTIVITY,1
tx26146_00015757,BURST_ACTIVITY,1
tx26146_00015758,BURST_ACTIVITY,1
tx26146_00015759,BURST_ACTIVITY,1
tx26146_00015760,BURST_ACTIVITY,1
tx26146_00015761,BURST_ACTIVITY,1
tx26146_00015762,BURST_ACTIVITY,1
tx26146_00015763,BURST_ACTIVITY,1
tx26146_00015764,BURST_ACTIVITY,1
tx26146_00015765,BURST_ACTIVITY,1
tx26146_00015766,BURST_ACTIVITY,1
tx26146_00015767,BURST_ACTIVITY,1
tx26146_00015768,BURST_ACTIVITY,1
tx26146_00015769,BURST_ACTIVITY,1
tx26146_00015770,BURST_ACTIVITY,1
tx26146_00015771,BURST_ACTIVITY,1
tx26146_00015772,BURST_ACTIVITY,1
tx26146_00015773,BURST_ACTIVITY,1
tx26146_00015774,BURST_ACTIVITY,1
tx26146_00015775,BURST_ACTIVITY,1
tx26146_00015776,BURST_ACTIVITY,1
tx26146_00015777,BURST_ACTIVITY,1
tx26146_00015778,BURST_ACTIVITY,1
tx26146_00015779,BURST_ACTIVITY,1
tx26146_00015780,BURST_ACTIVITY,1
tx26146_00015781,BURST_ACTIVITY,1
tx26146_00015782,BURST_ACTIVITY,1
tx26146_00015783,BURST_ACTIVITY,1
tx26146_00015784,BURST_ACTIVITY,1
tx26146_00015785,BURST_ACTIVITY,1
tx26146_00015786,BURST_ACTIVITY,1
tx26146_00015787,BURST_ACTIVITY,1
tx26146_00015788,BURST_ACTIVITY,1
tx26146_00015789,BURST_ACTIVITY,1
tx26146_00015790,BURST_ACTIVITY,1
tx26146_00015791,BURST_ACTIVITY,1
tx26146_00015792,BURST_ACTIVITY,1
tx26146_00015793,BURST_ACTIVITY,1
tx26146_00015794,BURST_ACTIVITY,1
tx26146_00015795,BURST_ACTIVITY,1
tx26146_00015796,BURST_ACTIVITY,1
tx26146_00015797,BURST_ACTIVITY,1
tx26146_00015798,BURST_ACTIVITY,1
tx26146_00015799,BURST_ACTIVITY,1
tx26146_00015800,BURST_ACTIVITY,1
tx26146_00015801,BURST_ACTIVITY,1
tx26146_00015802,BURST_ACTIVITY,1
tx26146_00015803,BURST_ACTIVITY,1
tx26146_00015804,BURST_ACTIVITY,1
tx26146_00015805,BURST_ACTIVITY,1
tx26146_00015806,BURST_ACTIVITY,1
tx26146_00015807,BURST_ACTIVITY,1
tx26146_00015808,BURST_ACTIVITY,1
tx26146_00015809,BURST_ACTIVITY,1
tx26146_00015810,BURST_ACTIVITY,1
tx26146_00015811,BURST_ACTIVITY,1
tx26146_00015812,BURST_ACTIVITY,1
tx26146_00015813,BURST_ACTIVITY,1
tx26146_00015814,BURST_ACTIVITY,1
tx26146_00015815,BURST_ACTIVITY,1
tx26146_00015816,BURST_ACTIVITY,1
tx26146_00015817,BURST_ACTIVITY,1
tx26146_00015818,BURST_ACTIVITY,1
tx26146_00015819,BURST_ACTIVITY,1
tx26146_00015820,BURST_ACTIVITY,1
tx26146_00015821,BURST_ACTIVITY,1
tx26146_00015822,BURST_ACTIVITY,1
tx26146_00015823,BURST_ACTIVITY,1
tx26146_00015824,BURST_ACTIVITY,1
tx26146_00015825,BURST_ACTIVITY,1
tx26146_00015826,BURST_ACTIVITY,1
tx26146_00015827,BURST_ACTIVITY,1
tx26146_00015828,BURST_ACTIVITY,1
tx26146_00015829,BURST_ACTIVITY,1
tx26146_00015830,BURST_ACTIVITY,1
tx26146_00015831,BURST_ACTIVITY,1
tx26146_00015832,BURST_ACTIVITY,1
tx26146_00015833,BURST_ACTIVITY,1
tx26146_00015834,BURST_ACTIVITY,1
tx26146_00015835,BURST_ACTIVITY,1
tx26146_00015836,BURST_ACTIVITY,1
tx26146_00015837,BURST_ACTIVITY,1
tx26146_00015838,BURST_ACTIVITY,1
tx26146_00015839,BURST_ACTIVITY,1
tx26146_00015840,BURST_ACTIVITY,1
tx26146_00015841,BURST_ACTIVITY,1
tx26146_00015842,BURST_ACTIVITY,1
tx26146_00015843,BURST_ACTIVITY,1
tx26146_00015844,BURST_ACTIVITY,1
tx26146_00015845,BURST_ACTIVITY,1
tx26146_00015846,BURST_ACTIVITY,1
tx26146_00015847,BURST_ACTIVITY,1
tx26146_00015848,BURST_ACTIVITY,1
tx26146_00015849,BURST_ACTIVITY,1
tx26146_00015850,BURST_ACTIVITY,1
tx26146_00015851,BURST_ACTIVITY,1
tx26146_00015852,BURST_ACTIVITY,1
tx26146_00015853,BURST_ACTIVITY,1
tx26146_00015854,BURST_ACTIVITY,1
tx26146_00015855,BURST_ACTIVITY,1
tx26146_00015856,BURST_ACTIVITY,1
tx26146_00015857,BURST_ACTIVITY,1
tx26146_00015858,BURST_ACTIVITY,1
tx26146_00015859,BURST_ACTIVITY,1
tx26146_00015860,BURST_ACTIVITY,1
tx26146_00015861,BURST_ACTIVITY,1
tx26146_00015862,BURST_ACTIVITY,1
tx26146_00015863,BURST_ACTIVITY,1
tx26146_00015864,BURST_ACTIVITY,1
tx26146_00015865,BURST_ACTIVITY,1
tx26146_00015866,BURST_ACTIVITY,1
tx26146_00015867,BURST_ACTIVITY,1
tx26146_00015868,BURST_ACTIVITY,1
tx26146_00015869,BURST_ACTIVITY,1
tx26146_00015870,BURST_ACTIVITY,1
tx26146_00015871,BURST_ACTIVITY,1
tx26146_00015872,BURST_ACTIVITY,1
tx26146_00015873,BURST_ACTIVITY,1
tx26146_00015874,BURST_ACTIVITY,1
tx26146_00015875,BURST_ACTIVITY,1
tx26146_00015876,BURST_ACTIVITY,1
tx26146_00015877,BURST_ACTIVITY,1
tx26146_00015878,BURST_ACTIVITY,1
tx26146_00015879,BURST_ACTIVITY,1
tx26146_00015880,BURST_ACTIVITY,1
tx26146_00015881,BURST_ACTIVITY,1
tx26146_00015882,BURST_ACTIVITY,1
tx26146_00015883,BURST_ACTIVITY,1
tx26146_00015884,BURST_ACTIVITY,1
tx26146_00015885,BURST_ACTIVITY,1
tx26146_00015886,BURST_ACTIVITY,1
tx26146_00015887,BURST_ACTIVITY,1
tx26146_00015888,BURST_ACTIVITY,1
tx26146_00015889,BURST_ACTIVITY,1
tx26146_00015890,BURST_ACTIVITY,1
tx26146_00015891,BURST_ACTIVITY,1
tx26146_00015892,BURST_ACTIVITY,1
tx26146_00015893,BURST_ACTIVITY,1
tx26146_00015894,BURST_ACTIVITY,1
tx26146_00015895,BURST_ACTIVITY,1
tx26146_00015896,BURST_ACTIVITY,1
tx26146_00015897,BURST_ACTIVITY,1
tx26146_00015898,BURST_ACTIVITY,1
tx26146_00015899,BURST_ACTIVITY,1
tx26146_00015900,BURST_ACTIVITY,1
tx26146_00015901,BURST_ACTIVITY,1
tx26146_00015902,BURST_ACTIVITY,1
tx26146_00015903,BURST_ACTIVITY,1
tx26146_00015904,BURST_ACTIVITY,1
tx26146_00015905,BURST_ACTIVITY,1
tx26146_00015906,BURST_ACTIVITY,1
tx26146_00015907,BURST_ACTIVITY,1
tx26146_00015908,BURST_ACTIVITY,1
tx26146_00015909,BURST_ACTIVITY,1
tx26146_00015910,BURST_ACTIVITY,1
tx26146_00015911,BURST_ACTIVITY,1
tx26146_00015912,BURST_ACTIVITY,1
tx26146_00015913,BURST_ACTIVITY,1
tx26146_00015914,BURST_ACTIVITY,1
tx26146_00015915,BURST_ACTIVITY,1
tx26146_00015916,BURST_ACTIVITY,1
tx26146_00015917,BURST_ACTIVITY,1
tx26146_00015918,BURST_ACTIVITY,1
tx26146_00015919,BURST_ACTIVITY,1
tx26146_00015920,BURST_ACTIVITY,1
tx26146_00015921,BURST_ACTIVITY,1
tx26146_00015922,BURST_ACTIVITY,1
tx26146_00015923,BURST_ACTIVITY,1
tx26146_00015924,BURST_ACTIVITY,1
tx26146_00015925,BURST_ACTIVITY,1
tx26146_00015926,BURST_ACTIVITY,1
tx26146_00015927,BURST_ACTIVITY,1
tx26146_00015928,BURST_ACTIVITY,1
tx26146_00015929,BURST_ACTIVITY,1
tx26146_00015930,BURST_ACTIVITY,1
tx26146_00015931,BURST_ACTIVITY,1
tx26146_00015932,BURST_ACTIVITY,1
tx26146_00015933,BURST_ACTIVITY,1
tx26146_00015934,BURST_ACTIVITY,1
tx26146_00015935,BURST_ACTIVITY,1
tx26146_00015936,BURST_ACTIVITY,1
tx26146_00015937,BURST_ACTIVITY,1
tx26146_00015938,BURST_ACTIVITY,1
tx26146_00015939,BURST_ACTIVITY,1
tx26146_00015940,BURST_ACTIVITY,1
tx26146_00015941,BURST_ACTIVITY,1
tx26146_00015942,BURST_ACTIVITY,1
tx26146_00015943,BURST_ACTIVITY,1
tx26146_00015944,BURST_ACTIVITY,1
tx26146_00015945,BURST_ACTIVITY,1
tx26146_00015946,BURST_ACTIVITY,1
tx26146_00015947,BURST_ACTIVITY,1
tx26146_00015948,BURST_ACTIVITY,1
tx26146_00015949,BURST_ACTIVITY,1
tx26146_00015950,BURST_ACTIVITY,1
tx26146_00015951,BURST_ACTIVITY,1
tx26146_00015952,BURST_ACTIVITY,1
tx26146_00015953,BURST_ACTIVITY,1
tx26146_00015954,BURST_ACTIVITY,1
tx26146_00015955,BURST_ACTIVITY,1
tx26146_00015956,BURST_ACTIVITY,1
tx26146_00015957,BURST_ACTIVITY,1
tx26146_00015958,BURST_ACTIVITY,1
tx26146_00015959,BURST_ACTIVITY,1
tx26146_00015960,BURST_ACTIVITY,1
tx26146_00015961,BURST_ACTIVITY,1
tx26146_00015962,BURST_ACTIVITY,1
tx26146_00015963,BURST_ACTIVITY,1
tx26146_00015964,BURST_ACTIVITY,1
tx26146_00015965,BURST_ACTIVITY,1
tx26146_00015966,BURST_ACTIVITY,1
tx26146_00015967,BURST_ACTIVITY,1
tx26146_00015968,BURST_ACTIVITY,1
tx26146_00015969,BURST_ACTIVITY,1
tx26146_00015970,BURST_ACTIVITY,1
tx26146_00015971,BURST_ACTIVITY,1
tx26146_00015972,BURST_ACTIVITY,1
tx26146_00015973,BURST_ACTIVITY,1
tx26146_00015974,BURST_ACTIVITY,1
tx26146_00015975,BURST_ACTIVITY,1
tx26146_00015976,BURST_ACTIVITY,1
tx26146_00015977,BURST_ACTIVITY,1
tx26146_00015978,BURST_ACTIVITY,1
tx26146_00015979,BURST_ACTIVITY,1
tx26146_00015980,BURST_ACTIVITY,1
tx26146_00015981,BURST_ACTIVITY,1
tx26146_00015982,BURST_ACTIVITY,1
tx26146_00015983,BURST_ACTIVITY,1
tx26146_00015984,BURST_ACTIVITY,1
tx26146_00015985,BURST_ACTIVITY,1
tx26146_00015986,BURST_ACTIVITY,1
tx26146_00015987,BURST_ACTIVITY,1
tx26146_00015988,BURST_ACTIVITY,1
tx26146_00015989,BURST_ACTIVITY,1
tx26146_00015990,BURST_ACTIVITY,1
tx26146_00015991,BURST_ACTIVITY,1
tx26146_00015992,BURST_ACTIVITY,1
tx26146_00015993,BURST_ACTIVITY,1
tx26146_00015994,BURST_ACTIVITY,1
tx26146_00015995,BURST_ACTIVITY,1
tx26146_00015996,BURST_ACTIVITY,1
tx26146_00015997,BURST_ACTIVITY,1
tx26146_00015998,BURST_ACTIVITY,1
tx26146_00015999,BURST_ACTIVITY,1
tx26146_00016000,BURST_ACTIVITY,1
tx26146_00016001,BURST_ACTIVITY,1
tx26146_00016002,BURST_ACTIVITY,1
tx26146_00016003,BURST_ACTIVITY,1
tx26146_00016004,BURST_ACTIVITY,1
tx26146_00016005,BURST_ACTIVITY,1
tx26146_00016006,BURST_ACTIVITY,1
tx26146_00016007,BURST_ACTIVITY,1
tx26146_00016008,BURST_ACTIVITY,1
tx26146_00016009,BURST_ACTIVITY,1
tx26146_00016010,BURST_ACTIVITY,1
tx26146_00016011,BURST_ACTIVITY,1
tx26146_00016012,BURST_ACTIVITY,1
tx26146_00016013,BURST_ACTIVITY,1
tx26146_00016014,BURST_ACTIVITY,1
tx26146_00016015,BURST_ACTIVITY,1
tx26146_00016016,BURST_ACTIVITY,1
tx26146_00016017,BURST_ACTIVITY,1
tx26146_00016018,BURST_ACTIVITY,1
tx26146_00016019,BURST_ACTIVITY,1
tx26146_00016020,BURST_ACTIVITY,1
tx26146_00016021,BURST_ACTIVITY,1
tx26146_00016022,BURST_ACTIVITY,1
tx26146_00016023,BURST_ACTIVITY,1
tx26146_00016024,BURST_ACTIVITY,1
tx26146_00016025,BURST_ACTIVITY,1
tx26146_00016026,BURST_ACTIVITY,1
tx26146_00016027,BURST_ACTIVITY,1
tx26146_00016028,BURST_ACTIVITY,1
tx26146_00016029,BURST_ACTIVITY,1
tx26146_00016030,BURST_ACTIVITY,1
tx26146_00016031,BURST_ACTIVITY,1
tx26146_00016032,BURST_ACTIVITY,1
tx26146_00016033,BURST_ACTIVITY,1
tx26146_00016034,BURST_ACTIVITY,1
tx26146_00016035,BURST_ACTIVITY,1
tx26146_00016036,BURST_ACTIVITY,1
tx26146_00016037,BURST_ACTIVITY,1
tx26146_00016038,BURST_ACTIVITY,1
tx26146_00016039,BURST_ACTIVITY,1
tx26146_00016040,BURST_ACTIVITY,1
tx26146_00016041,BURST_ACTIVITY,1
tx26146_00016042,BURST_ACTIVITY,1
tx26146_00016043,BURST_ACTIVITY,1
tx26146_00016044,BURST_ACTIVITY,1
tx26146_00016045,BURST_ACTIVITY,1
tx26146_00016046,BURST_ACTIVITY,1
tx26146_00016047,BURST_ACTIVITY,1
tx26146_00016048,BURST_ACTIVITY,1
tx26146_00016049,BURST_ACTIVITY,1
tx26146_00016050,BURST_ACTIVITY,1
tx26146_00016051,BURST_ACTIVITY,1
tx26146_00016052,BURST_ACTIVITY,1
tx26146_00016053,BURST_ACTIVITY,1
tx26146_00016054,BURST_ACTIVITY,1
tx26146_00016055,BURST_ACTIVITY,1
tx26146_00016056,BURST_ACTIVITY,1
tx26146_00016057,BURST_ACTIVITY,1
tx26146_00016058,BURST_ACTIVITY,1
tx26146_00016059,BURST_ACTIVITY,1
tx26146_00016060,BURST_ACTIVITY,1
tx26146_00016061,BURST_ACTIVITY,1
tx26146_00016062,BURST_ACTIVITY,1
tx26146_00016063,BURST_ACTIVITY,1
tx26146_00016064,BURST_ACTIVITY,1
tx26146_00016065,BURST_ACTIVITY,1
tx26146_00016066,BURST_ACTIVITY,1
tx26146_00016067,BURST_ACTIVITY,1
tx26146_00016068,BURST_ACTIVITY,1
tx26146_00016069,BURST_ACTIVITY,1
tx26146_00016070,BURST_ACTIVITY,1
tx26146_00016071,BURST_ACTIVITY,1
tx26146_00016072,BURST_ACTIVITY,1
tx26146_00016073,BURST_ACTIVITY,1
tx26146_00016074,BURST_ACTIVITY,1
tx26146_00016075,BURST_ACTIVITY,1
tx26146_00016076,BURST_ACTIVITY,1
tx26146_00016077,BURST_ACTIVITY,1
tx26146_00016078,BURST_ACTIVITY,1
tx26146_00016079,BURST_ACTIVITY,1
tx26146_00016080,BURST_ACTIVITY,1
tx26146_00016081,BURST_ACTIVITY,1
tx26146_00016082,BURST_ACTIVITY,1
tx26146_00016083,BURST_ACTIVITY,1
tx26146_00016084,BURST_ACTIVITY,1
tx26146_00016085,BURST_ACTIVITY,1
tx26146_00016086,BURST_ACTIVITY,1
tx26146_00016087,BURST_ACTIVITY,1
tx26146_00016088,BURST_ACTIVITY,1
tx26146_00016089,BURST_ACTIVITY,1
tx26146_00016090,BURST_ACTIVITY,1
tx26146_00016091,BURST_ACTIVITY,1
tx26146_00016092,BURST_ACTIVITY,1
tx26146_00016093,BURST_ACTIVITY,1
tx26146_00016094,BURST_ACTIVITY,1
tx26146_00016095,BURST_ACTIVITY,1
tx26146_00016096,BURST_ACTIVITY,1
tx26146_00016097,BURST_ACTIVITY,1
tx26146_00016098,BURST_ACTIVITY,1
tx26146_00016099,BURST_ACTIVITY,1
tx26146_00016100,BURST_ACTIVITY,1
tx26146_00016101,BURST_ACTIVITY,1
tx26146_00016102,BURST_ACTIVITY,1
tx26146_00016103,BURST_ACTIVITY,1
tx26146_00016104,BURST_ACTIVITY,1
tx26146_00016105,BURST_ACTIVITY,1
tx26146_00016106,BURST_ACTIVITY,1
tx26146_00016107,BURST_ACTIVITY,1
tx26146_00016108,BURST_ACTIVITY,1
tx26146_00016109,BURST_ACTIVITY,1
tx26146_00016110,BURST_ACTIVITY,1
tx26146_00016111,BURST_ACTIVITY,1
tx26146_00016112,BURST_ACTIVITY,1
tx26146_00016113,BURST_ACTIVITY,1
tx26146_00016114,BURST_ACTIVITY,1
tx26146_00016115,BURST_ACTIVITY,1
tx26146_00016116,BURST_ACTIVITY,1
tx26146_00016117,BURST_ACTIVITY,1
tx26146_00016118,BURST_ACTIVITY,1
tx26146_00016119,BURST_ACTIVITY,1
tx26146_00016120,BURST_ACTIVITY,1
tx26146_00016121,BURST_ACTIVITY,1
tx26146_00016122,BURST_ACTIVITY,1
tx26146_00016123,BURST_ACTIVITY,1
tx26146_00016124,BURST_ACTIVITY,1
tx26146_00016125,BURST_ACTIVITY,1
tx26146_00016126,BURST_ACTIVITY,1
tx26146_00016127,BURST_ACTIVITY,1
tx26146_00016128,BURST_ACTIVITY,1
tx26146_00016129,BURST_ACTIVITY,1
tx26146_00016130,BURST_ACTIVITY,1
tx26146_00016131,BURST_ACTIVITY,1
tx26146_00016132,BURST_ACTIVITY,1
tx26146_00016133,BURST_ACTIVITY,1
tx26146_00016134,BURST_ACTIVITY,1
tx26146_00016135,BURST_ACTIVITY,1
tx26146_00016136,BURST_ACTIVITY,1
tx26146_00016137,BURST_ACTIVITY,1
tx26146_00016138,BURST_ACTIVITY,1
tx26146_00016139,BURST_ACTIVITY,1
tx26146_00016140,BURST_ACTIVITY,1
tx26146_00016141,BURST_ACTIVITY,1
tx26146_00016142,BURST_ACTIVITY,1
tx26146_00016143,BURST_ACTIVITY,1
tx26146_00016144,BURST_ACTIVITY,1
tx26146_00016145,BURST_ACTIVITY,1
tx26146_00016146,BURST_ACTIVITY,1
tx26146_00016147,BURST_ACTIVITY,1
tx26146_00016148,BURST_ACTIVITY,1
tx26146_00016149,BURST_ACTIVITY,1
tx26146_00016150,BURST_ACTIVITY,1
tx26146_00016151,BURST_ACTIVITY,1
tx26146_00016152,BURST_ACTIVITY,1
tx26146_00016153,BURST_ACTIVITY,1
tx26146_00016154,BURST_ACTIVITY,1
tx26146_00016155,BURST_ACTIVITY,1
tx26146_00016156,BURST_ACTIVITY,1
tx26146_00016157,BURST_ACTIVITY,1
tx26146_00016158,BURST_ACTIVITY,1
tx26146_00016159,BURST_ACTIVITY,1
tx26146_00016160,BURST_ACTIVITY,1
tx26146_00016161,BURST_ACTIVITY,1
tx26146_00016162,BURST_ACTIVITY,1
tx26146_00016163,BURST_ACTIVITY,1
tx26146_00016164,BURST_ACTIVITY,1
tx26146_00016165,BURST_ACTIVITY,1
tx26146_00016166,BURST_ACTIVITY,1
tx26146_00016167,BURST_ACTIVITY,1
tx26146_00016168,BURST_ACTIVITY,1
tx26146_00016169,BURST_ACTIVITY,1
tx26146_00016170,BURST_ACTIVITY,1
tx26146_00016171,BURST_ACTIVITY,1
tx26146_00016172,BURST_ACTIVITY,1
tx26146_00016173,BURST_ACTIVITY,1
tx26146_00016174,BURST_ACTIVITY,1
tx26146_00016175,BURST_ACTIVITY,1
tx26146_00016176,BURST_ACTIVITY,1
tx26146_00016177,BURST_ACTIVITY,1
tx26146_00016178,BURST_ACTIVITY,1
tx26146_00016179,BURST_ACTIVITY,1
tx26146_00016180,BURST_ACTIVITY,1
tx26146_00016181,BURST_ACTIVITY,1
tx26146_00016182,BURST_ACTIVITY,1
tx26146_00016183,BURST_ACTIVITY,1
tx26146_00016184,BURST_ACTIVITY,1
tx26146_00016185,BURST_ACTIVITY,1
tx26146_00016186,BURST_ACTIVITY,1
tx26146_00016187,BURST_ACTIVITY,1
tx26146_00016188,BURST_ACTIVITY,1
tx26146_00016189,BURST_ACTIVITY,1
tx26146_00016190,BURST_ACTIVITY,1
tx26146_00016191,BURST_ACTIVITY,1
tx26146_00016192,BURST_ACTIVITY,1
tx26146_00016193,BURST_ACTIVITY,1
tx26146_00016194,BURST_ACTIVITY,1
tx26146_00016195,BURST_ACTIVITY,1
tx26146_00016196,BURST_ACTIVITY,1
tx26146_00016197,BURST_ACTIVITY,1
tx26146_00016198,BURST_ACTIVITY,1
tx26146_00016199,BURST_ACTIVITY,1
tx26146_00016200,BURST_ACTIVITY,1
tx26146_00016201,BURST_ACTIVITY,1
tx26146_00016202,BURST_ACTIVITY,1
tx26146_00016203,BURST_ACTIVITY,1
tx26146_00016204,BURST_ACTIVITY,1
tx26146_00016205,BURST_ACTIVITY,1
tx26146_00016206,BURST_ACTIVITY,1
tx26146_00016207,BURST_ACTIVITY,1
tx26146_00016208,BURST_ACTIVITY,1
tx26146_00016209,BURST_ACTIVITY,1
tx26146_00016210,BURST_ACTIVITY,1
tx26146_00016211,BURST_ACTIVITY,1
tx26146_00016212,BURST_ACTIVITY,1
tx26146_00016213,BURST_ACTIVITY,1
tx26146_00016214,BURST_ACTIVITY,1
tx26146_00016215,BURST_ACTIVITY,1
tx26146_00016216,BURST_ACTIVITY,1
tx26146_00016217,BURST_ACTIVITY,1
tx26146_00016218,BURST_ACTIVITY,1
tx26146_00016219,BURST_ACTIVITY,1
tx26146_00016220,BURST_ACTIVITY,1
tx26146_00016221,BURST_ACTIVITY,1
tx26146_00016222,BURST_ACTIVITY,1
tx26146_00016223,BURST_ACTIVITY,1
tx26146_00016224,BURST_ACTIVITY,1
tx26146_00016225,BURST_ACTIVITY,1
tx26146_00016226,BURST_ACTIVITY,1
tx26146_00016227,BURST_ACTIVITY,1
tx26146_00016228,BURST_ACTIVITY,1
tx26146_00016229,BURST_ACTIVITY,1
tx26146_00016230,BURST_ACTIVITY,1
tx26146_00016231,BURST_ACTIVITY,1
tx26146_00016232,BURST_ACTIVITY,1
tx26146_00016233,BURST_ACTIVITY,1
tx26146_00016234,BURST_ACTIVITY,1
tx26146_00016235,BURST_ACTIVITY,1
tx26146_00016236,BURST_ACTIVITY,1
tx26146_00016237,BURST_ACTIVITY,1
tx26146_00016238,BURST_ACTIVITY,1
tx26146_00016239,BURST_ACTIVITY,1
tx26146_00016240,BURST_ACTIVITY,1
tx26146_00016241,BURST_ACTIVITY,1
tx26146_00016242,BURST_ACTIVITY,1
tx26146_00016243,BURST_ACTIVITY,1
tx26146_00016244,BURST_ACTIVITY,1
tx26146_00016245,BURST_ACTIVITY,1
tx26146_00016246,BURST_ACTIVITY,1
tx26146_00016247,BURST_ACTIVITY,1
tx26146_00016248,BURST_ACTIVITY,1
tx26146_00016249,BURST_ACTIVITY,1
tx26146_00016250,BURST_ACTIVITY,1
tx26146_00016251,BURST_ACTIVITY,1
tx26146_00016252,BURST_ACTIVITY,1
tx26146_00016253,BURST_ACTIVITY,1
tx26146_00016254,BURST_ACTIVITY,1
tx26146_00016255,BURST_ACTIVITY,1
tx26146_00016256,BURST_ACTIVITY,1
tx26146_00016257,BURST_ACTIVITY,1
tx26146_00016258,BURST_ACTIVITY,1
tx26146_00016259,BURST_ACTIVITY,1
tx26146_00016260,BURST_ACTIVITY,1
tx26146_00016261,BURST_ACTIVITY,1
tx26146_00016262,BURST_ACTIVITY,1
tx26146_00016263,BURST_ACTIVITY,1
tx26146_00016264,BURST_ACTIVITY,1
tx26146_00016265,BURST_ACTIVITY,1
tx26146_00016266,BURST_ACTIVITY,1
tx26146_00016267,BURST_ACTIVITY,1
tx26146_00016268,BURST_ACTIVITY,1
tx26146_00016269,BURST_ACTIVITY,1
tx26146_00016270,BURST_ACTIVITY,1
tx26146_00016271,BURST_ACTIVITY,1
tx26146_00016272,BURST_ACTIVITY,1
tx26146_00016273,BURST_ACTIVITY,1
tx26146_00016274,BURST_ACTIVITY,1
tx26146_00016275,BURST_ACTIVITY,1
tx26146_00016276,BURST_ACTIVITY,1
tx26146_00016277,BURST_ACTIVITY,1
tx26146_00016278,BURST_ACTIVITY,1
tx26146_00016279,BURST_ACTIVITY,1
tx26146_00016280,BURST_ACTIVITY,1
tx26146_00016281,BURST_ACTIVITY,1
tx26146_00016282,BURST_ACTIVITY,1
tx26146_00016283,BURST_ACTIVITY,1
tx26146_00016284,BURST_ACTIVITY,1
tx26146_00016285,BURST_ACTIVITY,1
tx26146_00016286,BURST_ACTIVITY,1
tx26146_00016287,BURST_ACTIVITY,1
tx26146_00016288,BURST_ACTIVITY,1
tx26146_00016289,BURST_ACTIVITY,1
tx26146_00016290,BURST_ACTIVITY,1
tx26146_00016291,BURST_ACTIVITY,1
tx26146_00016292,BURST_ACTIVITY,1
tx26146_00016293,BURST_ACTIVITY,1
tx26146_00016294,BURST_ACTIVITY,1
tx26146_00016295,BURST_ACTIVITY,1
tx26146_00016296,BURST_ACTIVITY,1
tx26146_00016297,BURST_ACTIVITY,1
tx26146_00016298,BURST_ACTIVITY,1
tx26146_00016299,BURST_ACTIVITY,1
tx26146_00016300,BURST_ACTIVITY,1
tx26146_00016301,BURST_ACTIVITY,1
tx26146_00016302,BURST_ACTIVITY,1
tx26146_00016303,BURST_ACTIVITY,1
tx26146_00016304,BURST_ACTIVITY,1
tx26146_00016305,BURST_ACTIVITY,1
tx26146_00016306,BURST_ACTIVITY,1
tx26146_00016307,BURST_ACTIVITY,1
tx26146_00016308,BURST_ACTIVITY,1
tx26146_00016309,BURST_ACTIVITY,1
tx26146_00016310,BURST_ACTIVITY,1
tx26146_00016311,BURST_ACTIVITY,1
tx26146_00016312,BURST_ACTIVITY,1
tx26146_00016313,BURST_ACTIVITY,1
tx26146_00016314,BURST_ACTIVITY,1
tx26146_00016315,BURST_ACTIVITY,1
tx26146_00016316,BURST_ACTIVITY,1
tx26146_00016317,BURST_ACTIVITY,1
tx26146_00016318,BURST_ACTIVITY,1
tx26146_00016319,BURST_ACTIVITY,1
tx26146_00016320,BURST_ACTIVITY,1
tx26146_00016321,BURST_ACTIVITY,1
tx26146_00016322,BURST_ACTIVITY,1
tx26146_00016323,BURST_ACTIVITY,1
tx26146_00016324,BURST_ACTIVITY,1
tx26146_00016325,BURST_ACTIVITY,1
tx26146_00016326,BURST_ACTIVITY,1
tx26146_00016327,BURST_ACTIVITY,1
tx26146_00016328,BURST_ACTIVITY,1
tx26146_00016329,BURST_ACTIVITY,1
tx26146_00016330,BURST_ACTIVITY,1
tx26146_00016331,BURST_ACTIVITY,1
tx26146_00016332,BURST_ACTIVITY,1
tx26146_00016333,BURST_ACTIVITY,1
tx26146_00016334,BURST_ACTIVITY,1
tx26146_00016335,BURST_ACTIVITY,1
tx26146_00016336,BURST_ACTIVITY,1
tx26146_00016337,BURST_ACTIVITY,1
tx26146_00016338,BURST_ACTIVITY,1
tx26146_00016339,BURST_ACTIVITY,1
tx26146_00016340,BURST_ACTIVITY,1
tx26146_00016341,BURST_ACTIVITY,1
tx26146_00016342,BURST_ACTIVITY,1
tx26146_00016343,BURST_ACTIVITY,1
tx26146_00016344,BURST_ACTIVITY,1
tx26146_00016345,BURST_ACTIVITY,1
tx26146_00016346,BURST_ACTIVITY,1
tx26146_00016347,BURST_ACTIVITY,1
tx26146_00016348,BURST_ACTIVITY,1
tx26146_00016349,BURST_ACTIVITY,1
tx26146_00016350,BURST_ACTIVITY,1
tx26146_00016351,BURST_ACTIVITY,1
tx26146_00016352,BURST_ACTIVITY,1
tx26146_00016353,BURST_ACTIVITY,1
tx26146_00016354,BURST_ACTIVITY,1
tx26146_00016355,BURST_ACTIVITY,1
tx26146_00016356,BURST_ACTIVITY,1
tx26146_00016357,BURST_ACTIVITY,1
tx26146_00016358,BURST_ACTIVITY,1
tx26146_00016359,BURST_ACTIVITY,1
tx26146_00016360,BURST_ACTIVITY,1
tx26146_00016361,BURST_ACTIVITY,1
tx26146_00016362,BURST_ACTIVITY,1
tx26146_00016363,BURST_ACTIVITY,1
tx26146_00016364,BURST_ACTIVITY,1
tx26146_00016365,BURST_ACTIVITY,1
tx26146_00016366,BURST_ACTIVITY,1
tx26146_00016367,BURST_ACTIVITY,1
tx26146_00016368,BURST_ACTIVITY,1
tx26146_00016369,BURST_ACTIVITY,1
tx26146_00016370,BURST_ACTIVITY,1
tx26146_00016371,BURST_ACTIVITY,1
tx26146_00016372,BURST_ACTIVITY,1
tx26146_00016373,BURST_ACTIVITY,1
tx26146_00016374,BURST_ACTIVITY,1
tx26146_00016375,BURST_ACTIVITY,1
tx26146_00016376,BURST_ACTIVITY,1
tx26146_00016377,BURST_ACTIVITY,1
tx26146_00016378,BURST_ACTIVITY,1
tx26146_00016379,BURST_ACTIVITY,1
tx26146_00016380,BURST_ACTIVITY,1
tx26146_00016381,BURST_ACTIVITY,1
tx26146_00016382,BURST_ACTIVITY,1
tx26146_00016383,BURST_ACTIVITY,1
tx26146_00016384,BURST_ACTIVITY,1
tx26146_00016385,BURST_ACTIVITY,1
tx26146_00016386,BURST_ACTIVITY,1
tx26146_00016387,BURST_ACTIVITY,1
tx26146_00016388,BURST_ACTIVITY,1
tx26146_00016389,BURST_ACTIVITY,1
tx26146_00016390,BURST_ACTIVITY,1
tx26146_00016391,BURST_ACTIVITY,1
tx26146_00016392,BURST_ACTIVITY,1
tx26146_00016393,BURST_ACTIVITY,1
tx26146_00016394,BURST_ACTIVITY,1
tx26146_00016395,BURST_ACTIVITY,1
tx26146_00016396,BURST_ACTIVITY,1
tx26146_00016397,BURST_ACTIVITY,1
tx26146_00016398,BURST_ACTIVITY,1
tx26146_00016399,BURST_ACTIVITY,1
tx26146_00016400,BURST_ACTIVITY,1
tx26146_00016401,BURST_ACTIVITY,1
tx26146_00016402,BURST_ACTIVITY,1
tx26146_00016403,BURST_ACTIVITY,1
tx26146_00016404,BURST_ACTIVITY,1
tx26146_00016405,BURST_ACTIVITY,1
tx26146_00016406,BURST_ACTIVITY,1
tx26146_00016407,BURST_ACTIVITY,1
tx26146_00016408,BURST_ACTIVITY,1
tx26146_00016409,BURST_ACTIVITY,1
tx26146_00016410,BURST_ACTIVITY,1
tx26146_00016411,BURST_ACTIVITY,1
tx26146_00016412,BURST_ACTIVITY,1
tx26146_00016413,BURST_ACTIVITY,1
tx26146_00016414,BURST_ACTIVITY,1
tx26146_00016415,BURST_ACTIVITY,1
tx26146_00016416,BURST_ACTIVITY,1
tx26146_00016417,BURST_ACTIVITY,1
tx26146_00016418,BURST_ACTIVITY,1
tx26146_00016419,BURST_ACTIVITY,1
tx26146_00016420,BURST_ACTIVITY,1
tx26146_00016421,BURST_ACTIVITY,1
tx26146_00016422,BURST_ACTIVITY,1
tx26146_00016423,BURST_ACTIVITY,1
tx26146_00016424,BURST_ACTIVITY,1
tx26146_00016425,BURST_ACTIVITY,1
tx26146_00016426,BURST_ACTIVITY,1
tx26146_00016427,BURST_ACTIVITY,1
tx26146_00016428,BURST_ACTIVITY,1
tx26146_00016429,BURST_ACTIVITY,1
tx26146_00016430,BURST_ACTIVITY,1
tx26146_00016431,BURST_ACTIVITY,1
tx26146_00016432,BURST_ACTIVITY,1
tx26146_00016433,BURST_ACTIVITY,1
tx26146_00016434,BURST_ACTIVITY,1
tx26146_00016435,BURST_ACTIVITY,1
tx26146_00016436,BURST_ACTIVITY,1
tx26146_00016437,BURST_ACTIVITY,1
tx26146_00016438,BURST_ACTIVITY,1
tx26146_00016439,BURST_ACTIVITY,1
tx26146_00016440,BURST_ACTIVITY,1
tx26146_00016441,BURST_ACTIVITY,1
tx26146_00016442,BURST_ACTIVITY,1
tx26146_00016443,BURST_ACTIVITY,1
tx26146_00016444,BURST_ACTIVITY,1
tx26146_00016445,BURST_ACTIVITY,1
tx26146_00016446,BURST_ACTIVITY,1
tx26146_00016447,BURST_ACTIVITY,1
tx26146_00016448,BURST_ACTIVITY,1
tx26146_00016449,BURST_ACTIVITY,1
tx26146_00016450,BURST_ACTIVITY,1
tx26146_00016451,BURST_ACTIVITY,1
tx26146_00016452,BURST_ACTIVITY,1
tx26146_00016453,BURST_ACTIVITY,1
tx26146_00016454,BURST_ACTIVITY,1
tx26146_00016455,BURST_ACTIVITY,1
tx26146_00016456,BURST_ACTIVITY,1
tx26146_00016457,BURST_ACTIVITY,1
tx26146_00016458,BURST_ACTIVITY,1
tx26146_00016459,BURST_ACTIVITY,1
tx26146_00016460,BURST_ACTIVITY,1
tx26146_00016461,BURST_ACTIVITY,1
tx26146_00016462,BURST_ACTIVITY,1
tx26146_00016463,BURST_ACTIVITY,1
tx26146_00016464,BURST_ACTIVITY,1
tx26146_00016465,BURST_ACTIVITY,1
tx26146_00016466,BURST_ACTIVITY,1
tx26146_00016467,BURST_ACTIVITY,1
tx26146_00016468,BURST_ACTIVITY,1
tx26146_00016469,BURST_ACTIVITY,1
tx26146_00016470,BURST_ACTIVITY,1
tx26146_00016471,BURST_ACTIVITY,1
tx26146_00016472,BURST_ACTIVITY,1
tx26146_00016473,BURST_ACTIVITY,1
tx26146_00016474,BURST_ACTIVITY,1
tx26146_00016475,BURST_ACTIVITY,1
tx26146_00016476,BURST_ACTIVITY,1
tx26146_00016477,BURST_ACTIVITY,1
tx26146_00016478,BURST_ACTIVITY,1
tx26146_00016479,BURST_ACTIVITY,1
tx26146_00016480,BURST_ACTIVITY,1
tx26146_00016481,BURST_ACTIVITY,1
tx26146_00016482,BURST_ACTIVITY,1
tx26146_00016483,BURST_ACTIVITY,1
tx26146_00016484,BURST_ACTIVITY,1
tx26146_00016485,BURST_ACTIVITY,1
tx26146_00016486,BURST_ACTIVITY,1
tx26146_00016487,BURST_ACTIVITY,1
tx26146_00016488,BURST_ACTIVITY,1
tx26146_00016489,BURST_ACTIVITY,1
tx26146_00016490,BURST_ACTIVITY,1
tx26146_00016491,BURST_ACTIVITY,1
tx26146_00016492,BURST_ACTIVITY,1
tx26146_00016493,BURST_ACTIVITY,1
tx26146_00016494,BURST_ACTIVITY,1
tx26146_00016495,BURST_ACTIVITY,1
tx26146_00016496,BURST_ACTIVITY,1
tx26146_00016497,BURST_ACTIVITY,1
tx26146_00016498,BURST_ACTIVITY,1
tx26146_00016499,BURST_ACTIVITY,1
tx26146_00016500,BURST_ACTIVITY,1
tx26146_00016501,BURST_ACTIVITY,1
tx26146_00016502,BURST_ACTIVITY,1
tx26146_00016503,BURST_ACTIVITY,1
tx26146_00016504,BURST_ACTIVITY,1
tx26146_00016505,BURST_ACTIVITY,1
tx26146_00016506,BURST_ACTIVITY,1
tx26146_00016507,BURST_ACTIVITY,1
tx26146_00016508,BURST_ACTIVITY,1
tx26146_00016509,BURST_ACTIVITY,1
tx26146_00016510,BURST_ACTIVITY,1
tx26146_00016511,BURST_ACTIVITY,1
tx26146_00016512,BURST_ACTIVITY,1
tx26146_00016513,BURST_ACTIVITY,1
tx26146_00016514,BURST_ACTIVITY,1
tx26146_00016515,BURST_ACTIVITY,1
tx26146_00016516,BURST_ACTIVITY,1
tx26146_00016517,BURST_ACTIVITY,1
tx26146_00016518,BURST_ACTIVITY,1
tx26146_00016519,BURST_ACTIVITY,1
tx26146_00016520,BURST_ACTIVITY,1
tx26146_00016521,BURST_ACTIVITY,1
tx26146_00016522,BURST_ACTIVITY,1
tx26146_00016523,BURST_ACTIVITY,1
tx26146_00016524,BURST_ACTIVITY,1
tx26146_00016525,BURST_ACTIVITY,1
tx26146_00016526,BURST_ACTIVITY,1
tx26146_00016527,BURST_ACTIVITY,1
tx26146_00016528,BURST_ACTIVITY,1
tx26146_00016529,BURST_ACTIVITY,1
tx26146_00016530,BURST_ACTIVITY,1
tx26146_00016531,BURST_ACTIVITY,1
tx26146_00016532,BURST_ACTIVITY,1
tx26146_00016533,BURST_ACTIVITY,1
tx26146_00016534,BURST_ACTIVITY,1
tx26146_00016535,BURST_ACTIVITY,1
tx26146_00016536,BURST_ACTIVITY,1
tx26146_00016537,BURST_ACTIVITY,1
tx26146_00016538,BURST_ACTIVITY,1
tx26146_00016539,BURST_ACTIVITY,1
tx26146_00016540,BURST_ACTIVITY,1
tx26146_00016541,BURST_ACTIVITY,1
tx26146_00016542,BURST_ACTIVITY,1
tx26146_00016543,BURST_ACTIVITY,1
tx26146_00016544,BURST_ACTIVITY,1
tx26146_00016545,BURST_ACTIVITY,1
tx26146_00016546,BURST_ACTIVITY,1
tx26146_00016547,BURST_ACTIVITY,1
tx26146_00016548,BURST_ACTIVITY,1
tx26146_00016549,BURST_ACTIVITY,1
tx26146_00016550,BURST_ACTIVITY,1
tx26146_00016551,BURST_ACTIVITY,1
tx26146_00016552,BURST_ACTIVITY,1
tx26146_00016553,BURST_ACTIVITY,1
tx26146_00016554,BURST_ACTIVITY,1
tx26146_00016555,BURST_ACTIVITY,1
tx26146_00016556,BURST_ACTIVITY,1
tx26146_00016557,BURST_ACTIVITY,1
tx26146_00016558,BURST_ACTIVITY,1
tx26146_00016559,BURST_ACTIVITY,1
tx26146_00016560,BURST_ACTIVITY,1
tx26146_00016561,BURST_ACTIVITY,1
tx26146_00016562,BURST_ACTIVITY,1
tx26146_00016563,BURST_ACTIVITY,1
tx26146_00016564,BURST_ACTIVITY,1
tx26146_00016565,BURST_ACTIVITY,1
tx26146_00016566,BURST_ACTIVITY,1
tx26146_00016567,BURST_ACTIVITY,1
tx26146_00016568,BURST_ACTIVITY,1
tx26146_00016569,BURST_ACTIVITY,1
tx26146_00016570,BURST_ACTIVITY,1
tx26146_00016571,BURST_ACTIVITY,1
tx26146_00016572,BURST_ACTIVITY,1
tx26146_00016573,BURST_ACTIVITY,1
tx26146_00016574,BURST_ACTIVITY,1
tx26146_00016575,BURST_ACTIVITY,1
tx26146_00016576,BURST_ACTIVITY,1
tx26146_00016577,BURST_ACTIVITY,1
tx26146_00016578,BURST_ACTIVITY,1
tx26146_00016579,BURST_ACTIVITY,1
tx26146_00016580,BURST_ACTIVITY,1
tx26146_00016581,BURST_ACTIVITY,1
tx26146_00016582,BURST_ACTIVITY,1
tx26146_00016583,BURST_ACTIVITY,1
tx26146_00016584,BURST_ACTIVITY,1
tx26146_00016585,BURST_ACTIVITY,1
tx26146_00016586,BURST_ACTIVITY,1
tx26146_00016587,BURST_ACTIVITY,1
tx26146_00016588,BURST_ACTIVITY,1
tx26146_00016589,BURST_ACTIVITY,1
tx26146_00016590,BURST_ACTIVITY,1
tx26146_00016591,BURST_ACTIVITY,1
tx26146_00016592,BURST_ACTIVITY,1
tx26146_00016593,BURST_ACTIVITY,1
tx26146_00016594,BURST_ACTIVITY,1
tx26146_00016595,BURST_ACTIVITY,1
tx26146_00016596,BURST_ACTIVITY,1
tx26146_00016597,BURST_ACTIVITY,1
tx26146_00016598,BURST_ACTIVITY,1
tx26146_00016599,BURST_ACTIVITY,1
tx26146_00016600,CIRCULAR_FLOW,1
tx26146_00016601,CIRCULAR_FLOW,1
tx26146_00016602,CIRCULAR_FLOW,1
tx26146_00016603,CIRCULAR_FLOW,1
tx26146_00016604,CIRCULAR_FLOW,1
tx26146_00016605,CIRCULAR_FLOW,1
tx26146_00016606,CIRCULAR_FLOW,1
tx26146_00016607,CIRCULAR_FLOW,1
tx26146_00016608,CIRCULAR_FLOW,1
tx26146_00016609,CIRCULAR_FLOW,1
tx26146_00016610,CIRCULAR_FLOW,1
tx26146_00016611,CIRCULAR_FLOW,1
tx26146_00016612,CIRCULAR_FLOW,1
tx26146_00016613,CIRCULAR_FLOW,1
tx26146_00016614,CIRCULAR_FLOW,1
tx26146_00016615,CIRCULAR_FLOW,1
tx26146_00016616,CIRCULAR_FLOW,1
tx26146_00016617,CIRCULAR_FLOW,1
tx26146_00016618,CIRCULAR_FLOW,1
tx26146_00016619,CIRCULAR_FLOW,1
tx26146_00016620,CIRCULAR_FLOW,1
tx26146_00016621,CIRCULAR_FLOW,1
tx26146_00016622,CIRCULAR_FLOW,1
tx26146_00016623,CIRCULAR_FLOW,1
tx26146_00016624,CIRCULAR_FLOW,1
tx26146_00016625,CIRCULAR_FLOW,1
tx26146_00016626,CIRCULAR_FLOW,1
tx26146_00016627,CIRCULAR_FLOW,1
tx26146_00016628,CIRCULAR_FLOW,1
tx26146_00016629,CIRCULAR_FLOW,1
tx26146_00016630,CIRCULAR_FLOW,1
tx26146_00016631,CIRCULAR_FLOW,1
tx26146_00016632,CIRCULAR_FLOW,1
tx26146_00016633,CIRCULAR_FLOW,1
tx26146_00016634,CIRCULAR_FLOW,1
tx26146_00016635,CIRCULAR_FLOW,1
tx26146_00016636,CIRCULAR_FLOW,1
tx26146_00016637,CIRCULAR_FLOW,1
tx26146_00016638,CIRCULAR_FLOW,1
tx26146_00016639,CIRCULAR_FLOW,1
tx26146_00016640,CIRCULAR_FLOW,1
tx26146_00016641,CIRCULAR_FLOW,1
tx26146_00016642,CIRCULAR_FLOW,1
tx26146_00016643,CIRCULAR_FLOW,1
tx26146_00016644,CIRCULAR_FLOW,1
tx26146_00016645,CIRCULAR_FLOW,1
tx26146_00016646,CIRCULAR_FLOW,1
tx26146_00016647,CIRCULAR_FLOW,1
tx26146_00016648,CIRCULAR_FLOW,1
tx26146_00016649,CIRCULAR_FLOW,1
tx26146_00016650,CIRCULAR_FLOW,1
tx26146_00016651,CIRCULAR_FLOW,1
tx26146_00016652,CIRCULAR_FLOW,1
tx26146_00016653,CIRCULAR_FLOW,1
tx26146_00016654,CIRCULAR_FLOW,1
tx26146_00016655,CIRCULAR_FLOW,1
tx26146_00016656,CIRCULAR_FLOW,1
tx26146_00016657,CIRCULAR_FLOW,1
tx26146_00016658,CIRCULAR_FLOW,1
tx26146_00016659,CIRCULAR_FLOW,1
tx26146_00016660,CIRCULAR_FLOW,1
tx26146_00016661,CIRCULAR_FLOW,1
tx26146_00016662,CIRCULAR_FLOW,1
tx26146_00016663,CIRCULAR_FLOW,1
tx26146_00016664,CIRCULAR_FLOW,1
tx26146_00016665,CIRCULAR_FLOW,1
tx26146_00016666,CIRCULAR_FLOW,1
tx26146_00016667,CIRCULAR_FLOW,1
tx26146_00016668,CIRCULAR_FLOW,1
tx26146_00016669,CIRCULAR_FLOW,1
tx26146_00016670,CIRCULAR_FLOW,1
tx26146_00016671,CIRCULAR_FLOW,1
tx26146_00016672,CIRCULAR_FLOW,1
tx26146_00016673,CIRCULAR_FLOW,1
tx26146_00016674,CIRCULAR_FLOW,1
tx26146_00016675,CIRCULAR_FLOW,1
tx26146_00016676,CIRCULAR_FLOW,1
tx26146_00016677,CIRCULAR_FLOW,1
tx26146_00016678,CIRCULAR_FLOW,1
tx26146_00016679,CIRCULAR_FLOW,1
tx26146_00016680,CIRCULAR_FLOW,1
tx26146_00016681,CIRCULAR_FLOW,1
tx26146_00016682,CIRCULAR_FLOW,1
tx26146_00016683,CIRCULAR_FLOW,1
tx26146_00016684,CIRCULAR_FLOW,1
tx26146_00016685,CIRCULAR_FLOW,1
tx26146_00016686,CIRCULAR_FLOW,1
tx26146_00016687,CIRCULAR_FLOW,1
tx26146_00016688,CIRCULAR_FLOW,1
tx26146_00016689,CIRCULAR_FLOW,1
tx26146_00016690,CIRCULAR_FLOW,1
tx26146_00016691,CIRCULAR_FLOW,1
tx26146_00016692,CIRCULAR_FLOW,1
tx26146_00016693,CIRCULAR_FLOW,1
tx26146_00016694,CIRCULAR_FLOW,1
tx26146_00016695,CIRCULAR_FLOW,1
tx26146_00016696,CIRCULAR_FLOW,1
tx26146_00016697,CIRCULAR_FLOW,1
tx26146_00016698,CIRCULAR_FLOW,1
tx26146_00016699,CIRCULAR_FLOW,1
tx26146_00016700,CIRCULAR_FLOW,1
tx26146_00016701,CIRCULAR_FLOW,1
tx26146_00016702,CIRCULAR_FLOW,1
tx26146_00016703,CIRCULAR_FLOW,1
tx26146_00016704,CIRCULAR_FLOW,1
tx26146_00016705,CIRCULAR_FLOW,1
tx26146_00016706,CIRCULAR_FLOW,1
tx26146_00016707,CIRCULAR_FLOW,1
tx26146_00016708,CIRCULAR_FLOW,1
tx26146_00016709,CIRCULAR_FLOW,1
tx26146_00016710,CIRCULAR_FLOW,1
tx26146_00016711,CIRCULAR_FLOW,1
tx26146_00016712,CIRCULAR_FLOW,1
tx26146_00016713,CIRCULAR_FLOW,1
tx26146_00016714,CIRCULAR_FLOW,1
tx26146_00016715,CIRCULAR_FLOW,1
tx26146_00016716,CIRCULAR_FLOW,1
tx26146_00016717,CIRCULAR_FLOW,1
tx26146_00016718,CIRCULAR_FLOW,1
tx26146_00016719,CIRCULAR_FLOW,1
tx26146_00016720,CIRCULAR_FLOW,1
tx26146_00016721,CIRCULAR_FLOW,1
tx26146_00016722,CIRCULAR_FLOW,1
tx26146_00016723,CIRCULAR_FLOW,1
tx26146_00016724,CIRCULAR_FLOW,1
tx26146_00016725,CIRCULAR_FLOW,1
tx26146_00016726,CIRCULAR_FLOW,1
tx26146_00016727,CIRCULAR_FLOW,1
tx26146_00016728,CIRCULAR_FLOW,1
tx26146_00016729,CIRCULAR_FLOW,1
tx26146_00016730,CIRCULAR_FLOW,1
tx26146_00016731,CIRCULAR_FLOW,1
tx26146_00016732,CIRCULAR_FLOW,1
tx26146_00016733,CIRCULAR_FLOW,1
tx26146_00016734,CIRCULAR_FLOW,1
tx26146_00016735,CIRCULAR_FLOW,1
tx26146_00016736,CIRCULAR_FLOW,1
tx26146_00016737,CIRCULAR_FLOW,1
tx26146_00016738,CIRCULAR_FLOW,1
tx26146_00016739,CIRCULAR_FLOW,1
tx26146_00016740,CIRCULAR_FLOW,1
tx26146_00016741,CIRCULAR_FLOW,1
tx26146_00016742,CIRCULAR_FLOW,1
tx26146_00016743,CIRCULAR_FLOW,1
tx26146_00016744,CIRCULAR_FLOW,1
tx26146_00016745,CIRCULAR_FLOW,1
tx26146_00016746,CIRCULAR_FLOW,1
tx26146_00016747,CIRCULAR_FLOW,1
tx26146_00016748,CIRCULAR_FLOW,1
tx26146_00016749,CIRCULAR_FLOW,1
tx26146_00016750,CIRCULAR_FLOW,1
tx26146_00016751,CIRCULAR_FLOW,1
tx26146_00016752,CIRCULAR_FLOW,1
tx26146_00016753,CIRCULAR_FLOW,1
tx26146_00016754,CIRCULAR_FLOW,1
tx26146_00016755,CIRCULAR_FLOW,1
tx26146_00016756,CIRCULAR_FLOW,1
tx26146_00016757,CIRCULAR_FLOW,1
tx26146_00016758,CIRCULAR_FLOW,1
tx26146_00016759,CIRCULAR_FLOW,1
tx26146_00016760,CIRCULAR_FLOW,1
tx26146_00016761,CIRCULAR_FLOW,1
tx26146_00016762,CIRCULAR_FLOW,1
tx26146_00016763,CIRCULAR_FLOW,1
tx26146_00016764,CIRCULAR_FLOW,1
tx26146_00016765,CIRCULAR_FLOW,1
tx26146_00016766,CIRCULAR_FLOW,1
tx26146_00016767,CIRCULAR_FLOW,1
tx26146_00016768,CIRCULAR_FLOW,1
tx26146_00016769,CIRCULAR_FLOW,1
tx26146_00016770,CIRCULAR_FLOW,1
tx26146_00016771,CIRCULAR_FLOW,1
tx26146_00016772,CIRCULAR_FLOW,1
tx26146_00016773,CIRCULAR_FLOW,1
tx26146_00016774,CIRCULAR_FLOW,1
tx26146_00016775,CIRCULAR_FLOW,1
tx26146_00016776,CIRCULAR_FLOW,1
tx26146_00016777,CIRCULAR_FLOW,1
tx26146_00016778,CIRCULAR_FLOW,1
tx26146_00016779,CIRCULAR_FLOW,1
tx26146_00016780,CIRCULAR_FLOW,1
tx26146_00016781,CIRCULAR_FLOW,1
tx26146_00016782,CIRCULAR_FLOW,1
tx26146_00016783,CIRCULAR_FLOW,1
tx26146_00016784,CIRCULAR_FLOW,1
tx26146_00016785,CIRCULAR_FLOW,1
tx26146_00016786,CIRCULAR_FLOW,1
tx26146_00016787,CIRCULAR_FLOW,1
tx26146_00016788,CIRCULAR_FLOW,1
tx26146_00016789,CIRCULAR_FLOW,1
tx26146_00016790,CIRCULAR_FLOW,1
tx26146_00016791,CIRCULAR_FLOW,1
tx26146_00016792,CIRCULAR_FLOW,1
tx26146_00016793,CIRCULAR_FLOW,1
tx26146_00016794,CIRCULAR_FLOW,1
tx26146_00016795,CIRCULAR_FLOW,1
tx26146_00016796,CIRCULAR_FLOW,1
tx26146_00016797,CIRCULAR_FLOW,1
tx26146_00016798,CIRCULAR_FLOW,1
tx26146_00016799,CIRCULAR_FLOW,1
tx26146_00016800,CIRCULAR_FLOW,1
tx26146_00016801,CIRCULAR_FLOW,1
tx26146_00016802,CIRCULAR_FLOW,1
tx26146_00016803,CIRCULAR_FLOW,1
tx26146_00016804,CIRCULAR_FLOW,1
tx26146_00016805,CIRCULAR_FLOW,1
tx26146_00016806,CIRCULAR_FLOW,1
tx26146_00016807,CIRCULAR_FLOW,1
tx26146_00016808,CIRCULAR_FLOW,1
tx26146_00016809,CIRCULAR_FLOW,1
tx26146_00016810,CIRCULAR_FLOW,1
tx26146_00016811,CIRCULAR_FLOW,1
tx26146_00016812,CIRCULAR_FLOW,1
tx26146_00016813,CIRCULAR_FLOW,1
tx26146_00016814,CIRCULAR_FLOW,1
tx26146_00016815,CIRCULAR_FLOW,1
tx26146_00016816,CIRCULAR_FLOW,1
tx26146_00016817,CIRCULAR_FLOW,1
tx26146_00016818,CIRCULAR_FLOW,1
tx26146_00016819,CIRCULAR_FLOW,1
tx26146_00016820,CIRCULAR_FLOW,1
tx26146_00016821,CIRCULAR_FLOW,1
tx26146_00016822,CIRCULAR_FLOW,1
tx26146_00016823,CIRCULAR_FLOW,1
tx26146_00016824,CIRCULAR_FLOW,1
tx26146_00016825,CIRCULAR_FLOW,1
tx26146_00016826,CIRCULAR_FLOW,1
tx26146_00016827,CIRCULAR_FLOW,1
tx26146_00016828,CIRCULAR_FLOW,1
tx26146_00016829,CIRCULAR_FLOW,1
tx26146_00016830,CIRCULAR_FLOW,1
tx26146_00016831,CIRCULAR_FLOW,1
tx26146_00016832,CIRCULAR_FLOW,1
tx26146_00016833,CIRCULAR_FLOW,1
tx26146_00016834,CIRCULAR_FLOW,1
tx26146_00016835,CIRCULAR_FLOW,1
tx26146_00016836,CIRCULAR_FLOW,1
tx26146_00016837,CIRCULAR_FLOW,1
tx26146_00016838,CIRCULAR_FLOW,1
tx26146_00016839,CIRCULAR_FLOW,1
tx26146_00016840,CIRCULAR_FLOW,1
tx26146_00016841,CIRCULAR_FLOW,1
tx26146_00016842,CIRCULAR_FLOW,1
tx26146_00016843,CIRCULAR_FLOW,1
tx26146_00016844,CIRCULAR_FLOW,1
tx26146_00016845,CIRCULAR_FLOW,1
tx26146_00016846,CIRCULAR_FLOW,1
tx26146_00016847,CIRCULAR_FLOW,1
tx26146_00016848,CIRCULAR_FLOW,1
tx26146_00016849,CIRCULAR_FLOW,1
tx26146_00016850,CIRCULAR_FLOW,1
tx26146_00016851,CIRCULAR_FLOW,1
tx26146_00016852,CIRCULAR_FLOW,1
tx26146_00016853,CIRCULAR_FLOW,1
tx26146_00016854,CIRCULAR_FLOW,1
tx26146_00016855,CIRCULAR_FLOW,1
tx26146_00016856,CIRCULAR_FLOW,1
tx26146_00016857,CIRCULAR_FLOW,1
tx26146_00016858,CIRCULAR_FLOW,1
tx26146_00016859,CIRCULAR_FLOW,1
tx26146_00016860,CIRCULAR_FLOW,1
tx26146_00016861,CIRCULAR_FLOW,1
tx26146_00016862,CIRCULAR_FLOW,1
tx26146_00016863,CIRCULAR_FLOW,1
tx26146_00016864,CIRCULAR_FLOW,1
tx26146_00016865,CIRCULAR_FLOW,1
tx26146_00016866,CIRCULAR_FLOW,1
tx26146_00016867,CIRCULAR_FLOW,1
tx26146_00016868,CIRCULAR_FLOW,1
tx26146_00016869,CIRCULAR_FLOW,1
tx26146_00016870,CIRCULAR_FLOW,1
tx26146_00016871,CIRCULAR_FLOW,1
tx26146_00016872,CIRCULAR_FLOW,1
tx26146_00016873,CIRCULAR_FLOW,1
tx26146_00016874,CIRCULAR_FLOW,1
tx26146_00016875,CIRCULAR_FLOW,1
tx26146_00016876,CIRCULAR_FLOW,1
tx26146_00016877,CIRCULAR_FLOW,1
tx26146_00016878,CIRCULAR_FLOW,1
tx26146_00016879,CIRCULAR_FLOW,1
tx26146_00016880,CIRCULAR_FLOW,1
tx26146_00016881,CIRCULAR_FLOW,1
tx26146_00016882,CIRCULAR_FLOW,1
tx26146_00016883,CIRCULAR_FLOW,1
tx26146_00016884,CIRCULAR_FLOW,1
tx26146_00016885,CIRCULAR_FLOW,1
tx26146_00016886,CIRCULAR_FLOW,1
tx26146_00016887,CIRCULAR_FLOW,1
tx26146_00016888,CIRCULAR_FLOW,1
tx26146_00016889,CIRCULAR_FLOW,1
tx26146_00016890,CIRCULAR_FLOW,1
tx26146_00016891,CIRCULAR_FLOW,1
tx26146_00016892,CIRCULAR_FLOW,1
tx26146_00016893,CIRCULAR_FLOW,1
tx26146_00016894,CIRCULAR_FLOW,1
tx26146_00016895,CIRCULAR_FLOW,1
tx26146_00016896,CIRCULAR_FLOW,1
tx26146_00016897,CIRCULAR_FLOW,1
tx26146_00016898,CIRCULAR_FLOW,1
tx26146_00016899,CIRCULAR_FLOW,1
tx26146_00016900,CIRCULAR_FLOW,1
tx26146_00016901,CIRCULAR_FLOW,1
tx26146_00016902,CIRCULAR_FLOW,1
tx26146_00016903,CIRCULAR_FLOW,1
tx26146_00016904,CIRCULAR_FLOW,1
tx26146_00016905,CIRCULAR_FLOW,1
tx26146_00016906,CIRCULAR_FLOW,1
tx26146_00016907,CIRCULAR_FLOW,1
tx26146_00016908,CIRCULAR_FLOW,1
tx26146_00016909,CIRCULAR_FLOW,1
tx26146_00016910,CIRCULAR_FLOW,1
tx26146_00016911,CIRCULAR_FLOW,1
tx26146_00016912,CIRCULAR_FLOW,1
tx26146_00016913,CIRCULAR_FLOW,1
tx26146_00016914,CIRCULAR_FLOW,1
tx26146_00016915,CIRCULAR_FLOW,1
tx26146_00016916,CIRCULAR_FLOW,1
tx26146_00016917,CIRCULAR_FLOW,1
tx26146_00016918,CIRCULAR_FLOW,1
tx26146_00016919,CIRCULAR_FLOW,1
tx26146_00016920,CIRCULAR_FLOW,1
tx26146_00016921,CIRCULAR_FLOW,1
tx26146_00016922,CIRCULAR_FLOW,1
tx26146_00016923,CIRCULAR_FLOW,1
tx26146_00016924,CIRCULAR_FLOW,1
tx26146_00016925,CIRCULAR_FLOW,1
tx26146_00016926,CIRCULAR_FLOW,1
tx26146_00016927,CIRCULAR_FLOW,1
tx26146_00016928,CIRCULAR_FLOW,1
tx26146_00016929,CIRCULAR_FLOW,1
tx26146_00016930,CIRCULAR_FLOW,1
tx26146_00016931,CIRCULAR_FLOW,1
tx26146_00016932,CIRCULAR_FLOW,1
tx26146_00016933,CIRCULAR_FLOW,1
tx26146_00016934,CIRCULAR_FLOW,1
tx26146_00016935,CIRCULAR_FLOW,1
tx26146_00016936,CIRCULAR_FLOW,1
tx26146_00016937,CIRCULAR_FLOW,1
tx26146_00016938,CIRCULAR_FLOW,1
tx26146_00016939,CIRCULAR_FLOW,1
tx26146_00016940,CIRCULAR_FLOW,1
tx26146_00016941,CIRCULAR_FLOW,1
tx26146_00016942,CIRCULAR_FLOW,1
tx26146_00016943,CIRCULAR_FLOW,1
tx26146_00016944,CIRCULAR_FLOW,1
tx26146_00016945,CIRCULAR_FLOW,1
tx26146_00016946,CIRCULAR_FLOW,1
tx26146_00016947,CIRCULAR_FLOW,1
tx26146_00016948,CIRCULAR_FLOW,1
tx26146_00016949,CIRCULAR_FLOW,1
tx26146_00016950,CIRCULAR_FLOW,1
tx26146_00016951,CIRCULAR_FLOW,1
tx26146_00016952,CIRCULAR_FLOW,1
tx26146_00016953,CIRCULAR_FLOW,1
tx26146_00016954,CIRCULAR_FLOW,1
tx26146_00016955,CIRCULAR_FLOW,1
tx26146_00016956,CIRCULAR_FLOW,1
tx26146_00016957,CIRCULAR_FLOW,1
tx26146_00016958,CIRCULAR_FLOW,1
tx26146_00016959,CIRCULAR_FLOW,1
tx26146_00016960,CIRCULAR_FLOW,1
tx26146_00016961,CIRCULAR_FLOW,1
tx26146_00016962,CIRCULAR_FLOW,1
tx26146_00016963,CIRCULAR_FLOW,1
tx26146_00016964,CIRCULAR_FLOW,1
tx26146_00016965,CIRCULAR_FLOW,1
tx26146_00016966,CIRCULAR_FLOW,1
tx26146_00016967,CIRCULAR_FLOW,1
tx26146_00016968,CIRCULAR_FLOW,1
tx26146_00016969,CIRCULAR_FLOW,1
tx26146_00016970,CIRCULAR_FLOW,1
tx26146_00016971,CIRCULAR_FLOW,1
tx26146_00016972,CIRCULAR_FLOW,1
tx26146_00016973,CIRCULAR_FLOW,1
tx26146_00016974,CIRCULAR_FLOW,1
tx26146_00016975,CIRCULAR_FLOW,1
tx26146_00016976,CIRCULAR_FLOW,1
tx26146_00016977,CIRCULAR_FLOW,1
tx26146_00016978,CIRCULAR_FLOW,1
tx26146_00016979,CIRCULAR_FLOW,1
tx26146_00016980,CIRCULAR_FLOW,1
tx26146_00016981,CIRCULAR_FLOW,1
tx26146_00016982,CIRCULAR_FLOW,1
tx26146_00016983,CIRCULAR_FLOW,1
tx26146_00016984,CIRCULAR_FLOW,1
tx26146_00016985,CIRCULAR_FLOW,1
tx26146_00016986,CIRCULAR_FLOW,1
tx26146_00016987,CIRCULAR_FLOW,1
tx26146_00016988,CIRCULAR_FLOW,1
tx26146_00016989,CIRCULAR_FLOW,1
tx26146_00016990,CIRCULAR_FLOW,1
tx26146_00016991,CIRCULAR_FLOW,1
tx26146_00016992,CIRCULAR_FLOW,1
tx26146_00016993,CIRCULAR_FLOW,1
tx26146_00016994,CIRCULAR_FLOW,1
tx26146_00016995,CIRCULAR_FLOW,1
tx26146_00016996,CIRCULAR_FLOW,1
tx26146_00016997,CIRCULAR_FLOW,1
tx26146_00016998,CIRCULAR_FLOW,1
tx26146_00016999,CIRCULAR_FLOW,1
tx26146_00017000,CIRCULAR_FLOW,1
tx26146_00017001,CIRCULAR_FLOW,1
tx26146_00017002,CIRCULAR_FLOW,1
tx26146_00017003,CIRCULAR_FLOW,1
tx26146_00017004,CIRCULAR_FLOW,1
tx26146_00017005,CIRCULAR_FLOW,1
tx26146_00017006,CIRCULAR_FLOW,1
tx26146_00017007,CIRCULAR_FLOW,1
tx26146_00017008,CIRCULAR_FLOW,1
tx26146_00017009,CIRCULAR_FLOW,1
tx26146_00017010,CIRCULAR_FLOW,1
tx26146_00017011,CIRCULAR_FLOW,1
tx26146_00017012,CIRCULAR_FLOW,1
tx26146_00017013,CIRCULAR_FLOW,1
tx26146_00017014,CIRCULAR_FLOW,1
tx26146_00017015,CIRCULAR_FLOW,1
tx26146_00017016,CIRCULAR_FLOW,1
tx26146_00017017,CIRCULAR_FLOW,1
tx26146_00017018,CIRCULAR_FLOW,1
tx26146_00017019,CIRCULAR_FLOW,1
tx26146_00017020,CIRCULAR_FLOW,1
tx26146_00017021,CIRCULAR_FLOW,1
tx26146_00017022,CIRCULAR_FLOW,1
tx26146_00017023,CIRCULAR_FLOW,1
tx26146_00017024,CIRCULAR_FLOW,1
tx26146_00017025,CIRCULAR_FLOW,1
tx26146_00017026,CIRCULAR_FLOW,1
tx26146_00017027,CIRCULAR_FLOW,1
tx26146_00017028,CIRCULAR_FLOW,1
tx26146_00017029,CIRCULAR_FLOW,1
tx26146_00017030,CIRCULAR_FLOW,1
tx26146_00017031,CIRCULAR_FLOW,1
tx26146_00017032,CIRCULAR_FLOW,1
tx26146_00017033,CIRCULAR_FLOW,1
tx26146_00017034,CIRCULAR_FLOW,1
tx26146_00017035,CIRCULAR_FLOW,1
tx26146_00017036,CIRCULAR_FLOW,1
tx26146_00017037,CIRCULAR_FLOW,1
tx26146_00017038,CIRCULAR_FLOW,1
tx26146_00017039,CIRCULAR_FLOW,1
tx26146_00017040,CIRCULAR_FLOW,1
tx26146_00017041,CIRCULAR_FLOW,1
tx26146_00017042,CIRCULAR_FLOW,1
tx26146_00017043,CIRCULAR_FLOW,1
tx26146_00017044,CIRCULAR_FLOW,1
tx26146_00017045,CIRCULAR_FLOW,1
tx26146_00017046,CIRCULAR_FLOW,1
tx26146_00017047,CIRCULAR_FLOW,1
tx26146_00017048,CIRCULAR_FLOW,1
tx26146_00017049,CIRCULAR_FLOW,1
tx26146_00017050,CIRCULAR_FLOW,1
tx26146_00017051,CIRCULAR_FLOW,1
tx26146_00017052,CIRCULAR_FLOW,1
tx26146_00017053,CIRCULAR_FLOW,1
tx26146_00017054,CIRCULAR_FLOW,1
tx26146_00017055,CIRCULAR_FLOW,1
tx26146_00017056,CIRCULAR_FLOW,1
tx26146_00017057,CIRCULAR_FLOW,1
tx26146_00017058,CIRCULAR_FLOW,1
tx26146_00017059,CIRCULAR_FLOW,1
tx26146_00017060,CIRCULAR_FLOW,1
tx26146_00017061,CIRCULAR_FLOW,1
tx26146_00017062,CIRCULAR_FLOW,1
tx26146_00017063,CIRCULAR_FLOW,1
tx26146_00017064,CIRCULAR_FLOW,1
tx26146_00017065,CIRCULAR_FLOW,1
tx26146_00017066,CIRCULAR_FLOW,1
tx26146_00017067,CIRCULAR_FLOW,1
tx26146_00017068,CIRCULAR_FLOW,1
tx26146_00017069,CIRCULAR_FLOW,1
tx26146_00017070,CIRCULAR_FLOW,1
tx26146_00017071,CIRCULAR_FLOW,1
tx26146_00017072,CIRCULAR_FLOW,1
tx26146_00017073,CIRCULAR_FLOW,1
tx26146_00017074,CIRCULAR_FLOW,1
tx26146_00017075,CIRCULAR_FLOW,1
tx26146_00017076,CIRCULAR_FLOW,1
tx26146_00017077,CIRCULAR_FLOW,1
tx26146_00017078,CIRCULAR_FLOW,1
tx26146_00017079,CIRCULAR_FLOW,1
tx26146_00017080,CIRCULAR_FLOW,1
tx26146_00017081,CIRCULAR_FLOW,1
tx26146_00017082,CIRCULAR_FLOW,1
tx26146_00017083,CIRCULAR_FLOW,1
tx26146_00017084,CIRCULAR_FLOW,1
tx26146_00017085,CIRCULAR_FLOW,1
tx26146_00017086,CIRCULAR_FLOW,1
tx26146_00017087,CIRCULAR_FLOW,1
tx26146_00017088,CIRCULAR_FLOW,1
tx26146_00017089,CIRCULAR_FLOW,1
tx26146_00017090,CIRCULAR_FLOW,1
tx26146_00017091,CIRCULAR_FLOW,1
tx26146_00017092,CIRCULAR_FLOW,1
tx26146_00017093,CIRCULAR_FLOW,1
tx26146_00017094,CIRCULAR_FLOW,1
tx26146_00017095,CIRCULAR_FLOW,1
tx26146_00017096,CIRCULAR_FLOW,1
tx26146_00017097,CIRCULAR_FLOW,1
tx26146_00017098,CIRCULAR_FLOW,1
tx26146_00017099,CIRCULAR_FLOW,1
tx26146_00017100,CIRCULAR_FLOW,1
tx26146_00017101,CIRCULAR_FLOW,1
tx26146_00017102,CIRCULAR_FLOW,1
tx26146_00017103,CIRCULAR_FLOW,1
tx26146_00017104,CIRCULAR_FLOW,1
tx26146_00017105,CIRCULAR_FLOW,1
tx26146_00017106,CIRCULAR_FLOW,1
tx26146_00017107,CIRCULAR_FLOW,1
tx26146_00017108,CIRCULAR_FLOW,1
tx26146_00017109,CIRCULAR_FLOW,1
tx26146_00017110,CIRCULAR_FLOW,1
tx26146_00017111,CIRCULAR_FLOW,1
tx26146_00017112,CIRCULAR_FLOW,1
tx26146_00017113,CIRCULAR_FLOW,1
tx26146_00017114,CIRCULAR_FLOW,1
tx26146_00017115,CIRCULAR_FLOW,1
tx26146_00017116,CIRCULAR_FLOW,1
tx26146_00017117,CIRCULAR_FLOW,1
tx26146_00017118,CIRCULAR_FLOW,1
tx26146_00017119,CIRCULAR_FLOW,1
tx26146_00017120,CIRCULAR_FLOW,1
tx26146_00017121,CIRCULAR_FLOW,1
tx26146_00017122,CIRCULAR_FLOW,1
tx26146_00017123,CIRCULAR_FLOW,1
tx26146_00017124,CIRCULAR_FLOW,1
tx26146_00017125,CIRCULAR_FLOW,1
tx26146_00017126,CIRCULAR_FLOW,1
tx26146_00017127,CIRCULAR_FLOW,1
tx26146_00017128,CIRCULAR_FLOW,1
tx26146_00017129,CIRCULAR_FLOW,1
tx26146_00017130,CIRCULAR_FLOW,1
tx26146_00017131,CIRCULAR_FLOW,1
tx26146_00017132,CIRCULAR_FLOW,1
tx26146_00017133,CIRCULAR_FLOW,1
tx26146_00017134,CIRCULAR_FLOW,1
tx26146_00017135,CIRCULAR_FLOW,1
tx26146_00017136,CIRCULAR_FLOW,1
tx26146_00017137,CIRCULAR_FLOW,1
tx26146_00017138,CIRCULAR_FLOW,1
tx26146_00017139,CIRCULAR_FLOW,1
tx26146_00017140,CIRCULAR_FLOW,1
tx26146_00017141,CIRCULAR_FLOW,1
tx26146_00017142,CIRCULAR_FLOW,1
tx26146_00017143,CIRCULAR_FLOW,1
tx26146_00017144,CIRCULAR_FLOW,1
tx26146_00017145,CIRCULAR_FLOW,1
tx26146_00017146,CIRCULAR_FLOW,1
tx26146_00017147,CIRCULAR_FLOW,1
tx26146_00017148,CIRCULAR_FLOW,1
tx26146_00017149,CIRCULAR_FLOW,1
tx26146_00017150,CIRCULAR_FLOW,1
tx26146_00017151,CIRCULAR_FLOW,1
tx26146_00017152,CIRCULAR_FLOW,1
tx26146_00017153,CIRCULAR_FLOW,1
tx26146_00017154,CIRCULAR_FLOW,1
tx26146_00017155,CIRCULAR_FLOW,1
tx26146_00017156,CIRCULAR_FLOW,1
tx26146_00017157,CIRCULAR_FLOW,1
tx26146_00017158,CIRCULAR_FLOW,1
tx26146_00017159,CIRCULAR_FLOW,1
tx26146_00017160,CIRCULAR_FLOW,1
tx26146_00017161,CIRCULAR_FLOW,1
tx26146_00017162,CIRCULAR_FLOW,1
tx26146_00017163,CIRCULAR_FLOW,1
tx26146_00017164,CIRCULAR_FLOW,1
tx26146_00017165,CIRCULAR_FLOW,1
tx26146_00017166,CIRCULAR_FLOW,1
tx26146_00017167,CIRCULAR_FLOW,1
tx26146_00017168,CIRCULAR_FLOW,1
tx26146_00017169,CIRCULAR_FLOW,1
tx26146_00017170,CIRCULAR_FLOW,1
tx26146_00017171,CIRCULAR_FLOW,1
tx26146_00017172,CIRCULAR_FLOW,1
tx26146_00017173,CIRCULAR_FLOW,1
tx26146_00017174,CIRCULAR_FLOW,1
tx26146_00017175,CIRCULAR_FLOW,1
tx26146_00017176,CIRCULAR_FLOW,1
tx26146_00017177,CIRCULAR_FLOW,1
tx26146_00017178,CIRCULAR_FLOW,1
tx26146_00017179,CIRCULAR_FLOW,1
tx26146_00017180,CIRCULAR_FLOW,1
tx26146_00017181,CIRCULAR_FLOW,1
tx26146_00017182,CIRCULAR_FLOW,1
tx26146_00017183,CIRCULAR_FLOW,1
tx26146_00017184,CIRCULAR_FLOW,1
tx26146_00017185,CIRCULAR_FLOW,1
tx26146_00017186,CIRCULAR_FLOW,1
tx26146_00017187,CIRCULAR_FLOW,1
tx26146_00017188,CIRCULAR_FLOW,1
tx26146_00017189,CIRCULAR_FLOW,1
tx26146_00017190,CIRCULAR_FLOW,1
tx26146_00017191,CIRCULAR_FLOW,1
tx26146_00017192,CIRCULAR_FLOW,1
tx26146_00017193,CIRCULAR_FLOW,1
tx26146_00017194,CIRCULAR_FLOW,1
tx26146_00017195,CIRCULAR_FLOW,1
tx26146_00017196,CIRCULAR_FLOW,1
tx26146_00017197,CIRCULAR_FLOW,1
tx26146_00017198,CIRCULAR_FLOW,1
tx26146_00017199,CIRCULAR_FLOW,1
tx26146_00017200,CIRCULAR_FLOW,1
tx26146_00017201,CIRCULAR_FLOW,1
tx26146_00017202,CIRCULAR_FLOW,1
tx26146_00017203,CIRCULAR_FLOW,1
tx26146_00017204,CIRCULAR_FLOW,1
tx26146_00017205,CIRCULAR_FLOW,1
tx26146_00017206,CIRCULAR_FLOW,1
tx26146_00017207,CIRCULAR_FLOW,1
tx26146_00017208,CIRCULAR_FLOW,1
tx26146_00017209,CIRCULAR_FLOW,1
tx26146_00017210,CIRCULAR_FLOW,1
tx26146_00017211,CIRCULAR_FLOW,1
tx26146_00017212,CIRCULAR_FLOW,1
tx26146_00017213,CIRCULAR_FLOW,1
tx26146_00017214,CIRCULAR_FLOW,1
tx26146_00017215,CIRCULAR_FLOW,1
tx26146_00017216,CIRCULAR_FLOW,1
tx26146_00017217,CIRCULAR_FLOW,1
tx26146_00017218,CIRCULAR_FLOW,1
tx26146_00017219,CIRCULAR_FLOW,1
tx26146_00017220,CIRCULAR_FLOW,1
tx26146_00017221,CIRCULAR_FLOW,1
tx26146_00017222,CIRCULAR_FLOW,1
tx26146_00017223,CIRCULAR_FLOW,1
tx26146_00017224,CIRCULAR_FLOW,1
tx26146_00017225,CIRCULAR_FLOW,1
tx26146_00017226,CIRCULAR_FLOW,1
tx26146_00017227,CIRCULAR_FLOW,1
tx26146_00017228,CIRCULAR_FLOW,1
tx26146_00017229,CIRCULAR_FLOW,1
tx26146_00017230,CIRCULAR_FLOW,1
tx26146_00017231,CIRCULAR_FLOW,1
tx26146_00017232,CIRCULAR_FLOW,1
tx26146_00017233,CIRCULAR_FLOW,1
tx26146_00017234,CIRCULAR_FLOW,1
tx26146_00017235,CIRCULAR_FLOW,1
tx26146_00017236,CIRCULAR_FLOW,1
tx26146_00017237,CIRCULAR_FLOW,1
tx26146_00017238,CIRCULAR_FLOW,1
tx26146_00017239,CIRCULAR_FLOW,1
tx26146_00017240,CIRCULAR_FLOW,1
tx26146_00017241,CIRCULAR_FLOW,1
tx26146_00017242,CIRCULAR_FLOW,1
tx26146_00017243,CIRCULAR_FLOW,1
tx26146_00017244,CIRCULAR_FLOW,1
tx26146_00017245,CIRCULAR_FLOW,1
tx26146_00017246,CIRCULAR_FLOW,1
tx26146_00017247,CIRCULAR_FLOW,1
tx26146_00017248,CIRCULAR_FLOW,1
tx26146_00017249,CIRCULAR_FLOW,1
tx26146_00017250,CIRCULAR_FLOW,1
tx26146_00017251,CIRCULAR_FLOW,1
tx26146_00017252,CIRCULAR_FLOW,1
tx26146_00017253,CIRCULAR_FLOW,1
tx26146_00017254,CIRCULAR_FLOW,1
tx26146_00017255,CIRCULAR_FLOW,1
tx26146_00017256,CIRCULAR_FLOW,1
tx26146_00017257,CIRCULAR_FLOW,1
tx26146_00017258,CIRCULAR_FLOW,1
tx26146_00017259,CIRCULAR_FLOW,1
tx26146_00017260,CIRCULAR_FLOW,1
tx26146_00017261,CIRCULAR_FLOW,1
tx26146_00017262,CIRCULAR_FLOW,1
tx26146_00017263,CIRCULAR_FLOW,1
tx26146_00017264,CIRCULAR_FLOW,1
tx26146_00017265,CIRCULAR_FLOW,1
tx26146_00017266,CIRCULAR_FLOW,1
tx26146_00017267,CIRCULAR_FLOW,1
tx26146_00017268,CIRCULAR_FLOW,1
tx26146_00017269,CIRCULAR_FLOW,1
tx26146_00017270,CIRCULAR_FLOW,1
tx26146_00017271,CIRCULAR_FLOW,1
tx26146_00017272,CIRCULAR_FLOW,1
tx26146_00017273,CIRCULAR_FLOW,1
tx26146_00017274,CIRCULAR_FLOW,1
tx26146_00017275,CIRCULAR_FLOW,1
tx26146_00017276,CIRCULAR_FLOW,1
tx26146_00017277,CIRCULAR_FLOW,1
tx26146_00017278,CIRCULAR_FLOW,1
tx26146_00017279,CIRCULAR_FLOW,1
tx26146_00017280,CIRCULAR_FLOW,1
tx26146_00017281,CIRCULAR_FLOW,1
tx26146_00017282,CIRCULAR_FLOW,1
tx26146_00017283,CIRCULAR_FLOW,1
tx26146_00017284,CIRCULAR_FLOW,1
tx26146_00017285,CIRCULAR_FLOW,1
tx26146_00017286,CIRCULAR_FLOW,1
tx26146_00017287,CIRCULAR_FLOW,1
tx26146_00017288,CIRCULAR_FLOW,1
tx26146_00017289,CIRCULAR_FLOW,1
tx26146_00017290,CIRCULAR_FLOW,1
tx26146_00017291,CIRCULAR_FLOW,1
tx26146_00017292,CIRCULAR_FLOW,1
tx26146_00017293,CIRCULAR_FLOW,1
tx26146_00017294,CIRCULAR_FLOW,1
tx26146_00017295,CIRCULAR_FLOW,1
tx26146_00017296,CIRCULAR_FLOW,1
tx26146_00017297,CIRCULAR_FLOW,1
tx26146_00017298,CIRCULAR_FLOW,1
tx26146_00017299,CIRCULAR_FLOW,1
tx26146_00017300,CIRCULAR_FLOW,1
tx26146_00017301,CIRCULAR_FLOW,1
tx26146_00017302,CIRCULAR_FLOW,1
tx26146_00017303,CIRCULAR_FLOW,1
tx26146_00017304,CIRCULAR_FLOW,1
tx26146_00017305,CIRCULAR_FLOW,1
tx26146_00017306,CIRCULAR_FLOW,1
tx26146_00017307,CIRCULAR_FLOW,1
tx26146_00017308,CIRCULAR_FLOW,1
tx26146_00017309,CIRCULAR_FLOW,1
tx26146_00017310,CIRCULAR_FLOW,1
tx26146_00017311,CIRCULAR_FLOW,1
tx26146_00017312,CIRCULAR_FLOW,1
tx26146_00017313,CIRCULAR_FLOW,1
tx26146_00017314,CIRCULAR_FLOW,1
tx26146_00017315,CIRCULAR_FLOW,1
tx26146_00017316,CIRCULAR_FLOW,1
tx26146_00017317,CIRCULAR_FLOW,1
tx26146_00017318,CIRCULAR_FLOW,1
tx26146_00017319,CIRCULAR_FLOW,1
tx26146_00017320,CIRCULAR_FLOW,1
tx26146_00017321,CIRCULAR_FLOW,1
tx26146_00017322,CIRCULAR_FLOW,1
tx26146_00017323,CIRCULAR_FLOW,1
tx26146_00017324,CIRCULAR_FLOW,1
tx26146_00017325,CIRCULAR_FLOW,1
tx26146_00017326,CIRCULAR_FLOW,1
tx26146_00017327,CIRCULAR_FLOW,1
tx26146_00017328,CIRCULAR_FLOW,1
tx26146_00017329,CIRCULAR_FLOW,1
tx26146_00017330,CIRCULAR_FLOW,1
tx26146_00017331,CIRCULAR_FLOW,1
tx26146_00017332,CIRCULAR_FLOW,1
tx26146_00017333,CIRCULAR_FLOW,1
tx26146_00017334,CIRCULAR_FLOW,1
tx26146_00017335,CIRCULAR_FLOW,1
tx26146_00017336,CIRCULAR_FLOW,1
tx26146_00017337,CIRCULAR_FLOW,1
tx26146_00017338,CIRCULAR_FLOW,1
tx26146_00017339,CIRCULAR_FLOW,1
tx26146_00017340,CIRCULAR_FLOW,1
tx26146_00017341,CIRCULAR_FLOW,1
tx26146_00017342,CIRCULAR_FLOW,1
tx26146_00017343,CIRCULAR_FLOW,1
tx26146_00017344,CIRCULAR_FLOW,1
tx26146_00017345,CIRCULAR_FLOW,1
tx26146_00017346,CIRCULAR_FLOW,1
tx26146_00017347,CIRCULAR_FLOW,1
tx26146_00017348,CIRCULAR_FLOW,1
tx26146_00017349,CIRCULAR_FLOW,1
tx26146_00017350,CIRCULAR_FLOW,1
tx26146_00017351,CIRCULAR_FLOW,1
tx26146_00017352,CIRCULAR_FLOW,1
tx26146_00017353,CIRCULAR_FLOW,1
tx26146_00017354,CIRCULAR_FLOW,1
tx26146_00017355,CIRCULAR_FLOW,1
tx26146_00017356,CIRCULAR_FLOW,1
tx26146_00017357,CIRCULAR_FLOW,1
tx26146_00017358,CIRCULAR_FLOW,1
tx26146_00017359,CIRCULAR_FLOW,1
tx26146_00017360,CIRCULAR_FLOW,1
tx26146_00017361,CIRCULAR_FLOW,1
tx26146_00017362,CIRCULAR_FLOW,1
tx26146_00017363,CIRCULAR_FLOW,1
tx26146_00017364,CIRCULAR_FLOW,1
tx26146_00017365,CIRCULAR_FLOW,1
tx26146_00017366,CIRCULAR_FLOW,1
tx26146_00017367,CIRCULAR_FLOW,1
tx26146_00017368,CIRCULAR_FLOW,1
tx26146_00017369,CIRCULAR_FLOW,1
tx26146_00017370,CIRCULAR_FLOW,1
tx26146_00017371,CIRCULAR_FLOW,1
tx26146_00017372,CIRCULAR_FLOW,1
tx26146_00017373,CIRCULAR_FLOW,1
tx26146_00017374,CIRCULAR_FLOW,1
tx26146_00017375,CIRCULAR_FLOW,1
tx26146_00017376,CIRCULAR_FLOW,1
tx26146_00017377,CIRCULAR_FLOW,1
tx26146_00017378,CIRCULAR_FLOW,1
tx26146_00017379,CIRCULAR_FLOW,1
tx26146_00017380,CIRCULAR_FLOW,1
tx26146_00017381,CIRCULAR_FLOW,1
tx26146_00017382,CIRCULAR_FLOW,1
tx26146_00017383,CIRCULAR_FLOW,1
tx26146_00017384,CIRCULAR_FLOW,1
tx26146_00017385,CIRCULAR_FLOW,1
tx26146_00017386,CIRCULAR_FLOW,1
tx26146_00017387,CIRCULAR_FLOW,1
tx26146_00017388,CIRCULAR_FLOW,1
tx26146_00017389,CIRCULAR_FLOW,1
tx26146_00017390,CIRCULAR_FLOW,1
tx26146_00017391,CIRCULAR_FLOW,1
tx26146_00017392,CIRCULAR_FLOW,1
tx26146_00017393,CIRCULAR_FLOW,1
tx26146_00017394,CIRCULAR_FLOW,1
tx26146_00017395,CIRCULAR_FLOW,1
tx26146_00017396,CIRCULAR_FLOW,1
tx26146_00017397,CIRCULAR_FLOW,1
tx26146_00017398,CIRCULAR_FLOW,1
tx26146_00017399,CIRCULAR_FLOW,1
tx26146_00017400,CIRCULAR_FLOW,1
tx26146_00017401,CIRCULAR_FLOW,1
tx26146_00017402,CIRCULAR_FLOW,1
tx26146_00017403,CIRCULAR_FLOW,1
tx26146_00017404,CIRCULAR_FLOW,1
tx26146_00017405,CIRCULAR_FLOW,1
tx26146_00017406,CIRCULAR_FLOW,1
tx26146_00017407,CIRCULAR_FLOW,1
tx26146_00017408,CIRCULAR_FLOW,1
tx26146_00017409,CIRCULAR_FLOW,1
tx26146_00017410,CIRCULAR_FLOW,1
tx26146_00017411,CIRCULAR_FLOW,1
tx26146_00017412,CIRCULAR_FLOW,1
tx26146_00017413,CIRCULAR_FLOW,1
tx26146_00017414,CIRCULAR_FLOW,1
tx26146_00017415,CIRCULAR_FLOW,1
tx26146_00017416,CIRCULAR_FLOW,1
tx26146_00017417,CIRCULAR_FLOW,1
tx26146_00017418,CIRCULAR_FLOW,1
tx26146_00017419,CIRCULAR_FLOW,1
tx26146_00017420,CIRCULAR_FLOW,1
tx26146_00017421,CIRCULAR_FLOW,1
tx26146_00017422,CIRCULAR_FLOW,1
tx26146_00017423,CIRCULAR_FLOW,1
tx26146_00017424,CIRCULAR_FLOW,1
tx26146_00017425,CIRCULAR_FLOW,1
tx26146_00017426,CIRCULAR_FLOW,1
tx26146_00017427,CIRCULAR_FLOW,1
tx26146_00017428,CIRCULAR_FLOW,1
tx26146_00017429,CIRCULAR_FLOW,1
tx26146_00017430,CIRCULAR_FLOW,1
tx26146_00017431,CIRCULAR_FLOW,1
tx26146_00017432,CIRCULAR_FLOW,1
tx26146_00017433,CIRCULAR_FLOW,1
tx26146_00017434,CIRCULAR_FLOW,1
tx26146_00017435,CIRCULAR_FLOW,1
tx26146_00017436,CIRCULAR_FLOW,1
tx26146_00017437,CIRCULAR_FLOW,1
tx26146_00017438,CIRCULAR_FLOW,1
tx26146_00017439,CIRCULAR_FLOW,1
tx26146_00017440,CIRCULAR_FLOW,1
tx26146_00017441,CIRCULAR_FLOW,1
tx26146_00017442,CIRCULAR_FLOW,1
tx26146_00017443,CIRCULAR_FLOW,1
tx26146_00017444,CIRCULAR_FLOW,1
tx26146_00017445,CIRCULAR_FLOW,1
tx26146_00017446,CIRCULAR_FLOW,1
tx26146_00017447,CIRCULAR_FLOW,1
tx26146_00017448,CIRCULAR_FLOW,1
tx26146_00017449,CIRCULAR_FLOW,1
tx26146_00017450,CIRCULAR_FLOW,1
tx26146_00017451,CIRCULAR_FLOW,1
tx26146_00017452,CIRCULAR_FLOW,1
tx26146_00017453,CIRCULAR_FLOW,1
tx26146_00017454,CIRCULAR_FLOW,1
tx26146_00017455,CIRCULAR_FLOW,1
tx26146_00017456,CIRCULAR_FLOW,1
tx26146_00017457,CIRCULAR_FLOW,1
tx26146_00017458,CIRCULAR_FLOW,1
tx26146_00017459,CIRCULAR_FLOW,1
tx26146_00017460,CIRCULAR_FLOW,1
tx26146_00017461,CIRCULAR_FLOW,1
tx26146_00017462,CIRCULAR_FLOW,1
tx26146_00017463,CIRCULAR_FLOW,1
tx26146_00017464,CIRCULAR_FLOW,1
tx26146_00017465,CIRCULAR_FLOW,1
tx26146_00017466,CIRCULAR_FLOW,1
tx26146_00017467,CIRCULAR_FLOW,1
tx26146_00017468,CIRCULAR_FLOW,1
tx26146_00017469,CIRCULAR_FLOW,1
tx26146_00017470,CIRCULAR_FLOW,1
tx26146_00017471,CIRCULAR_FLOW,1
tx26146_00017472,CIRCULAR_FLOW,1
tx26146_00017473,CIRCULAR_FLOW,1
tx26146_00017474,CIRCULAR_FLOW,1
tx26146_00017475,CIRCULAR_FLOW,1
tx26146_00017476,CIRCULAR_FLOW,1
tx26146_00017477,CIRCULAR_FLOW,1
tx26146_00017478,CIRCULAR_FLOW,1
tx26146_00017479,CIRCULAR_FLOW,1
tx26146_00017480,CIRCULAR_FLOW,1
tx26146_00017481,CIRCULAR_FLOW,1
tx26146_00017482,CIRCULAR_FLOW,1
tx26146_00017483,CIRCULAR_FLOW,1
tx26146_00017484,CIRCULAR_FLOW,1
tx26146_00017485,CIRCULAR_FLOW,1
tx26146_00017486,CIRCULAR_FLOW,1
tx26146_00017487,CIRCULAR_FLOW,1
tx26146_00017488,CIRCULAR_FLOW,1
tx26146_00017489,CIRCULAR_FLOW,1
tx26146_00017490,CIRCULAR_FLOW,1
tx26146_00017491,CIRCULAR_FLOW,1
tx26146_00017492,CIRCULAR_FLOW,1
tx26146_00017493,CIRCULAR_FLOW,1
tx26146_00017494,CIRCULAR_FLOW,1
tx26146_00017495,CIRCULAR_FLOW,1
tx26146_00017496,CIRCULAR_FLOW,1
tx26146_00017497,CIRCULAR_FLOW,1
tx26146_00017498,CIRCULAR_FLOW,1
tx26146_00017499,CIRCULAR_FLOW,1
tx26146_00017500,CIRCULAR_FLOW,1
tx26146_00017501,CIRCULAR_FLOW,1
tx26146_00017502,CIRCULAR_FLOW,1
tx26146_00017503,CIRCULAR_FLOW,1
tx26146_00017504,CIRCULAR_FLOW,1
tx26146_00017505,CIRCULAR_FLOW,1
tx26146_00017506,CIRCULAR_FLOW,1
tx26146_00017507,CIRCULAR_FLOW,1
tx26146_00017508,CIRCULAR_FLOW,1
tx26146_00017509,CIRCULAR_FLOW,1
tx26146_00017510,CIRCULAR_FLOW,1
tx26146_00017511,CIRCULAR_FLOW,1
tx26146_00017512,CIRCULAR_FLOW,1
tx26146_00017513,CIRCULAR_FLOW,1
tx26146_00017514,CIRCULAR_FLOW,1
tx26146_00017515,CIRCULAR_FLOW,1
tx26146_00017516,CIRCULAR_FLOW,1
tx26146_00017517,CIRCULAR_FLOW,1
tx26146_00017518,CIRCULAR_FLOW,1
tx26146_00017519,CIRCULAR_FLOW,1
tx26146_00017520,CIRCULAR_FLOW,1
tx26146_00017521,CIRCULAR_FLOW,1
tx26146_00017522,CIRCULAR_FLOW,1
tx26146_00017523,CIRCULAR_FLOW,1
tx26146_00017524,CIRCULAR_FLOW,1
tx26146_00017525,CIRCULAR_FLOW,1
tx26146_00017526,CIRCULAR_FLOW,1
tx26146_00017527,CIRCULAR_FLOW,1
tx26146_00017528,CIRCULAR_FLOW,1
tx26146_00017529,CIRCULAR_FLOW,1
tx26146_00017530,CIRCULAR_FLOW,1
tx26146_00017531,CIRCULAR_FLOW,1
tx26146_00017532,CIRCULAR_FLOW,1
tx26146_00017533,CIRCULAR_FLOW,1
tx26146_00017534,CIRCULAR_FLOW,1
tx26146_00017535,CIRCULAR_FLOW,1
tx26146_00017536,CIRCULAR_FLOW,1
tx26146_00017537,CIRCULAR_FLOW,1
tx26146_00017538,CIRCULAR_FLOW,1
tx26146_00017539,CIRCULAR_FLOW,1
tx26146_00017540,CIRCULAR_FLOW,1
tx26146_00017541,CIRCULAR_FLOW,1
tx26146_00017542,CIRCULAR_FLOW,1
tx26146_00017543,CIRCULAR_FLOW,1
tx26146_00017544,CIRCULAR_FLOW,1
tx26146_00017545,CIRCULAR_FLOW,1
tx26146_00017546,CIRCULAR_FLOW,1
tx26146_00017547,CIRCULAR_FLOW,1
tx26146_00017548,CIRCULAR_FLOW,1
tx26146_00017549,CIRCULAR_FLOW,1
tx26146_00017550,CIRCULAR_FLOW,1
tx26146_00017551,CIRCULAR_FLOW,1
tx26146_00017552,CIRCULAR_FLOW,1
tx26146_00017553,CIRCULAR_FLOW,1
tx26146_00017554,CIRCULAR_FLOW,1
tx26146_00017555,CIRCULAR_FLOW,1
tx26146_00017556,CIRCULAR_FLOW,1
tx26146_00017557,CIRCULAR_FLOW,1
tx26146_00017558,CIRCULAR_FLOW,1
tx26146_00017559,CIRCULAR_FLOW,1
tx26146_00017560,CIRCULAR_FLOW,1
tx26146_00017561,CIRCULAR_FLOW,1
tx26146_00017562,CIRCULAR_FLOW,1
tx26146_00017563,CIRCULAR_FLOW,1
tx26146_00017564,CIRCULAR_FLOW,1
tx26146_00017565,CIRCULAR_FLOW,1
tx26146_00017566,CIRCULAR_FLOW,1
tx26146_00017567,CIRCULAR_FLOW,1
tx26146_00017568,CIRCULAR_FLOW,1
tx26146_00017569,CIRCULAR_FLOW,1
tx26146_00017570,CIRCULAR_FLOW,1
tx26146_00017571,CIRCULAR_FLOW,1
tx26146_00017572,CIRCULAR_FLOW,1
tx26146_00017573,CIRCULAR_FLOW,1
tx26146_00017574,CIRCULAR_FLOW,1
tx26146_00017575,CIRCULAR_FLOW,1
tx26146_00017576,CIRCULAR_FLOW,1
tx26146_00017577,CIRCULAR_FLOW,1
tx26146_00017578,CIRCULAR_FLOW,1
tx26146_00017579,CIRCULAR_FLOW,1
tx26146_00017580,CIRCULAR_FLOW,1
tx26146_00017581,CIRCULAR_FLOW,1
tx26146_00017582,CIRCULAR_FLOW,1
tx26146_00017583,CIRCULAR_FLOW,1
tx26146_00017584,CIRCULAR_FLOW,1
tx26146_00017585,CIRCULAR_FLOW,1
tx26146_00017586,CIRCULAR_FLOW,1
tx26146_00017587,CIRCULAR_FLOW,1
tx26146_00017588,CIRCULAR_FLOW,1
tx26146_00017589,CIRCULAR_FLOW,1
tx26146_00017590,CIRCULAR_FLOW,1
tx26146_00017591,CIRCULAR_FLOW,1
tx26146_00017592,CIRCULAR_FLOW,1
tx26146_00017593,CIRCULAR_FLOW,1
tx26146_00017594,CIRCULAR_FLOW,1
tx26146_00017595,CIRCULAR_FLOW,1
tx26146_00017596,CIRCULAR_FLOW,1
tx26146_00017597,CIRCULAR_FLOW,1
tx26146_00017598,CIRCULAR_FLOW,1
tx26146_00017599,CIRCULAR_FLOW,1
tx26146_00017600,CIRCULAR_FLOW,1
tx26146_00017601,CIRCULAR_FLOW,1
tx26146_00017602,CIRCULAR_FLOW,1
tx26146_00017603,CIRCULAR_FLOW,1
tx26146_00017604,CIRCULAR_FLOW,1
tx26146_00017605,CIRCULAR_FLOW,1
tx26146_00017606,CIRCULAR_FLOW,1
tx26146_00017607,CIRCULAR_FLOW,1
tx26146_00017608,CIRCULAR_FLOW,1
tx26146_00017609,CIRCULAR_FLOW,1
tx26146_00017610,CIRCULAR_FLOW,1
tx26146_00017611,CIRCULAR_FLOW,1
tx26146_00017612,CIRCULAR_FLOW,1
tx26146_00017613,CIRCULAR_FLOW,1
tx26146_00017614,CIRCULAR_FLOW,1
tx26146_00017615,CIRCULAR_FLOW,1
tx26146_00017616,CIRCULAR_FLOW,1
tx26146_00017617,CIRCULAR_FLOW,1
tx26146_00017618,CIRCULAR_FLOW,1
tx26146_00017619,CIRCULAR_FLOW,1
tx26146_00017620,CIRCULAR_FLOW,1
tx26146_00017621,CIRCULAR_FLOW,1
tx26146_00017622,CIRCULAR_FLOW,1
tx26146_00017623,CIRCULAR_FLOW,1
tx26146_00017624,CIRCULAR_FLOW,1
tx26146_00017625,CIRCULAR_FLOW,1
tx26146_00017626,CIRCULAR_FLOW,1
tx26146_00017627,CIRCULAR_FLOW,1
tx26146_00017628,CIRCULAR_FLOW,1
tx26146_00017629,CIRCULAR_FLOW,1
tx26146_00017630,CIRCULAR_FLOW,1
tx26146_00017631,CIRCULAR_FLOW,1
tx26146_00017632,CIRCULAR_FLOW,1
tx26146_00017633,CIRCULAR_FLOW,1
tx26146_00017634,CIRCULAR_FLOW,1
tx26146_00017635,CIRCULAR_FLOW,1
tx26146_00017636,CIRCULAR_FLOW,1
tx26146_00017637,CIRCULAR_FLOW,1
tx26146_00017638,CIRCULAR_FLOW,1
tx26146_00017639,CIRCULAR_FLOW,1
tx26146_00017640,CIRCULAR_FLOW,1
tx26146_00017641,CIRCULAR_FLOW,1
tx26146_00017642,CIRCULAR_FLOW,1
tx26146_00017643,CIRCULAR_FLOW,1
tx26146_00017644,CIRCULAR_FLOW,1
tx26146_00017645,CIRCULAR_FLOW,1
tx26146_00017646,CIRCULAR_FLOW,1
tx26146_00017647,CIRCULAR_FLOW,1
tx26146_00017648,CIRCULAR_FLOW,1
tx26146_00017649,CIRCULAR_FLOW,1
tx26146_00017650,CIRCULAR_FLOW,1
tx26146_00017651,CIRCULAR_FLOW,1
tx26146_00017652,CIRCULAR_FLOW,1
tx26146_00017653,CIRCULAR_FLOW,1
tx26146_00017654,CIRCULAR_FLOW,1
tx26146_00017655,CIRCULAR_FLOW,1
tx26146_00017656,CIRCULAR_FLOW,1
tx26146_00017657,CIRCULAR_FLOW,1
tx26146_00017658,CIRCULAR_FLOW,1
tx26146_00017659,CIRCULAR_FLOW,1
tx26146_00017660,CIRCULAR_FLOW,1
tx26146_00017661,CIRCULAR_FLOW,1
tx26146_00017662,CIRCULAR_FLOW,1
tx26146_00017663,CIRCULAR_FLOW,1
tx26146_00017664,CIRCULAR_FLOW,1
tx26146_00017665,CIRCULAR_FLOW,1
tx26146_00017666,CIRCULAR_FLOW,1
tx26146_00017667,CIRCULAR_FLOW,1
tx26146_00017668,CIRCULAR_FLOW,1
tx26146_00017669,CIRCULAR_FLOW,1
tx26146_00017670,CIRCULAR_FLOW,1
tx26146_00017671,CIRCULAR_FLOW,1
tx26146_00017672,CIRCULAR_FLOW,1
tx26146_00017673,CIRCULAR_FLOW,1
tx26146_00017674,CIRCULAR_FLOW,1
tx26146_00017675,CIRCULAR_FLOW,1
tx26146_00017676,CIRCULAR_FLOW,1
tx26146_00017677,CIRCULAR_FLOW,1
tx26146_00017678,CIRCULAR_FLOW,1
tx26146_00017679,CIRCULAR_FLOW,1
tx26146_00017680,CIRCULAR_FLOW,1
tx26146_00017681,CIRCULAR_FLOW,1
tx26146_00017682,CIRCULAR_FLOW,1
tx26146_00017683,CIRCULAR_FLOW,1
tx26146_00017684,CIRCULAR_FLOW,1
tx26146_00017685,CIRCULAR_FLOW,1
tx26146_00017686,CIRCULAR_FLOW,1
tx26146_00017687,CIRCULAR_FLOW,1
tx26146_00017688,CIRCULAR_FLOW,1
tx26146_00017689,CIRCULAR_FLOW,1
tx26146_00017690,CIRCULAR_FLOW,1
tx26146_00017691,CIRCULAR_FLOW,1
tx26146_00017692,CIRCULAR_FLOW,1
tx26146_00017693,CIRCULAR_FLOW,1
tx26146_00017694,CIRCULAR_FLOW,1
tx26146_00017695,CIRCULAR_FLOW,1
tx26146_00017696,CIRCULAR_FLOW,1
tx26146_00017697,CIRCULAR_FLOW,1
tx26146_00017698,CIRCULAR_FLOW,1
tx26146_00017699,CIRCULAR_FLOW,1
tx26146_00017700,CIRCULAR_FLOW,1
tx26146_00017701,CIRCULAR_FLOW,1
tx26146_00017702,CIRCULAR_FLOW,1
tx26146_00017703,CIRCULAR_FLOW,1
tx26146_00017704,CIRCULAR_FLOW,1
tx26146_00017705,CIRCULAR_FLOW,1
tx26146_00017706,CIRCULAR_FLOW,1
tx26146_00017707,CIRCULAR_FLOW,1
tx26146_00017708,CIRCULAR_FLOW,1
tx26146_00017709,CIRCULAR_FLOW,1
tx26146_00017710,CIRCULAR_FLOW,1
tx26146_00017711,CIRCULAR_FLOW,1
tx26146_00017712,CIRCULAR_FLOW,1
tx26146_00017713,CIRCULAR_FLOW,1
tx26146_00017714,CIRCULAR_FLOW,1
tx26146_00017715,CIRCULAR_FLOW,1
tx26146_00017716,CIRCULAR_FLOW,1
tx26146_00017717,CIRCULAR_FLOW,1
tx26146_00017718,CIRCULAR_FLOW,1
tx26146_00017719,CIRCULAR_FLOW,1
tx26146_00017720,CIRCULAR_FLOW,1
tx26146_00017721,CIRCULAR_FLOW,1
tx26146_00017722,CIRCULAR_FLOW,1
tx26146_00017723,CIRCULAR_FLOW,1
tx26146_00017724,CIRCULAR_FLOW,1
tx26146_00017725,CIRCULAR_FLOW,1
tx26146_00017726,CIRCULAR_FLOW,1
tx26146_00017727,CIRCULAR_FLOW,1
tx26146_00017728,CIRCULAR_FLOW,1
tx26146_00017729,CIRCULAR_FLOW,1
tx26146_00017730,CIRCULAR_FLOW,1
tx26146_00017731,CIRCULAR_FLOW,1
tx26146_00017732,CIRCULAR_FLOW,1
tx26146_00017733,CIRCULAR_FLOW,1
tx26146_00017734,CIRCULAR_FLOW,1
tx26146_00017735,CIRCULAR_FLOW,1
tx26146_00017736,CIRCULAR_FLOW,1
tx26146_00017737,CIRCULAR_FLOW,1
tx26146_00017738,CIRCULAR_FLOW,1
tx26146_00017739,CIRCULAR_FLOW,1
tx26146_00017740,CIRCULAR_FLOW,1
tx26146_00017741,CIRCULAR_FLOW,1
tx26146_00017742,CIRCULAR_FLOW,1
tx26146_00017743,CIRCULAR_FLOW,1
tx26146_00017744,CIRCULAR_FLOW,1
tx26146_00017745,CIRCULAR_FLOW,1
tx26146_00017746,CIRCULAR_FLOW,1
tx26146_00017747,CIRCULAR_FLOW,1
tx26146_00017748,CIRCULAR_FLOW,1
tx26146_00017749,CIRCULAR_FLOW,1
tx26146_00017750,CIRCULAR_FLOW,1
tx26146_00017751,CIRCULAR_FLOW,1
tx26146_00017752,CIRCULAR_FLOW,1
tx26146_00017753,CIRCULAR_FLOW,1
tx26146_00017754,CIRCULAR_FLOW,1
tx26146_00017755,CIRCULAR_FLOW,1
tx26146_00017756,CIRCULAR_FLOW,1
tx26146_00017757,CIRCULAR_FLOW,1
tx26146_00017758,CIRCULAR_FLOW,1
tx26146_00017759,CIRCULAR_FLOW,1
tx26146_00017760,CIRCULAR_FLOW,1
tx26146_00017761,CIRCULAR_FLOW,1
tx26146_00017762,CIRCULAR_FLOW,1
tx26146_00017763,CIRCULAR_FLOW,1
tx26146_00017764,CIRCULAR_FLOW,1
tx26146_00017765,CIRCULAR_FLOW,1
tx26146_00017766,CIRCULAR_FLOW,1
tx26146_00017767,CIRCULAR_FLOW,1
tx26146_00017768,CIRCULAR_FLOW,1
tx26146_00017769,CIRCULAR_FLOW,1
tx26146_00017770,CIRCULAR_FLOW,1
tx26146_00017771,CIRCULAR_FLOW,1
tx26146_00017772,CIRCULAR_FLOW,1
tx26146_00017773,CIRCULAR_FLOW,1
tx26146_00017774,CIRCULAR_FLOW,1
tx26146_00017775,CIRCULAR_FLOW,1
tx26146_00017776,CIRCULAR_FLOW,1
tx26146_00017777,CIRCULAR_FLOW,1
tx26146_00017778,CIRCULAR_FLOW,1
tx26146_00017779,CIRCULAR_FLOW,1
tx26146_00017780,CIRCULAR_FLOW,1
tx26146_00017781,CIRCULAR_FLOW,1
tx26146_00017782,CIRCULAR_FLOW,1
tx26146_00017783,CIRCULAR_FLOW,1
tx26146_00017784,CIRCULAR_FLOW,1
tx26146_00017785,CIRCULAR_FLOW,1
tx26146_00017786,CIRCULAR_FLOW,1
tx26146_00017787,CIRCULAR_FLOW,1
tx26146_00017788,CIRCULAR_FLOW,1
tx26146_00017789,CIRCULAR_FLOW,1
tx26146_00017790,CIRCULAR_FLOW,1
tx26146_00017791,CIRCULAR_FLOW,1
tx26146_00017792,CIRCULAR_FLOW,1
tx26146_00017793,CIRCULAR_FLOW,1
tx26146_00017794,CIRCULAR_FLOW,1
tx26146_00017795,CIRCULAR_FLOW,1
tx26146_00017796,CIRCULAR_FLOW,1
tx26146_00017797,CIRCULAR_FLOW,1
tx26146_00017798,CIRCULAR_FLOW,1
tx26146_00017799,CIRCULAR_FLOW,1
tx26146_00017800,CIRCULAR_FLOW,1
tx26146_00017801,CIRCULAR_FLOW,1
tx26146_00017802,CIRCULAR_FLOW,1
tx26146_00017803,CIRCULAR_FLOW,1
tx26146_00017804,CIRCULAR_FLOW,1
tx26146_00017805,CIRCULAR_FLOW,1
tx26146_00017806,CIRCULAR_FLOW,1
tx26146_00017807,CIRCULAR_FLOW,1
tx26146_00017808,CIRCULAR_FLOW,1
tx26146_00017809,CIRCULAR_FLOW,1
tx26146_00017810,CIRCULAR_FLOW,1
tx26146_00017811,CIRCULAR_FLOW,1
tx26146_00017812,CIRCULAR_FLOW,1
tx26146_00017813,CIRCULAR_FLOW,1
tx26146_00017814,CIRCULAR_FLOW,1
tx26146_00017815,CIRCULAR_FLOW,1
tx26146_00017816,CIRCULAR_FLOW,1
tx26146_00017817,CIRCULAR_FLOW,1
tx26146_00017818,CIRCULAR_FLOW,1
tx26146_00017819,CIRCULAR_FLOW,1
tx26146_00017820,CIRCULAR_FLOW,1
tx26146_00017821,CIRCULAR_FLOW,1
tx26146_00017822,CIRCULAR_FLOW,1
tx26146_00017823,CIRCULAR_FLOW,1
tx26146_00017824,CIRCULAR_FLOW,1
tx26146_00017825,CIRCULAR_FLOW,1
tx26146_00017826,CIRCULAR_FLOW,1
tx26146_00017827,CIRCULAR_FLOW,1
tx26146_00017828,CIRCULAR_FLOW,1
tx26146_00017829,CIRCULAR_FLOW,1
tx26146_00017830,CIRCULAR_FLOW,1
tx26146_00017831,CIRCULAR_FLOW,1
tx26146_00017832,CIRCULAR_FLOW,1
tx26146_00017833,CIRCULAR_FLOW,1
tx26146_00017834,CIRCULAR_FLOW,1
tx26146_00017835,CIRCULAR_FLOW,1
tx26146_00017836,CIRCULAR_FLOW,1
tx26146_00017837,CIRCULAR_FLOW,1
tx26146_00017838,CIRCULAR_FLOW,1
tx26146_00017839,CIRCULAR_FLOW,1
tx26146_00017840,CIRCULAR_FLOW,1
tx26146_00017841,CIRCULAR_FLOW,1
tx26146_00017842,CIRCULAR_FLOW,1
tx26146_00017843,CIRCULAR_FLOW,1
tx26146_00017844,CIRCULAR_FLOW,1
tx26146_00017845,CIRCULAR_FLOW,1
tx26146_00017846,CIRCULAR_FLOW,1
tx26146_00017847,CIRCULAR_FLOW,1
tx26146_00017848,CIRCULAR_FLOW,1
tx26146_00017849,CIRCULAR_FLOW,1
tx26146_00017850,CIRCULAR_FLOW,1
tx26146_00017851,CIRCULAR_FLOW,1
tx26146_00017852,CIRCULAR_FLOW,1
tx26146_00017853,CIRCULAR_FLOW,1
tx26146_00017854,CIRCULAR_FLOW,1
tx26146_00017855,CIRCULAR_FLOW,1
tx26146_00017856,CIRCULAR_FLOW,1
tx26146_00017857,CIRCULAR_FLOW,1
tx26146_00017858,CIRCULAR_FLOW,1
tx26146_00017859,CIRCULAR_FLOW,1
tx26146_00017860,CIRCULAR_FLOW,1
tx26146_00017861,CIRCULAR_FLOW,1
tx26146_00017862,CIRCULAR_FLOW,1
tx26146_00017863,CIRCULAR_FLOW,1
tx26146_00017864,CIRCULAR_FLOW,1
tx26146_00017865,CIRCULAR_FLOW,1
tx26146_00017866,CIRCULAR_FLOW,1
tx26146_00017867,CIRCULAR_FLOW,1
tx26146_00017868,CIRCULAR_FLOW,1
tx26146_00017869,CIRCULAR_FLOW,1
tx26146_00017870,CIRCULAR_FLOW,1
tx26146_00017871,CIRCULAR_FLOW,1
tx26146_00017872,CIRCULAR_FLOW,1
tx26146_00017873,CIRCULAR_FLOW,1
tx26146_00017874,CIRCULAR_FLOW,1
tx26146_00017875,CIRCULAR_FLOW,1
tx26146_00017876,CIRCULAR_FLOW,1
tx26146_00017877,CIRCULAR_FLOW,1
tx26146_00017878,CIRCULAR_FLOW,1
tx26146_00017879,CIRCULAR_FLOW,1
tx26146_00017880,CIRCULAR_FLOW,1
tx26146_00017881,CIRCULAR_FLOW,1
tx26146_00017882,CIRCULAR_FLOW,1
tx26146_00017883,CIRCULAR_FLOW,1
tx26146_00017884,CIRCULAR_FLOW,1
tx26146_00017885,CIRCULAR_FLOW,1
tx26146_00017886,CIRCULAR_FLOW,1
tx26146_00017887,CIRCULAR_FLOW,1
tx26146_00017888,CIRCULAR_FLOW,1
tx26146_00017889,CIRCULAR_FLOW,1
tx26146_00017890,CIRCULAR_FLOW,1
tx26146_00017891,CIRCULAR_FLOW,1
tx26146_00017892,CIRCULAR_FLOW,1
tx26146_00017893,CIRCULAR_FLOW,1
tx26146_00017894,CIRCULAR_FLOW,1
tx26146_00017895,CIRCULAR_FLOW,1
tx26146_00017896,CIRCULAR_FLOW,1
tx26146_00017897,CIRCULAR_FLOW,1
tx26146_00017898,CIRCULAR_FLOW,1
tx26146_00017899,CIRCULAR_FLOW,1
tx26146_00017900,CIRCULAR_FLOW,1
tx26146_00017901,CIRCULAR_FLOW,1
tx26146_00017902,CIRCULAR_FLOW,1
tx26146_00017903,CIRCULAR_FLOW,1
tx26146_00017904,CIRCULAR_FLOW,1
tx26146_00017905,CIRCULAR_FLOW,1
tx26146_00017906,CIRCULAR_FLOW,1
tx26146_00017907,CIRCULAR_FLOW,1
tx26146_00017908,CIRCULAR_FLOW,1
tx26146_00017909,CIRCULAR_FLOW,1
tx26146_00017910,CIRCULAR_FLOW,1
tx26146_00017911,CIRCULAR_FLOW,1
tx26146_00017912,CIRCULAR_FLOW,1
tx26146_00017913,CIRCULAR_FLOW,1
tx26146_00017914,CIRCULAR_FLOW,1
tx26146_00017915,CIRCULAR_FLOW,1
tx26146_00017916,CIRCULAR_FLOW,1
tx26146_00017917,CIRCULAR_FLOW,1
tx26146_00017918,CIRCULAR_FLOW,1
tx26146_00017919,CIRCULAR_FLOW,1
tx26146_00017920,CIRCULAR_FLOW,1
tx26146_00017921,CIRCULAR_FLOW,1
tx26146_00017922,CIRCULAR_FLOW,1
tx26146_00017923,CIRCULAR_FLOW,1
tx26146_00017924,CIRCULAR_FLOW,1
tx26146_00017925,CIRCULAR_FLOW,1
tx26146_00017926,CIRCULAR_FLOW,1
tx26146_00017927,CIRCULAR_FLOW,1
tx26146_00017928,CIRCULAR_FLOW,1
tx26146_00017929,CIRCULAR_FLOW,1
tx26146_00017930,CIRCULAR_FLOW,1
tx26146_00017931,CIRCULAR_FLOW,1
tx26146_00017932,CIRCULAR_FLOW,1
tx26146_00017933,CIRCULAR_FLOW,1
tx26146_00017934,CIRCULAR_FLOW,1
tx26146_00017935,CIRCULAR_FLOW,1
tx26146_00017936,CIRCULAR_FLOW,1
tx26146_00017937,CIRCULAR_FLOW,1
tx26146_00017938,CIRCULAR_FLOW,1
tx26146_00017939,CIRCULAR_FLOW,1
tx26146_00017940,CIRCULAR_FLOW,1
tx26146_00017941,CIRCULAR_FLOW,1
tx26146_00017942,CIRCULAR_FLOW,1
tx26146_00017943,CIRCULAR_FLOW,1
tx26146_00017944,CIRCULAR_FLOW,1
tx26146_00017945,CIRCULAR_FLOW,1
tx26146_00017946,CIRCULAR_FLOW,1
tx26146_00017947,CIRCULAR_FLOW,1
tx26146_00017948,CIRCULAR_FLOW,1
tx26146_00017949,CIRCULAR_FLOW,1
tx26146_00017950,CIRCULAR_FLOW,1
tx26146_00017951,CIRCULAR_FLOW,1
tx26146_00017952,CIRCULAR_FLOW,1
tx26146_00017953,CIRCULAR_FLOW,1
tx26146_00017954,CIRCULAR_FLOW,1
tx26146_00017955,CIRCULAR_FLOW,1
tx26146_00017956,CIRCULAR_FLOW,1
tx26146_00017957,CIRCULAR_FLOW,1
tx26146_00017958,CIRCULAR_FLOW,1
tx26146_00017959,CIRCULAR_FLOW,1
tx26146_00017960,CIRCULAR_FLOW,1
tx26146_00017961,CIRCULAR_FLOW,1
tx26146_00017962,CIRCULAR_FLOW,1
tx26146_00017963,CIRCULAR_FLOW,1
tx26146_00017964,CIRCULAR_FLOW,1
tx26146_00017965,CIRCULAR_FLOW,1
tx26146_00017966,CIRCULAR_FLOW,1
tx26146_00017967,CIRCULAR_FLOW,1
tx26146_00017968,CIRCULAR_FLOW,1
tx26146_00017969,CIRCULAR_FLOW,1
tx26146_00017970,CIRCULAR_FLOW,1
tx26146_00017971,CIRCULAR_FLOW,1
tx26146_00017972,CIRCULAR_FLOW,1
tx26146_00017973,CIRCULAR_FLOW,1
tx26146_00017974,CIRCULAR_FLOW,1
tx26146_00017975,CIRCULAR_FLOW,1
tx26146_00017976,CIRCULAR_FLOW,1
tx26146_00017977,CIRCULAR_FLOW,1
tx26146_00017978,CIRCULAR_FLOW,1
tx26146_00017979,CIRCULAR_FLOW,1
tx26146_00017980,CIRCULAR_FLOW,1
tx26146_00017981,CIRCULAR_FLOW,1
tx26146_00017982,CIRCULAR_FLOW,1
tx26146_00017983,CIRCULAR_FLOW,1
tx26146_00017984,CIRCULAR_FLOW,1
tx26146_00017985,CIRCULAR_FLOW,1
tx26146_00017986,CIRCULAR_FLOW,1
tx26146_00017987,CIRCULAR_FLOW,1
tx26146_00017988,CIRCULAR_FLOW,1
tx26146_00017989,CIRCULAR_FLOW,1
tx26146_00017990,CIRCULAR_FLOW,1
tx26146_00017991,CIRCULAR_FLOW,1
tx26146_00017992,CIRCULAR_FLOW,1
tx26146_00017993,CIRCULAR_FLOW,1
tx26146_00017994,CIRCULAR_FLOW,1
tx26146_00017995,CIRCULAR_FLOW,1
tx26146_00017996,CIRCULAR_FLOW,1
tx26146_00017997,CIRCULAR_FLOW,1
tx26146_00017998,CIRCULAR_FLOW,1
tx26146_00017999,CIRCULAR_FLOW,1
tx26146_00018000,CIRCULAR_FLOW,1
tx26146_00018001,CIRCULAR_FLOW,1
tx26146_00018002,CIRCULAR_FLOW,1
tx26146_00018003,CIRCULAR_FLOW,1
tx26146_00018004,CIRCULAR_FLOW,1
tx26146_00018005,CIRCULAR_FLOW,1
tx26146_00018006,CIRCULAR_FLOW,1
tx26146_00018007,CIRCULAR_FLOW,1
tx26146_00018008,CIRCULAR_FLOW,1
tx26146_00018009,CIRCULAR_FLOW,1
tx26146_00018010,CIRCULAR_FLOW,1
tx26146_00018011,CIRCULAR_FLOW,1
tx26146_00018012,CIRCULAR_FLOW,1
tx26146_00018013,CIRCULAR_FLOW,1
tx26146_00018014,CIRCULAR_FLOW,1
tx26146_00018015,CIRCULAR_FLOW,1
tx26146_00018016,CIRCULAR_FLOW,1
tx26146_00018017,CIRCULAR_FLOW,1
tx26146_00018018,CIRCULAR_FLOW,1
tx26146_00018019,CIRCULAR_FLOW,1
tx26146_00018020,CIRCULAR_FLOW,1
tx26146_00018021,CIRCULAR_FLOW,1
tx26146_00018022,CIRCULAR_FLOW,1
tx26146_00018023,CIRCULAR_FLOW,1
tx26146_00018024,CIRCULAR_FLOW,1
tx26146_00018025,CIRCULAR_FLOW,1
tx26146_00018026,CIRCULAR_FLOW,1
tx26146_00018027,CIRCULAR_FLOW,1
tx26146_00018028,CIRCULAR_FLOW,1
tx26146_00018029,CIRCULAR_FLOW,1
tx26146_00018030,CIRCULAR_FLOW,1
tx26146_00018031,CIRCULAR_FLOW,1
tx26146_00018032,CIRCULAR_FLOW,1
tx26146_00018033,CIRCULAR_FLOW,1
tx26146_00018034,CIRCULAR_FLOW,1
tx26146_00018035,CIRCULAR_FLOW,1
tx26146_00018036,CIRCULAR_FLOW,1
tx26146_00018037,CIRCULAR_FLOW,1
tx26146_00018038,CIRCULAR_FLOW,1
tx26146_00018039,CIRCULAR_FLOW,1
tx26146_00018040,CIRCULAR_FLOW,1
tx26146_00018041,CIRCULAR_FLOW,1
tx26146_00018042,CIRCULAR_FLOW,1
tx26146_00018043,CIRCULAR_FLOW,1
tx26146_00018044,CIRCULAR_FLOW,1
tx26146_00018045,CIRCULAR_FLOW,1
tx26146_00018046,CIRCULAR_FLOW,1
tx26146_00018047,CIRCULAR_FLOW,1
tx26146_00018048,CIRCULAR_FLOW,1
tx26146_00018049,CIRCULAR_FLOW,1
tx26146_00018050,CIRCULAR_FLOW,1
tx26146_00018051,CIRCULAR_FLOW,1
tx26146_00018052,CIRCULAR_FLOW,1
tx26146_00018053,CIRCULAR_FLOW,1
tx26146_00018054,CIRCULAR_FLOW,1
tx26146_00018055,CIRCULAR_FLOW,1
tx26146_00018056,CIRCULAR_FLOW,1
tx26146_00018057,CIRCULAR_FLOW,1
tx26146_00018058,CIRCULAR_FLOW,1
tx26146_00018059,CIRCULAR_FLOW,1
tx26146_00018060,CIRCULAR_FLOW,1
tx26146_00018061,CIRCULAR_FLOW,1
tx26146_00018062,CIRCULAR_FLOW,1
tx26146_00018063,CIRCULAR_FLOW,1
tx26146_00018064,CIRCULAR_FLOW,1
tx26146_00018065,CIRCULAR_FLOW,1
tx26146_00018066,CIRCULAR_FLOW,1
tx26146_00018067,CIRCULAR_FLOW,1
tx26146_00018068,CIRCULAR_FLOW,1
tx26146_00018069,CIRCULAR_FLOW,1
tx26146_00018070,CIRCULAR_FLOW,1
tx26146_00018071,CIRCULAR_FLOW,1
tx26146_00018072,CIRCULAR_FLOW,1
tx26146_00018073,CIRCULAR_FLOW,1
tx26146_00018074,CIRCULAR_FLOW,1
tx26146_00018075,CIRCULAR_FLOW,1
tx26146_00018076,CIRCULAR_FLOW,1
tx26146_00018077,CIRCULAR_FLOW,1
tx26146_00018078,CIRCULAR_FLOW,1
tx26146_00018079,CIRCULAR_FLOW,1
tx26146_00018080,CIRCULAR_FLOW,1
tx26146_00018081,CIRCULAR_FLOW,1
tx26146_00018082,CIRCULAR_FLOW,1
tx26146_00018083,CIRCULAR_FLOW,1
tx26146_00018084,CIRCULAR_FLOW,1
tx26146_00018085,CIRCULAR_FLOW,1
tx26146_00018086,CIRCULAR_FLOW,1
tx26146_00018087,CIRCULAR_FLOW,1
tx26146_00018088,CIRCULAR_FLOW,1
tx26146_00018089,CIRCULAR_FLOW,1
tx26146_00018090,CIRCULAR_FLOW,1
tx26146_00018091,CIRCULAR_FLOW,1
tx26146_00018092,CIRCULAR_FLOW,1
tx26146_00018093,CIRCULAR_FLOW,1
tx26146_00018094,CIRCULAR_FLOW,1
tx26146_00018095,CIRCULAR_FLOW,1
tx26146_00018096,CIRCULAR_FLOW,1
tx26146_00018097,CIRCULAR_FLOW,1
tx26146_00018098,CIRCULAR_FLOW,1
tx26146_00018099,CIRCULAR_FLOW,1
tx26146_00018100,CROSS_LAYER,1
tx26146_00018101,CROSS_LAYER,1
tx26146_00018102,CROSS_LAYER,1
tx26146_00018103,CROSS_LAYER,1
tx26146_00018104,CROSS_LAYER,1
tx26146_00018105,CROSS_LAYER,1
tx26146_00018106,CROSS_LAYER,1
tx26146_00018107,CROSS_LAYER,1
tx26146_00018108,CROSS_LAYER,1
tx26146_00018109,CROSS_LAYER,1
tx26146_00018110,CROSS_LAYER,1
tx26146_00018111,CROSS_LAYER,1
tx26146_00018112,CROSS_LAYER,1
tx26146_00018113,CROSS_LAYER,1
tx26146_00018114,CROSS_LAYER,1
tx26146_00018115,CROSS_LAYER,1
tx26146_00018116,CROSS_LAYER,1
tx26146_00018117,CROSS_LAYER,1
tx26146_00018118,CROSS_LAYER,1
tx26146_00018119,CROSS_LAYER,1
tx26146_00018120,CROSS_LAYER,1
tx26146_00018121,CROSS_LAYER,1
tx26146_00018122,CROSS_LAYER,1
tx26146_00018123,CROSS_LAYER,1
tx26146_00018124,CROSS_LAYER,1
tx26146_00018125,CROSS_LAYER,1
tx26146_00018126,CROSS_LAYER,1
tx26146_00018127,CROSS_LAYER,1
tx26146_00018128,CROSS_LAYER,1
tx26146_00018129,CROSS_LAYER,1
tx26146_00018130,CROSS_LAYER,1
tx26146_00018131,CROSS_LAYER,1
tx26146_00018132,CROSS_LAYER,1
tx26146_00018133,CROSS_LAYER,1
tx26146_00018134,CROSS_LAYER,1
tx26146_00018135,CROSS_LAYER,1
tx26146_00018136,CROSS_LAYER,1
tx26146_00018137,CROSS_LAYER,1
tx26146_00018138,CROSS_LAYER,1
tx26146_00018139,CROSS_LAYER,1
tx26146_00018140,CROSS_LAYER,1
tx26146_00018141,CROSS_LAYER,1
tx26146_00018142,CROSS_LAYER,1
tx26146_00018143,CROSS_LAYER,1
tx26146_00018144,CROSS_LAYER,1
tx26146_00018145,CROSS_LAYER,1
tx26146_00018146,CROSS_LAYER,1
tx26146_00018147,CROSS_LAYER,1
tx26146_00018148,CROSS_LAYER,1
tx26146_00018149,CROSS_LAYER,1
tx26146_00018150,CROSS_LAYER,1
tx26146_00018151,CROSS_LAYER,1
tx26146_00018152,CROSS_LAYER,1
tx26146_00018153,CROSS_LAYER,1
tx26146_00018154,CROSS_LAYER,1
tx26146_00018155,CROSS_LAYER,1
tx26146_00018156,CROSS_LAYER,1
tx26146_00018157,CROSS_LAYER,1
tx26146_00018158,CROSS_LAYER,1
tx26146_00018159,CROSS_LAYER,1
tx26146_00018160,CROSS_LAYER,1
tx26146_00018161,CROSS_LAYER,1
tx26146_00018162,CROSS_LAYER,1
tx26146_00018163,CROSS_LAYER,1
tx26146_00018164,CROSS_LAYER,1
tx26146_00018165,CROSS_LAYER,1
tx26146_00018166,CROSS_LAYER,1
tx26146_00018167,CROSS_LAYER,1
tx26146_00018168,CROSS_LAYER,1
tx26146_00018169,CROSS_LAYER,1
tx26146_00018170,CROSS_LAYER,1
tx26146_00018171,CROSS_LAYER,1
tx26146_00018172,CROSS_LAYER,1
tx26146_00018173,CROSS_LAYER,1
tx26146_00018174,CROSS_LAYER,1
tx26146_00018175,CROSS_LAYER,1
tx26146_00018176,CROSS_LAYER,1
tx26146_00018177,CROSS_LAYER,1
tx26146_00018178,CROSS_LAYER,1
tx26146_00018179,CROSS_LAYER,1
tx26146_00018180,CROSS_LAYER,1
tx26146_00018181,CROSS_LAYER,1
tx26146_00018182,CROSS_LAYER,1
tx26146_00018183,CROSS_LAYER,1
tx26146_00018184,CROSS_LAYER,1
tx26146_00018185,CROSS_LAYER,1
tx26146_00018186,CROSS_LAYER,1
tx26146_00018187,CROSS_LAYER,1
tx26146_00018188,CROSS_LAYER,1
tx26146_00018189,CROSS_LAYER,1
tx26146_00018190,CROSS_LAYER,1
tx26146_00018191,CROSS_LAYER,1
tx26146_00018192,CROSS_LAYER,1
tx26146_00018193,CROSS_LAYER,1
tx26146_00018194,CROSS_LAYER,1
tx26146_00018195,CROSS_LAYER,1
tx26146_00018196,CROSS_LAYER,1
tx26146_00018197,CROSS_LAYER,1
tx26146_00018198,CROSS_LAYER,1
tx26146_00018199,CROSS_LAYER,1
tx26146_00018200,CROSS_LAYER,1
tx26146_00018201,CROSS_LAYER,1
tx26146_00018202,CROSS_LAYER,1
tx26146_00018203,CROSS_LAYER,1
tx26146_00018204,CROSS_LAYER,1
tx26146_00018205,CROSS_LAYER,1
tx26146_00018206,CROSS_LAYER,1
tx26146_00018207,CROSS_LAYER,1
tx26146_00018208,CROSS_LAYER,1
tx26146_00018209,CROSS_LAYER,1
tx26146_00018210,CROSS_LAYER,1
tx26146_00018211,CROSS_LAYER,1
tx26146_00018212,CROSS_LAYER,1
tx26146_00018213,CROSS_LAYER,1
tx26146_00018214,CROSS_LAYER,1
tx26146_00018215,CROSS_LAYER,1
tx26146_00018216,CROSS_LAYER,1
tx26146_00018217,CROSS_LAYER,1
tx26146_00018218,CROSS_LAYER,1
tx26146_00018219,CROSS_LAYER,1
tx26146_00018220,CROSS_LAYER,1
tx26146_00018221,CROSS_LAYER,1
tx26146_00018222,CROSS_LAYER,1
tx26146_00018223,CROSS_LAYER,1
tx26146_00018224,CROSS_LAYER,1
tx26146_00018225,CROSS_LAYER,1
tx26146_00018226,CROSS_LAYER,1
tx26146_00018227,CROSS_LAYER,1
tx26146_00018228,CROSS_LAYER,1
tx26146_00018229,CROSS_LAYER,1
tx26146_00018230,CROSS_LAYER,1
tx26146_00018231,CROSS_LAYER,1
tx26146_00018232,CROSS_LAYER,1
tx26146_00018233,CROSS_LAYER,1
tx26146_00018234,CROSS_LAYER,1
tx26146_00018235,CROSS_LAYER,1
tx26146_00018236,CROSS_LAYER,1
tx26146_00018237,CROSS_LAYER,1
tx26146_00018238,CROSS_LAYER,1
tx26146_00018239,CROSS_LAYER,1
tx26146_00018240,CROSS_LAYER,1
tx26146_00018241,CROSS_LAYER,1
tx26146_00018242,CROSS_LAYER,1
tx26146_00018243,CROSS_LAYER,1
tx26146_00018244,CROSS_LAYER,1
tx26146_00018245,CROSS_LAYER,1
tx26146_00018246,CROSS_LAYER,1
tx26146_00018247,CROSS_LAYER,1
tx26146_00018248,CROSS_LAYER,1
tx26146_00018249,CROSS_LAYER,1
tx26146_00018250,CROSS_LAYER,1
tx26146_00018251,CROSS_LAYER,1
tx26146_00018252,CROSS_LAYER,1
tx26146_00018253,CROSS_LAYER,1
tx26146_00018254,CROSS_LAYER,1
tx26146_00018255,CROSS_LAYER,1
tx26146_00018256,CROSS_LAYER,1
tx26146_00018257,CROSS_LAYER,1
tx26146_00018258,CROSS_LAYER,1
tx26146_00018259,CROSS_LAYER,1
tx26146_00018260,CROSS_LAYER,1
tx26146_00018261,CROSS_LAYER,1
tx26146_00018262,CROSS_LAYER,1
tx26146_00018263,CROSS_LAYER,1
tx26146_00018264,CROSS_LAYER,1
tx26146_00018265,CROSS_LAYER,1
tx26146_00018266,CROSS_LAYER,1
tx26146_00018267,CROSS_LAYER,1
tx26146_00018268,CROSS_LAYER,1
tx26146_00018269,CROSS_LAYER,1
tx26146_00018270,CROSS_LAYER,1
tx26146_00018271,CROSS_LAYER,1
tx26146_00018272,CROSS_LAYER,1
tx26146_00018273,CROSS_LAYER,1
tx26146_00018274,CROSS_LAYER,1
tx26146_00018275,CROSS_LAYER,1
tx26146_00018276,CROSS_LAYER,1
tx26146_00018277,CROSS_LAYER,1
tx26146_00018278,CROSS_LAYER,1
tx26146_00018279,CROSS_LAYER,1
tx26146_00018280,CROSS_LAYER,1
tx26146_00018281,CROSS_LAYER,1
tx26146_00018282,CROSS_LAYER,1
tx26146_00018283,CROSS_LAYER,1
tx26146_00018284,CROSS_LAYER,1
tx26146_00018285,CROSS_LAYER,1
tx26146_00018286,CROSS_LAYER,1
tx26146_00018287,CROSS_LAYER,1
tx26146_00018288,CROSS_LAYER,1
tx26146_00018289,CROSS_LAYER,1
tx26146_00018290,CROSS_LAYER,1
tx26146_00018291,CROSS_LAYER,1
tx26146_00018292,CROSS_LAYER,1
tx26146_00018293,CROSS_LAYER,1
tx26146_00018294,CROSS_LAYER,1
tx26146_00018295,CROSS_LAYER,1
tx26146_00018296,CROSS_LAYER,1
tx26146_00018297,CROSS_LAYER,1
tx26146_00018298,CROSS_LAYER,1
tx26146_00018299,CROSS_LAYER,1
tx26146_00018300,CROSS_LAYER,1
tx26146_00018301,CROSS_LAYER,1
tx26146_00018302,CROSS_LAYER,1
tx26146_00018303,CROSS_LAYER,1
tx26146_00018304,CROSS_LAYER,1
tx26146_00018305,CROSS_LAYER,1
tx26146_00018306,CROSS_LAYER,1
tx26146_00018307,CROSS_LAYER,1
tx26146_00018308,CROSS_LAYER,1
tx26146_00018309,CROSS_LAYER,1
tx26146_00018310,CROSS_LAYER,1
tx26146_00018311,CROSS_LAYER,1
tx26146_00018312,CROSS_LAYER,1
tx26146_00018313,CROSS_LAYER,1
tx26146_00018314,CROSS_LAYER,1
tx26146_00018315,CROSS_LAYER,1
tx26146_00018316,CROSS_LAYER,1
tx26146_00018317,CROSS_LAYER,1
tx26146_00018318,CROSS_LAYER,1
tx26146_00018319,CROSS_LAYER,1
tx26146_00018320,CROSS_LAYER,1
tx26146_00018321,CROSS_LAYER,1
tx26146_00018322,CROSS_LAYER,1
tx26146_00018323,CROSS_LAYER,1
tx26146_00018324,CROSS_LAYER,1
tx26146_00018325,CROSS_LAYER,1
tx26146_00018326,CROSS_LAYER,1
tx26146_00018327,CROSS_LAYER,1
tx26146_00018328,CROSS_LAYER,1
tx26146_00018329,CROSS_LAYER,1
tx26146_00018330,CROSS_LAYER,1
tx26146_00018331,CROSS_LAYER,1
tx26146_00018332,CROSS_LAYER,1
tx26146_00018333,CROSS_LAYER,1
tx26146_00018334,CROSS_LAYER,1
tx26146_00018335,CROSS_LAYER,1
tx26146_00018336,CROSS_LAYER,1
tx26146_00018337,CROSS_LAYER,1
tx26146_00018338,CROSS_LAYER,1
tx26146_00018339,CROSS_LAYER,1
tx26146_00018340,CROSS_LAYER,1
tx26146_00018341,CROSS_LAYER,1
tx26146_00018342,CROSS_LAYER,1
tx26146_00018343,CROSS_LAYER,1
tx26146_00018344,CROSS_LAYER,1
tx26146_00018345,CROSS_LAYER,1
tx26146_00018346,CROSS_LAYER,1
tx26146_00018347,CROSS_LAYER,1
tx26146_00018348,CROSS_LAYER,1
tx26146_00018349,CROSS_LAYER,1
tx26146_00018350,CROSS_LAYER,1
tx26146_00018351,CROSS_LAYER,1
tx26146_00018352,CROSS_LAYER,1
tx26146_00018353,CROSS_LAYER,1
tx26146_00018354,CROSS_LAYER,1
tx26146_00018355,CROSS_LAYER,1
tx26146_00018356,CROSS_LAYER,1
tx26146_00018357,CROSS_LAYER,1
tx26146_00018358,CROSS_LAYER,1
tx26146_00018359,CROSS_LAYER,1
tx26146_00018360,CROSS_LAYER,1
tx26146_00018361,CROSS_LAYER,1
tx26146_00018362,CROSS_LAYER,1
tx26146_00018363,CROSS_LAYER,1
tx26146_00018364,CROSS_LAYER,1
tx26146_00018365,CROSS_LAYER,1
tx26146_00018366,CROSS_LAYER,1
tx26146_00018367,CROSS_LAYER,1
tx26146_00018368,CROSS_LAYER,1
tx26146_00018369,CROSS_LAYER,1
tx26146_00018370,CROSS_LAYER,1
tx26146_00018371,CROSS_LAYER,1
tx26146_00018372,CROSS_LAYER,1
tx26146_00018373,CROSS_LAYER,1
tx26146_00018374,CROSS_LAYER,1
tx26146_00018375,CROSS_LAYER,1
tx26146_00018376,CROSS_LAYER,1
tx26146_00018377,CROSS_LAYER,1
tx26146_00018378,CROSS_LAYER,1
tx26146_00018379,CROSS_LAYER,1
tx26146_00018380,CROSS_LAYER,1
tx26146_00018381,CROSS_LAYER,1
tx26146_00018382,CROSS_LAYER,1
tx26146_00018383,CROSS_LAYER,1
tx26146_00018384,CROSS_LAYER,1
tx26146_00018385,CROSS_LAYER,1
tx26146_00018386,CROSS_LAYER,1
tx26146_00018387,CROSS_LAYER,1
tx26146_00018388,CROSS_LAYER,1
tx26146_00018389,CROSS_LAYER,1
tx26146_00018390,CROSS_LAYER,1
tx26146_00018391,CROSS_LAYER,1
tx26146_00018392,CROSS_LAYER,1
tx26146_00018393,CROSS_LAYER,1
tx26146_00018394,CROSS_LAYER,1
tx26146_00018395,CROSS_LAYER,1
tx26146_00018396,CROSS_LAYER,1
tx26146_00018397,CROSS_LAYER,1
tx26146_00018398,CROSS_LAYER,1
tx26146_00018399,CROSS_LAYER,1
tx26146_00018400,CROSS_LAYER,1
tx26146_00018401,CROSS_LAYER,1
tx26146_00018402,CROSS_LAYER,1
tx26146_00018403,CROSS_LAYER,1
tx26146_00018404,CROSS_LAYER,1
tx26146_00018405,CROSS_LAYER,1
tx26146_00018406,CROSS_LAYER,1
tx26146_00018407,CROSS_LAYER,1
tx26146_00018408,CROSS_LAYER,1
tx26146_00018409,CROSS_LAYER,1
tx26146_00018410,CROSS_LAYER,1
tx26146_00018411,CROSS_LAYER,1
tx26146_00018412,CROSS_LAYER,1
tx26146_00018413,CROSS_LAYER,1
tx26146_00018414,CROSS_LAYER,1
tx26146_00018415,CROSS_LAYER,1
tx26146_00018416,CROSS_LAYER,1
tx26146_00018417,CROSS_LAYER,1
tx26146_00018418,CROSS_LAYER,1
tx26146_00018419,CROSS_LAYER,1
tx26146_00018420,CROSS_LAYER,1
tx26146_00018421,CROSS_LAYER,1
tx26146_00018422,CROSS_LAYER,1
tx26146_00018423,CROSS_LAYER,1
tx26146_00018424,CROSS_LAYER,1
tx26146_00018425,CROSS_LAYER,1
tx26146_00018426,CROSS_LAYER,1
tx26146_00018427,CROSS_LAYER,1
tx26146_00018428,CROSS_LAYER,1
tx26146_00018429,CROSS_LAYER,1
tx26146_00018430,CROSS_LAYER,1
tx26146_00018431,CROSS_LAYER,1
tx26146_00018432,CROSS_LAYER,1
tx26146_00018433,CROSS_LAYER,1
tx26146_00018434,CROSS_LAYER,1
tx26146_00018435,CROSS_LAYER,1
tx26146_00018436,CROSS_LAYER,1
tx26146_00018437,CROSS_LAYER,1
tx26146_00018438,CROSS_LAYER,1
tx26146_00018439,CROSS_LAYER,1
tx26146_00018440,CROSS_LAYER,1
tx26146_00018441,CROSS_LAYER,1
tx26146_00018442,CROSS_LAYER,1
tx26146_00018443,CROSS_LAYER,1
tx26146_00018444,CROSS_LAYER,1
tx26146_00018445,CROSS_LAYER,1
tx26146_00018446,CROSS_LAYER,1
tx26146_00018447,CROSS_LAYER,1
tx26146_00018448,CROSS_LAYER,1
tx26146_00018449,CROSS_LAYER,1
tx26146_00018450,CROSS_LAYER,1
tx26146_00018451,CROSS_LAYER,1
tx26146_00018452,CROSS_LAYER,1
tx26146_00018453,CROSS_LAYER,1
tx26146_00018454,CROSS_LAYER,1
tx26146_00018455,CROSS_LAYER,1
tx26146_00018456,CROSS_LAYER,1
tx26146_00018457,CROSS_LAYER,1
tx26146_00018458,CROSS_LAYER,1
tx26146_00018459,CROSS_LAYER,1
tx26146_00018460,CROSS_LAYER,1
tx26146_00018461,CROSS_LAYER,1
tx26146_00018462,CROSS_LAYER,1
tx26146_00018463,CROSS_LAYER,1
tx26146_00018464,CROSS_LAYER,1
tx26146_00018465,CROSS_LAYER,1
tx26146_00018466,CROSS_LAYER,1
tx26146_00018467,CROSS_LAYER,1
tx26146_00018468,CROSS_LAYER,1
tx26146_00018469,CROSS_LAYER,1
tx26146_00018470,CROSS_LAYER,1
tx26146_00018471,CROSS_LAYER,1
tx26146_00018472,CROSS_LAYER,1
tx26146_00018473,CROSS_LAYER,1
tx26146_00018474,CROSS_LAYER,1
tx26146_00018475,CROSS_LAYER,1
tx26146_00018476,CROSS_LAYER,1
tx26146_00018477,CROSS_LAYER,1
tx26146_00018478,CROSS_LAYER,1
tx26146_00018479,CROSS_LAYER,1
tx26146_00018480,CROSS_LAYER,1
tx26146_00018481,CROSS_LAYER,1
tx26146_00018482,CROSS_LAYER,1
tx26146_00018483,CROSS_LAYER,1
tx26146_00018484,CROSS_LAYER,1
tx26146_00018485,CROSS_LAYER,1
tx26146_00018486,CROSS_LAYER,1
tx26146_00018487,CROSS_LAYER,1
tx26146_00018488,CROSS_LAYER,1
tx26146_00018489,CROSS_LAYER,1
tx26146_00018490,CROSS_LAYER,1
tx26146_00018491,CROSS_LAYER,1
tx26146_00018492,CROSS_LAYER,1
tx26146_00018493,CROSS_LAYER,1
tx26146_00018494,CROSS_LAYER,1
tx26146_00018495,CROSS_LAYER,1
tx26146_00018496,CROSS_LAYER,1
tx26146_00018497,CROSS_LAYER,1
tx26146_00018498,CROSS_LAYER,1
tx26146_00018499,CROSS_LAYER,1
tx26146_00018500,CROSS_LAYER,1
tx26146_00018501,CROSS_LAYER,1
tx26146_00018502,CROSS_LAYER,1
tx26146_00018503,CROSS_LAYER,1
tx26146_00018504,CROSS_LAYER,1
tx26146_00018505,CROSS_LAYER,1
tx26146_00018506,CROSS_LAYER,1
tx26146_00018507,CROSS_LAYER,1
tx26146_00018508,CROSS_LAYER,1
tx26146_00018509,CROSS_LAYER,1
tx26146_00018510,CROSS_LAYER,1
tx26146_00018511,CROSS_LAYER,1
tx26146_00018512,CROSS_LAYER,1
tx26146_00018513,CROSS_LAYER,1
tx26146_00018514,CROSS_LAYER,1
tx26146_00018515,CROSS_LAYER,1
tx26146_00018516,CROSS_LAYER,1
tx26146_00018517,CROSS_LAYER,1
tx26146_00018518,CROSS_LAYER,1
tx26146_00018519,CROSS_LAYER,1
tx26146_00018520,CROSS_LAYER,1
tx26146_00018521,CROSS_LAYER,1
tx26146_00018522,CROSS_LAYER,1
tx26146_00018523,CROSS_LAYER,1
tx26146_00018524,CROSS_LAYER,1
tx26146_00018525,CROSS_LAYER,1
tx26146_00018526,CROSS_LAYER,1
tx26146_00018527,CROSS_LAYER,1
tx26146_00018528,CROSS_LAYER,1
tx26146_00018529,CROSS_LAYER,1
tx26146_00018530,CROSS_LAYER,1
tx26146_00018531,CROSS_LAYER,1
tx26146_00018532,CROSS_LAYER,1
tx26146_00018533,CROSS_LAYER,1
tx26146_00018534,CROSS_LAYER,1
tx26146_00018535,CROSS_LAYER,1
tx26146_00018536,CROSS_LAYER,1
tx26146_00018537,CROSS_LAYER,1
tx26146_00018538,CROSS_LAYER,1
tx26146_00018539,CROSS_LAYER,1
tx26146_00018540,CROSS_LAYER,1
tx26146_00018541,CROSS_LAYER,1
tx26146_00018542,CROSS_LAYER,1
tx26146_00018543,CROSS_LAYER,1
tx26146_00018544,CROSS_LAYER,1
tx26146_00018545,CROSS_LAYER,1
tx26146_00018546,CROSS_LAYER,1
tx26146_00018547,CROSS_LAYER,1
tx26146_00018548,CROSS_LAYER,1
tx26146_00018549,CROSS_LAYER,1
tx26146_00018550,CROSS_LAYER,1
tx26146_00018551,CROSS_LAYER,1
tx26146_00018552,CROSS_LAYER,1
tx26146_00018553,CROSS_LAYER,1
tx26146_00018554,CROSS_LAYER,1
tx26146_00018555,CROSS_LAYER,1
tx26146_00018556,CROSS_LAYER,1
tx26146_00018557,CROSS_LAYER,1
tx26146_00018558,CROSS_LAYER,1
tx26146_00018559,CROSS_LAYER,1
tx26146_00018560,CROSS_LAYER,1
tx26146_00018561,CROSS_LAYER,1
tx26146_00018562,CROSS_LAYER,1
tx26146_00018563,CROSS_LAYER,1
tx26146_00018564,CROSS_LAYER,1
tx26146_00018565,CROSS_LAYER,1
tx26146_00018566,CROSS_LAYER,1
tx26146_00018567,CROSS_LAYER,1
tx26146_00018568,CROSS_LAYER,1
tx26146_00018569,CROSS_LAYER,1
tx26146_00018570,CROSS_LAYER,1
tx26146_00018571,CROSS_LAYER,1
tx26146_00018572,CROSS_LAYER,1
tx26146_00018573,CROSS_LAYER,1
tx26146_00018574,CROSS_LAYER,1
tx26146_00018575,CROSS_LAYER,1
tx26146_00018576,CROSS_LAYER,1
tx26146_00018577,CROSS_LAYER,1
tx26146_00018578,CROSS_LAYER,1
tx26146_00018579,CROSS_LAYER,1
tx26146_00018580,CROSS_LAYER,1
tx26146_00018581,CROSS_LAYER,1
tx26146_00018582,CROSS_LAYER,1
tx26146_00018583,CROSS_LAYER,1
tx26146_00018584,CROSS_LAYER,1
tx26146_00018585,CROSS_LAYER,1
tx26146_00018586,CROSS_LAYER,1
tx26146_00018587,CROSS_LAYER,1
tx26146_00018588,CROSS_LAYER,1
tx26146_00018589,CROSS_LAYER,1
tx26146_00018590,CROSS_LAYER,1
tx26146_00018591,CROSS_LAYER,1
tx26146_00018592,CROSS_LAYER,1
tx26146_00018593,CROSS_LAYER,1
tx26146_00018594,CROSS_LAYER,1
tx26146_00018595,CROSS_LAYER,1
tx26146_00018596,CROSS_LAYER,1
tx26146_00018597,CROSS_LAYER,1
tx26146_00018598,CROSS_LAYER,1
tx26146_00018599,CROSS_LAYER,1
tx26146_00018600,CROSS_LAYER,1
tx26146_00018601,CROSS_LAYER,1
tx26146_00018602,CROSS_LAYER,1
tx26146_00018603,CROSS_LAYER,1
tx26146_00018604,CROSS_LAYER,1
tx26146_00018605,CROSS_LAYER,1
tx26146_00018606,CROSS_LAYER,1
tx26146_00018607,CROSS_LAYER,1
tx26146_00018608,CROSS_LAYER,1
tx26146_00018609,CROSS_LAYER,1
tx26146_00018610,CROSS_LAYER,1
tx26146_00018611,CROSS_LAYER,1
tx26146_00018612,CROSS_LAYER,1
tx26146_00018613,CROSS_LAYER,1
tx26146_00018614,CROSS_LAYER,1
tx26146_00018615,CROSS_LAYER,1
tx26146_00018616,CROSS_LAYER,1
tx26146_00018617,CROSS_LAYER,1
tx26146_00018618,CROSS_LAYER,1
tx26146_00018619,CROSS_LAYER,1
tx26146_00018620,CROSS_LAYER,1
tx26146_00018621,CROSS_LAYER,1
tx26146_00018622,CROSS_LAYER,1
tx26146_00018623,CROSS_LAYER,1
tx26146_00018624,CROSS_LAYER,1
tx26146_00018625,CROSS_LAYER,1
tx26146_00018626,CROSS_LAYER,1
tx26146_00018627,CROSS_LAYER,1
tx26146_00018628,CROSS_LAYER,1
tx26146_00018629,CROSS_LAYER,1
tx26146_00018630,CROSS_LAYER,1
tx26146_00018631,CROSS_LAYER,1
tx26146_00018632,CROSS_LAYER,1
tx26146_00018633,CROSS_LAYER,1
tx26146_00018634,CROSS_LAYER,1
tx26146_00018635,CROSS_LAYER,1
tx26146_00018636,CROSS_LAYER,1
tx26146_00018637,CROSS_LAYER,1
tx26146_00018638,CROSS_LAYER,1
tx26146_00018639,CROSS_LAYER,1
tx26146_00018640,CROSS_LAYER,1
tx26146_00018641,CROSS_LAYER,1
tx26146_00018642,CROSS_LAYER,1
tx26146_00018643,CROSS_LAYER,1
tx26146_00018644,CROSS_LAYER,1
tx26146_00018645,CROSS_LAYER,1
tx26146_00018646,CROSS_LAYER,1
tx26146_00018647,CROSS_LAYER,1
tx26146_00018648,CROSS_LAYER,1
tx26146_00018649,CROSS_LAYER,1
tx26146_00018650,CROSS_LAYER,1
tx26146_00018651,CROSS_LAYER,1
tx26146_00018652,CROSS_LAYER,1
tx26146_00018653,CROSS_LAYER,1
tx26146_00018654,CROSS_LAYER,1
tx26146_00018655,CROSS_LAYER,1
tx26146_00018656,CROSS_LAYER,1
tx26146_00018657,CROSS_LAYER,1
tx26146_00018658,CROSS_LAYER,1
tx26146_00018659,CROSS_LAYER,1
tx26146_00018660,CROSS_LAYER,1
tx26146_00018661,CROSS_LAYER,1
tx26146_00018662,CROSS_LAYER,1
tx26146_00018663,CROSS_LAYER,1
tx26146_00018664,CROSS_LAYER,1
tx26146_00018665,CROSS_LAYER,1
tx26146_00018666,CROSS_LAYER,1
tx26146_00018667,CROSS_LAYER,1
tx26146_00018668,CROSS_LAYER,1
tx26146_00018669,CROSS_LAYER,1
tx26146_00018670,CROSS_LAYER,1
tx26146_00018671,CROSS_LAYER,1
tx26146_00018672,CROSS_LAYER,1
tx26146_00018673,CROSS_LAYER,1
tx26146_00018674,CROSS_LAYER,1
tx26146_00018675,CROSS_LAYER,1
tx26146_00018676,CROSS_LAYER,1
tx26146_00018677,CROSS_LAYER,1
tx26146_00018678,CROSS_LAYER,1
tx26146_00018679,CROSS_LAYER,1
tx26146_00018680,CROSS_LAYER,1
tx26146_00018681,CROSS_LAYER,1
tx26146_00018682,CROSS_LAYER,1
tx26146_00018683,CROSS_LAYER,1
tx26146_00018684,CROSS_LAYER,1
tx26146_00018685,CROSS_LAYER,1
tx26146_00018686,CROSS_LAYER,1
tx26146_00018687,CROSS_LAYER,1
tx26146_00018688,CROSS_LAYER,1
tx26146_00018689,CROSS_LAYER,1
tx26146_00018690,CROSS_LAYER,1
tx26146_00018691,CROSS_LAYER,1
tx26146_00018692,CROSS_LAYER,1
tx26146_00018693,CROSS_LAYER,1
tx26146_00018694,CROSS_LAYER,1
tx26146_00018695,CROSS_LAYER,1
tx26146_00018696,CROSS_LAYER,1
tx26146_00018697,CROSS_LAYER,1
tx26146_00018698,CROSS_LAYER,1
tx26146_00018699,CROSS_LAYER,1
tx26146_00018700,CROSS_LAYER,1
tx26146_00018701,CROSS_LAYER,1
tx26146_00018702,CROSS_LAYER,1
tx26146_00018703,CROSS_LAYER,1
tx26146_00018704,CROSS_LAYER,1
tx26146_00018705,CROSS_LAYER,1
tx26146_00018706,CROSS_LAYER,1
tx26146_00018707,CROSS_LAYER,1
tx26146_00018708,CROSS_LAYER,1
tx26146_00018709,CROSS_LAYER,1
tx26146_00018710,CROSS_LAYER,1
tx26146_00018711,CROSS_LAYER,1
tx26146_00018712,CROSS_LAYER,1
tx26146_00018713,CROSS_LAYER,1
tx26146_00018714,CROSS_LAYER,1
tx26146_00018715,CROSS_LAYER,1
tx26146_00018716,CROSS_LAYER,1
tx26146_00018717,CROSS_LAYER,1
tx26146_00018718,CROSS_LAYER,1
tx26146_00018719,CROSS_LAYER,1
tx26146_00018720,CROSS_LAYER,1
tx26146_00018721,CROSS_LAYER,1
tx26146_00018722,CROSS_LAYER,1
tx26146_00018723,CROSS_LAYER,1
tx26146_00018724,CROSS_LAYER,1
tx26146_00018725,CROSS_LAYER,1
tx26146_00018726,CROSS_LAYER,1
tx26146_00018727,CROSS_LAYER,1
tx26146_00018728,CROSS_LAYER,1
tx26146_00018729,CROSS_LAYER,1
tx26146_00018730,CROSS_LAYER,1
tx26146_00018731,CROSS_LAYER,1
tx26146_00018732,CROSS_LAYER,1
tx26146_00018733,CROSS_LAYER,1
tx26146_00018734,CROSS_LAYER,1
tx26146_00018735,CROSS_LAYER,1
tx26146_00018736,CROSS_LAYER,1
tx26146_00018737,CROSS_LAYER,1
tx26146_00018738,CROSS_LAYER,1
tx26146_00018739,CROSS_LAYER,1
tx26146_00018740,CROSS_LAYER,1
tx26146_00018741,CROSS_LAYER,1
tx26146_00018742,CROSS_LAYER,1
tx26146_00018743,CROSS_LAYER,1
tx26146_00018744,CROSS_LAYER,1
tx26146_00018745,CROSS_LAYER,1
tx26146_00018746,CROSS_LAYER,1
tx26146_00018747,CROSS_LAYER,1
tx26146_00018748,CROSS_LAYER,1
tx26146_00018749,CROSS_LAYER,1
tx26146_00018750,CROSS_LAYER,1
tx26146_00018751,CROSS_LAYER,1
tx26146_00018752,CROSS_LAYER,1
tx26146_00018753,CROSS_LAYER,1
tx26146_00018754,CROSS_LAYER,1
tx26146_00018755,CROSS_LAYER,1
tx26146_00018756,CROSS_LAYER,1
tx26146_00018757,CROSS_LAYER,1
tx26146_00018758,CROSS_LAYER,1
tx26146_00018759,CROSS_LAYER,1
tx26146_00018760,CROSS_LAYER,1
tx26146_00018761,CROSS_LAYER,1
tx26146_00018762,CROSS_LAYER,1
tx26146_00018763,CROSS_LAYER,1
tx26146_00018764,CROSS_LAYER,1
tx26146_00018765,CROSS_LAYER,1
tx26146_00018766,CROSS_LAYER,1
tx26146_00018767,CROSS_LAYER,1
tx26146_00018768,CROSS_LAYER,1
tx26146_00018769,CROSS_LAYER,1
tx26146_00018770,CROSS_LAYER,1
tx26146_00018771,CROSS_LAYER,1
tx26146_00018772,CROSS_LAYER,1
tx26146_00018773,CROSS_LAYER,1
tx26146_00018774,CROSS_LAYER,1
tx26146_00018775,CROSS_LAYER,1
tx26146_00018776,CROSS_LAYER,1
tx26146_00018777,CROSS_LAYER,1
tx26146_00018778,CROSS_LAYER,1
tx26146_00018779,CROSS_LAYER,1
tx26146_00018780,CROSS_LAYER,1
tx26146_00018781,CROSS_LAYER,1
tx26146_00018782,CROSS_LAYER,1
tx26146_00018783,CROSS_LAYER,1
tx26146_00018784,CROSS_LAYER,1
tx26146_00018785,CROSS_LAYER,1
tx26146_00018786,CROSS_LAYER,1
tx26146_00018787,CROSS_LAYER,1
tx26146_00018788,CROSS_LAYER,1
tx26146_00018789,CROSS_LAYER,1
tx26146_00018790,CROSS_LAYER,1
tx26146_00018791,CROSS_LAYER,1
tx26146_00018792,CROSS_LAYER,1
tx26146_00018793,CROSS_LAYER,1
tx26146_00018794,CROSS_LAYER,1
tx26146_00018795,CROSS_LAYER,1
tx26146_00018796,CROSS_LAYER,1
tx26146_00018797,CROSS_LAYER,1
tx26146_00018798,CROSS_LAYER,1
tx26146_00018799,CROSS_LAYER,1
tx26146_00018800,CROSS_LAYER,1
tx26146_00018801,CROSS_LAYER,1
tx26146_00018802,CROSS_LAYER,1
tx26146_00018803,CROSS_LAYER,1
tx26146_00018804,CROSS_LAYER,1
tx26146_00018805,CROSS_LAYER,1
tx26146_00018806,CROSS_LAYER,1
tx26146_00018807,CROSS_LAYER,1
tx26146_00018808,CROSS_LAYER,1
tx26146_00018809,CROSS_LAYER,1
tx26146_00018810,CROSS_LAYER,1
tx26146_00018811,CROSS_LAYER,1
tx26146_00018812,CROSS_LAYER,1
tx26146_00018813,CROSS_LAYER,1
tx26146_00018814,CROSS_LAYER,1
tx26146_00018815,CROSS_LAYER,1
tx26146_00018816,CROSS_LAYER,1
tx26146_00018817,CROSS_LAYER,1
tx26146_00018818,CROSS_LAYER,1
tx26146_00018819,CROSS_LAYER,1
tx26146_00018820,CROSS_LAYER,1
tx26146_00018821,CROSS_LAYER,1
tx26146_00018822,CROSS_LAYER,1
tx26146_00018823,CROSS_LAYER,1
tx26146_00018824,CROSS_LAYER,1
tx26146_00018825,CROSS_LAYER,1
tx26146_00018826,CROSS_LAYER,1
tx26146_00018827,CROSS_LAYER,1
tx26146_00018828,CROSS_LAYER,1
tx26146_00018829,CROSS_LAYER,1
tx26146_00018830,CROSS_LAYER,1
tx26146_00018831,CROSS_LAYER,1
tx26146_00018832,CROSS_LAYER,1
tx26146_00018833,CROSS_LAYER,1
tx26146_00018834,CROSS_LAYER,1
tx26146_00018835,CROSS_LAYER,1
tx26146_00018836,CROSS_LAYER,1
tx26146_00018837,CROSS_LAYER,1
tx26146_00018838,CROSS_LAYER,1
tx26146_00018839,CROSS_LAYER,1
tx26146_00018840,CROSS_LAYER,1
tx26146_00018841,CROSS_LAYER,1
tx26146_00018842,CROSS_LAYER,1
tx26146_00018843,CROSS_LAYER,1
tx26146_00018844,CROSS_LAYER,1
tx26146_00018845,CROSS_LAYER,1
tx26146_00018846,CROSS_LAYER,1
tx26146_00018847,CROSS_LAYER,1
tx26146_00018848,CROSS_LAYER,1
tx26146_00018849,CROSS_LAYER,1
tx26146_00018850,CROSS_LAYER,1
tx26146_00018851,CROSS_LAYER,1
tx26146_00018852,CROSS_LAYER,1
tx26146_00018853,CROSS_LAYER,1
tx26146_00018854,CROSS_LAYER,1
tx26146_00018855,CROSS_LAYER,1
tx26146_00018856,CROSS_LAYER,1
tx26146_00018857,CROSS_LAYER,1
tx26146_00018858,CROSS_LAYER,1
tx26146_00018859,CROSS_LAYER,1
tx26146_00018860,CROSS_LAYER,1
tx26146_00018861,CROSS_LAYER,1
tx26146_00018862,CROSS_LAYER,1
tx26146_00018863,CROSS_LAYER,1
tx26146_00018864,CROSS_LAYER,1
tx26146_00018865,CROSS_LAYER,1
tx26146_00018866,CROSS_LAYER,1
tx26146_00018867,CROSS_LAYER,1
tx26146_00018868,CROSS_LAYER,1
tx26146_00018869,CROSS_LAYER,1
tx26146_00018870,CROSS_LAYER,1
tx26146_00018871,CROSS_LAYER,1
tx26146_00018872,CROSS_LAYER,1
tx26146_00018873,CROSS_LAYER,1
tx26146_00018874,CROSS_LAYER,1
tx26146_00018875,CROSS_LAYER,1
tx26146_00018876,CROSS_LAYER,1
tx26146_00018877,CROSS_LAYER,1
tx26146_00018878,CROSS_LAYER,1
tx26146_00018879,CROSS_LAYER,1
tx26146_00018880,CROSS_LAYER,1
tx26146_00018881,CROSS_LAYER,1
tx26146_00018882,CROSS_LAYER,1
tx26146_00018883,CROSS_LAYER,1
tx26146_00018884,CROSS_LAYER,1
tx26146_00018885,CROSS_LAYER,1
tx26146_00018886,CROSS_LAYER,1
tx26146_00018887,CROSS_LAYER,1
tx26146_00018888,CROSS_LAYER,1
tx26146_00018889,CROSS_LAYER,1
tx26146_00018890,CROSS_LAYER,1
tx26146_00018891,CROSS_LAYER,1
tx26146_00018892,CROSS_LAYER,1
tx26146_00018893,CROSS_LAYER,1
tx26146_00018894,CROSS_LAYER,1
tx26146_00018895,CROSS_LAYER,1
tx26146_00018896,CROSS_LAYER,1
tx26146_00018897,CROSS_LAYER,1
tx26146_00018898,CROSS_LAYER,1
tx26146_00018899,CROSS_LAYER,1
tx26146_00018900,CROSS_LAYER,1
tx26146_00018901,CROSS_LAYER,1
tx26146_00018902,CROSS_LAYER,1
tx26146_00018903,CROSS_LAYER,1
tx26146_00018904,CROSS_LAYER,1
tx26146_00018905,CROSS_LAYER,1
tx26146_00018906,CROSS_LAYER,1
tx26146_00018907,CROSS_LAYER,1
tx26146_00018908,CROSS_LAYER,1
tx26146_00018909,CROSS_LAYER,1
tx26146_00018910,CROSS_LAYER,1
tx26146_00018911,CROSS_LAYER,1
tx26146_00018912,CROSS_LAYER,1
tx26146_00018913,CROSS_LAYER,1
tx26146_00018914,CROSS_LAYER,1
tx26146_00018915,CROSS_LAYER,1
tx26146_00018916,CROSS_LAYER,1
tx26146_00018917,CROSS_LAYER,1
tx26146_00018918,CROSS_LAYER,1
tx26146_00018919,CROSS_LAYER,1
tx26146_00018920,CROSS_LAYER,1
tx26146_00018921,CROSS_LAYER,1
tx26146_00018922,CROSS_LAYER,1
tx26146_00018923,CROSS_LAYER,1
tx26146_00018924,CROSS_LAYER,1
tx26146_00018925,CROSS_LAYER,1
tx26146_00018926,CROSS_LAYER,1
tx26146_00018927,CROSS_LAYER,1
tx26146_00018928,CROSS_LAYER,1
tx26146_00018929,CROSS_LAYER,1
tx26146_00018930,CROSS_LAYER,1
tx26146_00018931,CROSS_LAYER,1
tx26146_00018932,CROSS_LAYER,1
tx26146_00018933,CROSS_LAYER,1
tx26146_00018934,CROSS_LAYER,1
tx26146_00018935,CROSS_LAYER,1
tx26146_00018936,CROSS_LAYER,1
tx26146_00018937,CROSS_LAYER,1
tx26146_00018938,CROSS_LAYER,1
tx26146_00018939,CROSS_LAYER,1
tx26146_00018940,CROSS_LAYER,1
tx26146_00018941,CROSS_LAYER,1
tx26146_00018942,CROSS_LAYER,1
tx26146_00018943,CROSS_LAYER,1
tx26146_00018944,CROSS_LAYER,1
tx26146_00018945,CROSS_LAYER,1
tx26146_00018946,CROSS_LAYER,1
tx26146_00018947,CROSS_LAYER,1
tx26146_00018948,CROSS_LAYER,1
tx26146_00018949,CROSS_LAYER,1
tx26146_00018950,CROSS_LAYER,1
tx26146_00018951,CROSS_LAYER,1
tx26146_00018952,CROSS_LAYER,1
tx26146_00018953,CROSS_LAYER,1
tx26146_00018954,CROSS_LAYER,1
tx26146_00018955,CROSS_LAYER,1
tx26146_00018956,CROSS_LAYER,1
tx26146_00018957,CROSS_LAYER,1
tx26146_00018958,CROSS_LAYER,1
tx26146_00018959,CROSS_LAYER,1
tx26146_00018960,CROSS_LAYER,1
tx26146_00018961,CROSS_LAYER,1
tx26146_00018962,CROSS_LAYER,1
tx26146_00018963,CROSS_LAYER,1
tx26146_00018964,CROSS_LAYER,1
tx26146_00018965,CROSS_LAYER,1
tx26146_00018966,CROSS_LAYER,1
tx26146_00018967,CROSS_LAYER,1
tx26146_00018968,CROSS_LAYER,1
tx26146_00018969,CROSS_LAYER,1
tx26146_00018970,CROSS_LAYER,1
tx26146_00018971,CROSS_LAYER,1
tx26146_00018972,CROSS_LAYER,1
tx26146_00018973,CROSS_LAYER,1
tx26146_00018974,CROSS_LAYER,1
tx26146_00018975,CROSS_LAYER,1
tx26146_00018976,CROSS_LAYER,1
tx26146_00018977,CROSS_LAYER,1
tx26146_00018978,CROSS_LAYER,1
tx26146_00018979,CROSS_LAYER,1
tx26146_00018980,CROSS_LAYER,1
tx26146_00018981,CROSS_LAYER,1
tx26146_00018982,CROSS_LAYER,1
tx26146_00018983,CROSS_LAYER,1
tx26146_00018984,CROSS_LAYER,1
tx26146_00018985,CROSS_LAYER,1
tx26146_00018986,CROSS_LAYER,1
tx26146_00018987,CROSS_LAYER,1
tx26146_00018988,CROSS_LAYER,1
tx26146_00018989,CROSS_LAYER,1
tx26146_00018990,CROSS_LAYER,1
tx26146_00018991,CROSS_LAYER,1
tx26146_00018992,CROSS_LAYER,1
tx26146_00018993,CROSS_LAYER,1
tx26146_00018994,CROSS_LAYER,1
tx26146_00018995,CROSS_LAYER,1
tx26146_00018996,CROSS_LAYER,1
tx26146_00018997,CROSS_LAYER,1
tx26146_00018998,CROSS_LAYER,1
tx26146_00018999,CROSS_LAYER,1
tx26146_00019000,CROSS_LAYER,1
tx26146_00019001,CROSS_LAYER,1
tx26146_00019002,CROSS_LAYER,1
tx26146_00019003,CROSS_LAYER,1
tx26146_00019004,CROSS_LAYER,1
tx26146_00019005,CROSS_LAYER,1
tx26146_00019006,CROSS_LAYER,1
tx26146_00019007,CROSS_LAYER,1
tx26146_00019008,CROSS_LAYER,1
tx26146_00019009,CROSS_LAYER,1
tx26146_00019010,CROSS_LAYER,1
tx26146_00019011,CROSS_LAYER,1
tx26146_00019012,CROSS_LAYER,1
tx26146_00019013,CROSS_LAYER,1
tx26146_00019014,CROSS_LAYER,1
tx26146_00019015,CROSS_LAYER,1
tx26146_00019016,CROSS_LAYER,1
tx26146_00019017,CROSS_LAYER,1
tx26146_00019018,CROSS_LAYER,1
tx26146_00019019,CROSS_LAYER,1
tx26146_00019020,CROSS_LAYER,1
tx26146_00019021,CROSS_LAYER,1
tx26146_00019022,CROSS_LAYER,1
tx26146_00019023,CROSS_LAYER,1
tx26146_00019024,CROSS_LAYER,1
tx26146_00019025,CROSS_LAYER,1
tx26146_00019026,CROSS_LAYER,1
tx26146_00019027,CROSS_LAYER,1
tx26146_00019028,CROSS_LAYER,1
tx26146_00019029,CROSS_LAYER,1
tx26146_00019030,CROSS_LAYER,1
tx26146_00019031,CROSS_LAYER,1
tx26146_00019032,CROSS_LAYER,1
tx26146_00019033,CROSS_LAYER,1
tx26146_00019034,CROSS_LAYER,1
tx26146_00019035,CROSS_LAYER,1
tx26146_00019036,CROSS_LAYER,1
tx26146_00019037,CROSS_LAYER,1
tx26146_00019038,CROSS_LAYER,1
tx26146_00019039,CROSS_LAYER,1
tx26146_00019040,CROSS_LAYER,1
tx26146_00019041,CROSS_LAYER,1
tx26146_00019042,CROSS_LAYER,1
tx26146_00019043,CROSS_LAYER,1
tx26146_00019044,CROSS_LAYER,1
tx26146_00019045,CROSS_LAYER,1
tx26146_00019046,CROSS_LAYER,1
tx26146_00019047,CROSS_LAYER,1
tx26146_00019048,CROSS_LAYER,1
tx26146_00019049,CROSS_LAYER,1
tx26146_00019050,CROSS_LAYER,1
tx26146_00019051,CROSS_LAYER,1
tx26146_00019052,CROSS_LAYER,1
tx26146_00019053,CROSS_LAYER,1
tx26146_00019054,CROSS_LAYER,1
tx26146_00019055,CROSS_LAYER,1
tx26146_00019056,CROSS_LAYER,1
tx26146_00019057,CROSS_LAYER,1
tx26146_00019058,CROSS_LAYER,1
tx26146_00019059,CROSS_LAYER,1
tx26146_00019060,CROSS_LAYER,1
tx26146_00019061,CROSS_LAYER,1
tx26146_00019062,CROSS_LAYER,1
tx26146_00019063,CROSS_LAYER,1
tx26146_00019064,CROSS_LAYER,1
tx26146_00019065,CROSS_LAYER,1
tx26146_00019066,CROSS_LAYER,1
tx26146_00019067,CROSS_LAYER,1
tx26146_00019068,CROSS_LAYER,1
tx26146_00019069,CROSS_LAYER,1
tx26146_00019070,CROSS_LAYER,1
tx26146_00019071,CROSS_LAYER,1
tx26146_00019072,CROSS_LAYER,1
tx26146_00019073,CROSS_LAYER,1
tx26146_00019074,CROSS_LAYER,1
tx26146_00019075,CROSS_LAYER,1
tx26146_00019076,CROSS_LAYER,1
tx26146_00019077,CROSS_LAYER,1
tx26146_00019078,CROSS_LAYER,1
tx26146_00019079,CROSS_LAYER,1
tx26146_00019080,CROSS_LAYER,1
tx26146_00019081,CROSS_LAYER,1
tx26146_00019082,CROSS_LAYER,1
tx26146_00019083,CROSS_LAYER,1
tx26146_00019084,CROSS_LAYER,1
tx26146_00019085,CROSS_LAYER,1
tx26146_00019086,CROSS_LAYER,1
tx26146_00019087,CROSS_LAYER,1
tx26146_00019088,CROSS_LAYER,1
tx26146_00019089,CROSS_LAYER,1
tx26146_00019090,CROSS_LAYER,1
tx26146_00019091,CROSS_LAYER,1
tx26146_00019092,CROSS_LAYER,1
tx26146_00019093,CROSS_LAYER,1
tx26146_00019094,CROSS_LAYER,1
tx26146_00019095,CROSS_LAYER,1
tx26146_00019096,CROSS_LAYER,1
tx26146_00019097,CROSS_LAYER,1
tx26146_00019098,CROSS_LAYER,1
tx26146_00019099,CROSS_LAYER,1
tx26146_00019100,CROSS_LAYER,1
tx26146_00019101,CROSS_LAYER,1
tx26146_00019102,CROSS_LAYER,1
tx26146_00019103,CROSS_LAYER,1
tx26146_00019104,CROSS_LAYER,1
tx26146_00019105,CROSS_LAYER,1
tx26146_00019106,CROSS_LAYER,1
tx26146_00019107,CROSS_LAYER,1
tx26146_00019108,CROSS_LAYER,1
tx26146_00019109,CROSS_LAYER,1
tx26146_00019110,CROSS_LAYER,1
tx26146_00019111,CROSS_LAYER,1
tx26146_00019112,CROSS_LAYER,1
tx26146_00019113,CROSS_LAYER,1
tx26146_00019114,CROSS_LAYER,1
tx26146_00019115,CROSS_LAYER,1
tx26146_00019116,CROSS_LAYER,1
tx26146_00019117,CROSS_LAYER,1
tx26146_00019118,CROSS_LAYER,1
tx26146_00019119,CROSS_LAYER,1
tx26146_00019120,CROSS_LAYER,1
tx26146_00019121,CROSS_LAYER,1
tx26146_00019122,CROSS_LAYER,1
tx26146_00019123,CROSS_LAYER,1
tx26146_00019124,CROSS_LAYER,1
tx26146_00019125,CROSS_LAYER,1
tx26146_00019126,CROSS_LAYER,1
tx26146_00019127,CROSS_LAYER,1
tx26146_00019128,CROSS_LAYER,1
tx26146_00019129,CROSS_LAYER,1
tx26146_00019130,CROSS_LAYER,1
tx26146_00019131,CROSS_LAYER,1
tx26146_00019132,CROSS_LAYER,1
tx26146_00019133,CROSS_LAYER,1
tx26146_00019134,CROSS_LAYER,1
tx26146_00019135,CROSS_LAYER,1
tx26146_00019136,CROSS_LAYER,1
tx26146_00019137,CROSS_LAYER,1
tx26146_00019138,CROSS_LAYER,1
tx26146_00019139,CROSS_LAYER,1
tx26146_00019140,CROSS_LAYER,1
tx26146_00019141,CROSS_LAYER,1
tx26146_00019142,CROSS_LAYER,1
tx26146_00019143,CROSS_LAYER,1
tx26146_00019144,CROSS_LAYER,1
tx26146_00019145,CROSS_LAYER,1
tx26146_00019146,CROSS_LAYER,1
tx26146_00019147,CROSS_LAYER,1
tx26146_00019148,CROSS_LAYER,1
tx26146_00019149,CROSS_LAYER,1
tx26146_00019150,CROSS_LAYER,1
tx26146_00019151,CROSS_LAYER,1
tx26146_00019152,CROSS_LAYER,1
tx26146_00019153,CROSS_LAYER,1
tx26146_00019154,CROSS_LAYER,1
tx26146_00019155,CROSS_LAYER,1
tx26146_00019156,CROSS_LAYER,1
tx26146_00019157,CROSS_LAYER,1
tx26146_00019158,CROSS_LAYER,1
tx26146_00019159,CROSS_LAYER,1
tx26146_00019160,CROSS_LAYER,1
tx26146_00019161,CROSS_LAYER,1
tx26146_00019162,CROSS_LAYER,1
tx26146_00019163,CROSS_LAYER,1
tx26146_00019164,CROSS_LAYER,1
tx26146_00019165,CROSS_LAYER,1
tx26146_00019166,CROSS_LAYER,1
tx26146_00019167,CROSS_LAYER,1
tx26146_00019168,CROSS_LAYER,1
tx26146_00019169,CROSS_LAYER,1
tx26146_00019170,CROSS_LAYER,1
tx26146_00019171,CROSS_LAYER,1
tx26146_00019172,CROSS_LAYER,1
tx26146_00019173,CROSS_LAYER,1
tx26146_00019174,CROSS_LAYER,1
tx26146_00019175,CROSS_LAYER,1
tx26146_00019176,CROSS_LAYER,1
tx26146_00019177,CROSS_LAYER,1
tx26146_00019178,CROSS_LAYER,1
tx26146_00019179,CROSS_LAYER,1
tx26146_00019180,CROSS_LAYER,1
tx26146_00019181,CROSS_LAYER,1
tx26146_00019182,CROSS_LAYER,1
tx26146_00019183,CROSS_LAYER,1
tx26146_00019184,CROSS_LAYER,1
tx26146_00019185,CROSS_LAYER,1
tx26146_00019186,CROSS_LAYER,1
tx26146_00019187,CROSS_LAYER,1
tx26146_00019188,CROSS_LAYER,1
tx26146_00019189,CROSS_LAYER,1
tx26146_00019190,CROSS_LAYER,1
tx26146_00019191,CROSS_LAYER,1
tx26146_00019192,CROSS_LAYER,1
tx26146_00019193,CROSS_LAYER,1
tx26146_00019194,CROSS_LAYER,1
tx26146_00019195,CROSS_LAYER,1
tx26146_00019196,CROSS_LAYER,1
tx26146_00019197,CROSS_LAYER,1
tx26146_00019198,CROSS_LAYER,1
tx26146_00019199,CROSS_LAYER,1
tx26146_00019200,CROSS_LAYER,1
tx26146_00019201,CROSS_LAYER,1
tx26146_00019202,CROSS_LAYER,1
tx26146_00019203,CROSS_LAYER,1
tx26146_00019204,CROSS_LAYER,1
tx26146_00019205,CROSS_LAYER,1
tx26146_00019206,CROSS_LAYER,1
tx26146_00019207,CROSS_LAYER,1
tx26146_00019208,CROSS_LAYER,1
tx26146_00019209,CROSS_LAYER,1
tx26146_00019210,CROSS_LAYER,1
tx26146_00019211,CROSS_LAYER,1
tx26146_00019212,CROSS_LAYER,1
tx26146_00019213,CROSS_LAYER,1
tx26146_00019214,CROSS_LAYER,1
tx26146_00019215,CROSS_LAYER,1
tx26146_00019216,CROSS_LAYER,1
tx26146_00019217,CROSS_LAYER,1
tx26146_00019218,CROSS_LAYER,1
tx26146_00019219,CROSS_LAYER,1
tx26146_00019220,CROSS_LAYER,1
tx26146_00019221,CROSS_LAYER,1
tx26146_00019222,CROSS_LAYER,1
tx26146_00019223,CROSS_LAYER,1
tx26146_00019224,CROSS_LAYER,1
tx26146_00019225,CROSS_LAYER,1
tx26146_00019226,CROSS_LAYER,1
tx26146_00019227,CROSS_LAYER,1
tx26146_00019228,CROSS_LAYER,1
tx26146_00019229,CROSS_LAYER,1
tx26146_00019230,CROSS_LAYER,1
tx26146_00019231,CROSS_LAYER,1
tx26146_00019232,CROSS_LAYER,1
tx26146_00019233,CROSS_LAYER,1
tx26146_00019234,CROSS_LAYER,1
tx26146_00019235,CROSS_LAYER,1
tx26146_00019236,CROSS_LAYER,1
tx26146_00019237,CROSS_LAYER,1
tx26146_00019238,CROSS_LAYER,1
tx26146_00019239,CROSS_LAYER,1
tx26146_00019240,CROSS_LAYER,1
tx26146_00019241,CROSS_LAYER,1
tx26146_00019242,CROSS_LAYER,1
tx26146_00019243,CROSS_LAYER,1
tx26146_00019244,CROSS_LAYER,1
tx26146_00019245,CROSS_LAYER,1
tx26146_00019246,CROSS_LAYER,1
tx26146_00019247,CROSS_LAYER,1
tx26146_00019248,CROSS_LAYER,1
tx26146_00019249,CROSS_LAYER,1
tx26146_00019250,CROSS_LAYER,1
tx26146_00019251,CROSS_LAYER,1
tx26146_00019252,CROSS_LAYER,1
tx26146_00019253,CROSS_LAYER,1
tx26146_00019254,CROSS_LAYER,1
tx26146_00019255,CROSS_LAYER,1
tx26146_00019256,CROSS_LAYER,1
tx26146_00019257,CROSS_LAYER,1
tx26146_00019258,CROSS_LAYER,1
tx26146_00019259,CROSS_LAYER,1
tx26146_00019260,CROSS_LAYER,1
tx26146_00019261,CROSS_LAYER,1
tx26146_00019262,CROSS_LAYER,1
tx26146_00019263,CROSS_LAYER,1
tx26146_00019264,CROSS_LAYER,1
tx26146_00019265,CROSS_LAYER,1
tx26146_00019266,CROSS_LAYER,1
tx26146_00019267,CROSS_LAYER,1
tx26146_00019268,CROSS_LAYER,1
tx26146_00019269,CROSS_LAYER,1
tx26146_00019270,CROSS_LAYER,1
tx26146_00019271,CROSS_LAYER,1
tx26146_00019272,CROSS_LAYER,1
tx26146_00019273,CROSS_LAYER,1
tx26146_00019274,CROSS_LAYER,1
tx26146_00019275,CROSS_LAYER,1
tx26146_00019276,CROSS_LAYER,1
tx26146_00019277,CROSS_LAYER,1
tx26146_00019278,CROSS_LAYER,1
tx26146_00019279,CROSS_LAYER,1
tx26146_00019280,CROSS_LAYER,1
tx26146_00019281,CROSS_LAYER,1
tx26146_00019282,CROSS_LAYER,1
tx26146_00019283,CROSS_LAYER,1
tx26146_00019284,CROSS_LAYER,1
tx26146_00019285,CROSS_LAYER,1
tx26146_00019286,CROSS_LAYER,1
tx26146_00019287,CROSS_LAYER,1
tx26146_00019288,CROSS_LAYER,1
tx26146_00019289,CROSS_LAYER,1
tx26146_00019290,CROSS_LAYER,1
tx26146_00019291,CROSS_LAYER,1
tx26146_00019292,CROSS_LAYER,1
tx26146_00019293,CROSS_LAYER,1
tx26146_00019294,CROSS_LAYER,1
tx26146_00019295,CROSS_LAYER,1
tx26146_00019296,CROSS_LAYER,1
tx26146_00019297,CROSS_LAYER,1
tx26146_00019298,CROSS_LAYER,1
tx26146_00019299,CROSS_LAYER,1
tx26146_00019300,NOVEL_BEHAVIOR,1
tx26146_00019301,NOVEL_BEHAVIOR,1
tx26146_00019302,NOVEL_BEHAVIOR,1
tx26146_00019303,NOVEL_BEHAVIOR,1
tx26146_00019304,NOVEL_BEHAVIOR,1
tx26146_00019305,NOVEL_BEHAVIOR,1
tx26146_00019306,NOVEL_BEHAVIOR,1
tx26146_00019307,NOVEL_BEHAVIOR,1
tx26146_00019308,NOVEL_BEHAVIOR,1
tx26146_00019309,NOVEL_BEHAVIOR,1
tx26146_00019310,NOVEL_BEHAVIOR,1
tx26146_00019311,NOVEL_BEHAVIOR,1
tx26146_00019312,NOVEL_BEHAVIOR,1
tx26146_00019313,NOVEL_BEHAVIOR,1
tx26146_00019314,NOVEL_BEHAVIOR,1
tx26146_00019315,NOVEL_BEHAVIOR,1
tx26146_00019316,NOVEL_BEHAVIOR,1
tx26146_00019317,NOVEL_BEHAVIOR,1
tx26146_00019318,NOVEL_BEHAVIOR,1
tx26146_00019319,NOVEL_BEHAVIOR,1
tx26146_00019320,NOVEL_BEHAVIOR,1
tx26146_00019321,NOVEL_BEHAVIOR,1
tx26146_00019322,NOVEL_BEHAVIOR,1
tx26146_00019323,NOVEL_BEHAVIOR,1
tx26146_00019324,NOVEL_BEHAVIOR,1
tx26146_00019325,NOVEL_BEHAVIOR,1
tx26146_00019326,NOVEL_BEHAVIOR,1
tx26146_00019327,NOVEL_BEHAVIOR,1
tx26146_00019328,NOVEL_BEHAVIOR,1
tx26146_00019329,NOVEL_BEHAVIOR,1
tx26146_00019330,NOVEL_BEHAVIOR,1
tx26146_00019331,NOVEL_BEHAVIOR,1
tx26146_00019332,NOVEL_BEHAVIOR,1
tx26146_00019333,NOVEL_BEHAVIOR,1
tx26146_00019334,NOVEL_BEHAVIOR,1
tx26146_00019335,NOVEL_BEHAVIOR,1
tx26146_00019336,NOVEL_BEHAVIOR,1
tx26146_00019337,NOVEL_BEHAVIOR,1
tx26146_00019338,NOVEL_BEHAVIOR,1
tx26146_00019339,NOVEL_BEHAVIOR,1
tx26146_00019340,NOVEL_BEHAVIOR,1
tx26146_00019341,NOVEL_BEHAVIOR,1
tx26146_00019342,NOVEL_BEHAVIOR,1
tx26146_00019343,NOVEL_BEHAVIOR,1
tx26146_00019344,NOVEL_BEHAVIOR,1
tx26146_00019345,NOVEL_BEHAVIOR,1
tx26146_00019346,NOVEL_BEHAVIOR,1
tx26146_00019347,NOVEL_BEHAVIOR,1
tx26146_00019348,NOVEL_BEHAVIOR,1
tx26146_00019349,NOVEL_BEHAVIOR,1
tx26146_00019350,NOVEL_BEHAVIOR,1
tx26146_00019351,NOVEL_BEHAVIOR,1
tx26146_00019352,NOVEL_BEHAVIOR,1
tx26146_00019353,NOVEL_BEHAVIOR,1
tx26146_00019354,NOVEL_BEHAVIOR,1
tx26146_00019355,NOVEL_BEHAVIOR,1
tx26146_00019356,NOVEL_BEHAVIOR,1
tx26146_00019357,NOVEL_BEHAVIOR,1
tx26146_00019358,NOVEL_BEHAVIOR,1
tx26146_00019359,NOVEL_BEHAVIOR,1
tx26146_00019360,NOVEL_BEHAVIOR,1
tx26146_00019361,NOVEL_BEHAVIOR,1
tx26146_00019362,NOVEL_BEHAVIOR,1
tx26146_00019363,NOVEL_BEHAVIOR,1
tx26146_00019364,NOVEL_BEHAVIOR,1
tx26146_00019365,NOVEL_BEHAVIOR,1
tx26146_00019366,NOVEL_BEHAVIOR,1
tx26146_00019367,NOVEL_BEHAVIOR,1
tx26146_00019368,NOVEL_BEHAVIOR,1
tx26146_00019369,NOVEL_BEHAVIOR,1
tx26146_00019370,NOVEL_BEHAVIOR,1
tx26146_00019371,NOVEL_BEHAVIOR,1
tx26146_00019372,NOVEL_BEHAVIOR,1
tx26146_00019373,NOVEL_BEHAVIOR,1
tx26146_00019374,NOVEL_BEHAVIOR,1
tx26146_00019375,NOVEL_BEHAVIOR,1
tx26146_00019376,NOVEL_BEHAVIOR,1
tx26146_00019377,NOVEL_BEHAVIOR,1
tx26146_00019378,NOVEL_BEHAVIOR,1
tx26146_00019379,NOVEL_BEHAVIOR,1
tx26146_00019380,NOVEL_BEHAVIOR,1
tx26146_00019381,NOVEL_BEHAVIOR,1
tx26146_00019382,NOVEL_BEHAVIOR,1
tx26146_00019383,NOVEL_BEHAVIOR,1
tx26146_00019384,NOVEL_BEHAVIOR,1
tx26146_00019385,NOVEL_BEHAVIOR,1
tx26146_00019386,NOVEL_BEHAVIOR,1
tx26146_00019387,NOVEL_BEHAVIOR,1
tx26146_00019388,NOVEL_BEHAVIOR,1
tx26146_00019389,NOVEL_BEHAVIOR,1
tx26146_00019390,NOVEL_BEHAVIOR,1
tx26146_00019391,NOVEL_BEHAVIOR,1
tx26146_00019392,NOVEL_BEHAVIOR,1
tx26146_00019393,NOVEL_BEHAVIOR,1
tx26146_00019394,NOVEL_BEHAVIOR,1
tx26146_00019395,NOVEL_BEHAVIOR,1
tx26146_00019396,NOVEL_BEHAVIOR,1
tx26146_00019397,NOVEL_BEHAVIOR,1
tx26146_00019398,NOVEL_BEHAVIOR,1
tx26146_00019399,NOVEL_BEHAVIOR,1
tx26146_00019400,NOVEL_BEHAVIOR,1
tx26146_00019401,NOVEL_BEHAVIOR,1
tx26146_00019402,NOVEL_BEHAVIOR,1
tx26146_00019403,NOVEL_BEHAVIOR,1
tx26146_00019404,NOVEL_BEHAVIOR,1
tx26146_00019405,NOVEL_BEHAVIOR,1
tx26146_00019406,NOVEL_BEHAVIOR,1
tx26146_00019407,NOVEL_BEHAVIOR,1
tx26146_00019408,NOVEL_BEHAVIOR,1
tx26146_00019409,NOVEL_BEHAVIOR,1
tx26146_00019410,NOVEL_BEHAVIOR,1
tx26146_00019411,NOVEL_BEHAVIOR,1
tx26146_00019412,NOVEL_BEHAVIOR,1
tx26146_00019413,NOVEL_BEHAVIOR,1
tx26146_00019414,NOVEL_BEHAVIOR,1
tx26146_00019415,NOVEL_BEHAVIOR,1
tx26146_00019416,NOVEL_BEHAVIOR,1
tx26146_00019417,NOVEL_BEHAVIOR,1
tx26146_00019418,NOVEL_BEHAVIOR,1
tx26146_00019419,NOVEL_BEHAVIOR,1
tx26146_00019420,NOVEL_BEHAVIOR,1
tx26146_00019421,NOVEL_BEHAVIOR,1
tx26146_00019422,NOVEL_BEHAVIOR,1
tx26146_00019423,NOVEL_BEHAVIOR,1
tx26146_00019424,NOVEL_BEHAVIOR,1
tx26146_00019425,NOVEL_BEHAVIOR,1
tx26146_00019426,NOVEL_BEHAVIOR,1
tx26146_00019427,NOVEL_BEHAVIOR,1
tx26146_00019428,NOVEL_BEHAVIOR,1
tx26146_00019429,NOVEL_BEHAVIOR,1
tx26146_00019430,NOVEL_BEHAVIOR,1
tx26146_00019431,NOVEL_BEHAVIOR,1
tx26146_00019432,NOVEL_BEHAVIOR,1
tx26146_00019433,NOVEL_BEHAVIOR,1
tx26146_00019434,NOVEL_BEHAVIOR,1
tx26146_00019435,NOVEL_BEHAVIOR,1
tx26146_00019436,NOVEL_BEHAVIOR,1
tx26146_00019437,NOVEL_BEHAVIOR,1
tx26146_00019438,NOVEL_BEHAVIOR,1
tx26146_00019439,NOVEL_BEHAVIOR,1
tx26146_00019440,NOVEL_BEHAVIOR,1
tx26146_00019441,NOVEL_BEHAVIOR,1
tx26146_00019442,NOVEL_BEHAVIOR,1
tx26146_00019443,NOVEL_BEHAVIOR,1
tx26146_00019444,NOVEL_BEHAVIOR,1
tx26146_00019445,NOVEL_BEHAVIOR,1
tx26146_00019446,NOVEL_BEHAVIOR,1
tx26146_00019447,NOVEL_BEHAVIOR,1
tx26146_00019448,NOVEL_BEHAVIOR,1
tx26146_00019449,NOVEL_BEHAVIOR,1
tx26146_00019450,NOVEL_BEHAVIOR,1
tx26146_00019451,NOVEL_BEHAVIOR,1
tx26146_00019452,NOVEL_BEHAVIOR,1
tx26146_00019453,NOVEL_BEHAVIOR,1
tx26146_00019454,NOVEL_BEHAVIOR,1
tx26146_00019455,NOVEL_BEHAVIOR,1
tx26146_00019456,NOVEL_BEHAVIOR,1
tx26146_00019457,NOVEL_BEHAVIOR,1
tx26146_00019458,NOVEL_BEHAVIOR,1
tx26146_00019459,NOVEL_BEHAVIOR,1
tx26146_00019460,NOVEL_BEHAVIOR,1
tx26146_00019461,NOVEL_BEHAVIOR,1
tx26146_00019462,NOVEL_BEHAVIOR,1
tx26146_00019463,NOVEL_BEHAVIOR,1
tx26146_00019464,NOVEL_BEHAVIOR,1
tx26146_00019465,NOVEL_BEHAVIOR,1
tx26146_00019466,NOVEL_BEHAVIOR,1
tx26146_00019467,NOVEL_BEHAVIOR,1
tx26146_00019468,NOVEL_BEHAVIOR,1
tx26146_00019469,NOVEL_BEHAVIOR,1
tx26146_00019470,NOVEL_BEHAVIOR,1
tx26146_00019471,NOVEL_BEHAVIOR,1
tx26146_00019472,NOVEL_BEHAVIOR,1
tx26146_00019473,NOVEL_BEHAVIOR,1
tx26146_00019474,NOVEL_BEHAVIOR,1
tx26146_00019475,NOVEL_BEHAVIOR,1
tx26146_00019476,NOVEL_BEHAVIOR,1
tx26146_00019477,NOVEL_BEHAVIOR,1
tx26146_00019478,NOVEL_BEHAVIOR,1
tx26146_00019479,NOVEL_BEHAVIOR,1
tx26146_00019480,NOVEL_BEHAVIOR,1
tx26146_00019481,NOVEL_BEHAVIOR,1
tx26146_00019482,NOVEL_BEHAVIOR,1
tx26146_00019483,NOVEL_BEHAVIOR,1
tx26146_00019484,NOVEL_BEHAVIOR,1
tx26146_00019485,NOVEL_BEHAVIOR,1
tx26146_00019486,NOVEL_BEHAVIOR,1
tx26146_00019487,NOVEL_BEHAVIOR,1
tx26146_00019488,NOVEL_BEHAVIOR,1
tx26146_00019489,NOVEL_BEHAVIOR,1
tx26146_00019490,NOVEL_BEHAVIOR,1
tx26146_00019491,NOVEL_BEHAVIOR,1
tx26146_00019492,NOVEL_BEHAVIOR,1
tx26146_00019493,NOVEL_BEHAVIOR,1
tx26146_00019494,NOVEL_BEHAVIOR,1
tx26146_00019495,NOVEL_BEHAVIOR,1
tx26146_00019496,NOVEL_BEHAVIOR,1
tx26146_00019497,NOVEL_BEHAVIOR,1
tx26146_00019498,NOVEL_BEHAVIOR,1
tx26146_00019499,NOVEL_BEHAVIOR,1
tx26146_00019500,NOVEL_BEHAVIOR,1
tx26146_00019501,NOVEL_BEHAVIOR,1
tx26146_00019502,NOVEL_BEHAVIOR,1
tx26146_00019503,NOVEL_BEHAVIOR,1
tx26146_00019504,NOVEL_BEHAVIOR,1
tx26146_00019505,NOVEL_BEHAVIOR,1
tx26146_00019506,NOVEL_BEHAVIOR,1
tx26146_00019507,NOVEL_BEHAVIOR,1
tx26146_00019508,NOVEL_BEHAVIOR,1
tx26146_00019509,NOVEL_BEHAVIOR,1
tx26146_00019510,NOVEL_BEHAVIOR,1
tx26146_00019511,NOVEL_BEHAVIOR,1
tx26146_00019512,NOVEL_BEHAVIOR,1
tx26146_00019513,NOVEL_BEHAVIOR,1
tx26146_00019514,NOVEL_BEHAVIOR,1
tx26146_00019515,NOVEL_BEHAVIOR,1
tx26146_00019516,NOVEL_BEHAVIOR,1
tx26146_00019517,NOVEL_BEHAVIOR,1
tx26146_00019518,NOVEL_BEHAVIOR,1
tx26146_00019519,NOVEL_BEHAVIOR,1
tx26146_00019520,NOVEL_BEHAVIOR,1
tx26146_00019521,NOVEL_BEHAVIOR,1
tx26146_00019522,NOVEL_BEHAVIOR,1
tx26146_00019523,NOVEL_BEHAVIOR,1
tx26146_00019524,NOVEL_BEHAVIOR,1
tx26146_00019525,NOVEL_BEHAVIOR,1
tx26146_00019526,NOVEL_BEHAVIOR,1
tx26146_00019527,NOVEL_BEHAVIOR,1
tx26146_00019528,NOVEL_BEHAVIOR,1
tx26146_00019529,NOVEL_BEHAVIOR,1
tx26146_00019530,NOVEL_BEHAVIOR,1
tx26146_00019531,NOVEL_BEHAVIOR,1
tx26146_00019532,NOVEL_BEHAVIOR,1
tx26146_00019533,NOVEL_BEHAVIOR,1
tx26146_00019534,NOVEL_BEHAVIOR,1
tx26146_00019535,NOVEL_BEHAVIOR,1
tx26146_00019536,NOVEL_BEHAVIOR,1
tx26146_00019537,NOVEL_BEHAVIOR,1
tx26146_00019538,NOVEL_BEHAVIOR,1
tx26146_00019539,NOVEL_BEHAVIOR,1
tx26146_00019540,NOVEL_BEHAVIOR,1
tx26146_00019541,NOVEL_BEHAVIOR,1
tx26146_00019542,NOVEL_BEHAVIOR,1
tx26146_00019543,NOVEL_BEHAVIOR,1
tx26146_00019544,NOVEL_BEHAVIOR,1
tx26146_00019545,NOVEL_BEHAVIOR,1
tx26146_00019546,NOVEL_BEHAVIOR,1
tx26146_00019547,NOVEL_BEHAVIOR,1
tx26146_00019548,NOVEL_BEHAVIOR,1
tx26146_00019549,NOVEL_BEHAVIOR,1
tx26146_00019550,NOVEL_BEHAVIOR,1
tx26146_00019551,NOVEL_BEHAVIOR,1
tx26146_00019552,NOVEL_BEHAVIOR,1
tx26146_00019553,NOVEL_BEHAVIOR,1
tx26146_00019554,NOVEL_BEHAVIOR,1
tx26146_00019555,NOVEL_BEHAVIOR,1
tx26146_00019556,NOVEL_BEHAVIOR,1
tx26146_00019557,NOVEL_BEHAVIOR,1
tx26146_00019558,NOVEL_BEHAVIOR,1
tx26146_00019559,NOVEL_BEHAVIOR,1
tx26146_00019560,NOVEL_BEHAVIOR,1
tx26146_00019561,NOVEL_BEHAVIOR,1
tx26146_00019562,NOVEL_BEHAVIOR,1
tx26146_00019563,NOVEL_BEHAVIOR,1
tx26146_00019564,NOVEL_BEHAVIOR,1
tx26146_00019565,NOVEL_BEHAVIOR,1
tx26146_00019566,NOVEL_BEHAVIOR,1
tx26146_00019567,NOVEL_BEHAVIOR,1
tx26146_00019568,NOVEL_BEHAVIOR,1
tx26146_00019569,NOVEL_BEHAVIOR,1
tx26146_00019570,NOVEL_BEHAVIOR,1
tx26146_00019571,NOVEL_BEHAVIOR,1
tx26146_00019572,NOVEL_BEHAVIOR,1
tx26146_00019573,NOVEL_BEHAVIOR,1
tx26146_00019574,NOVEL_BEHAVIOR,1
tx26146_00019575,NOVEL_BEHAVIOR,1
tx26146_00019576,NOVEL_BEHAVIOR,1
tx26146_00019577,NOVEL_BEHAVIOR,1
tx26146_00019578,NOVEL_BEHAVIOR,1
tx26146_00019579,NOVEL_BEHAVIOR,1
tx26146_00019580,NOVEL_BEHAVIOR,1
tx26146_00019581,NOVEL_BEHAVIOR,1
tx26146_00019582,NOVEL_BEHAVIOR,1
tx26146_00019583,NOVEL_BEHAVIOR,1
tx26146_00019584,NOVEL_BEHAVIOR,1
tx26146_00019585,NOVEL_BEHAVIOR,1
tx26146_00019586,NOVEL_BEHAVIOR,1
tx26146_00019587,NOVEL_BEHAVIOR,1
tx26146_00019588,NOVEL_BEHAVIOR,1
tx26146_00019589,NOVEL_BEHAVIOR,1
tx26146_00019590,NOVEL_BEHAVIOR,1
tx26146_00019591,NOVEL_BEHAVIOR,1
tx26146_00019592,NOVEL_BEHAVIOR,1
tx26146_00019593,NOVEL_BEHAVIOR,1
tx26146_00019594,NOVEL_BEHAVIOR,1
tx26146_00019595,NOVEL_BEHAVIOR,1
tx26146_00019596,NOVEL_BEHAVIOR,1
tx26146_00019597,NOVEL_BEHAVIOR,1
tx26146_00019598,NOVEL_BEHAVIOR,1
tx26146_00019599,NOVEL_BEHAVIOR,1
tx26146_00019600,NOVEL_BEHAVIOR,1
tx26146_00019601,NOVEL_BEHAVIOR,1
tx26146_00019602,NOVEL_BEHAVIOR,1
tx26146_00019603,NOVEL_BEHAVIOR,1
tx26146_00019604,NOVEL_BEHAVIOR,1
tx26146_00019605,NOVEL_BEHAVIOR,1
tx26146_00019606,NOVEL_BEHAVIOR,1
tx26146_00019607,NOVEL_BEHAVIOR,1
tx26146_00019608,NOVEL_BEHAVIOR,1
tx26146_00019609,NOVEL_BEHAVIOR,1
tx26146_00019610,NOVEL_BEHAVIOR,1
tx26146_00019611,NOVEL_BEHAVIOR,1
tx26146_00019612,NOVEL_BEHAVIOR,1
tx26146_00019613,NOVEL_BEHAVIOR,1
tx26146_00019614,NOVEL_BEHAVIOR,1
tx26146_00019615,NOVEL_BEHAVIOR,1
tx26146_00019616,NOVEL_BEHAVIOR,1
tx26146_00019617,NOVEL_BEHAVIOR,1
tx26146_00019618,NOVEL_BEHAVIOR,1
tx26146_00019619,NOVEL_BEHAVIOR,1
tx26146_00019620,NOVEL_BEHAVIOR,1
tx26146_00019621,NOVEL_BEHAVIOR,1
tx26146_00019622,NOVEL_BEHAVIOR,1
tx26146_00019623,NOVEL_BEHAVIOR,1
tx26146_00019624,NOVEL_BEHAVIOR,1
tx26146_00019625,NOVEL_BEHAVIOR,1
tx26146_00019626,NOVEL_BEHAVIOR,1
tx26146_00019627,NOVEL_BEHAVIOR,1
tx26146_00019628,NOVEL_BEHAVIOR,1
tx26146_00019629,NOVEL_BEHAVIOR,1
tx26146_00019630,NOVEL_BEHAVIOR,1
tx26146_00019631,NOVEL_BEHAVIOR,1
tx26146_00019632,NOVEL_BEHAVIOR,1
tx26146_00019633,NOVEL_BEHAVIOR,1
tx26146_00019634,NOVEL_BEHAVIOR,1
tx26146_00019635,NOVEL_BEHAVIOR,1
tx26146_00019636,NOVEL_BEHAVIOR,1
tx26146_00019637,NOVEL_BEHAVIOR,1
tx26146_00019638,NOVEL_BEHAVIOR,1
tx26146_00019639,NOVEL_BEHAVIOR,1
tx26146_00019640,NOVEL_BEHAVIOR,1
tx26146_00019641,NOVEL_BEHAVIOR,1
tx26146_00019642,NOVEL_BEHAVIOR,1
tx26146_00019643,NOVEL_BEHAVIOR,1
tx26146_00019644,NOVEL_BEHAVIOR,1
tx26146_00019645,NOVEL_BEHAVIOR,1
tx26146_00019646,NOVEL_BEHAVIOR,1
tx26146_00019647,NOVEL_BEHAVIOR,1
tx26146_00019648,NOVEL_BEHAVIOR,1
tx26146_00019649,NOVEL_BEHAVIOR,1
tx26146_00019650,NOVEL_BEHAVIOR,1
tx26146_00019651,NOVEL_BEHAVIOR,1
tx26146_00019652,NOVEL_BEHAVIOR,1
tx26146_00019653,NOVEL_BEHAVIOR,1
tx26146_00019654,NOVEL_BEHAVIOR,1
tx26146_00019655,NOVEL_BEHAVIOR,1
tx26146_00019656,NOVEL_BEHAVIOR,1
tx26146_00019657,NOVEL_BEHAVIOR,1
tx26146_00019658,NOVEL_BEHAVIOR,1
tx26146_00019659,NOVEL_BEHAVIOR,1
tx26146_00019660,NOVEL_BEHAVIOR,1
tx26146_00019661,NOVEL_BEHAVIOR,1
tx26146_00019662,NOVEL_BEHAVIOR,1
tx26146_00019663,NOVEL_BEHAVIOR,1
tx26146_00019664,NOVEL_BEHAVIOR,1
tx26146_00019665,NOVEL_BEHAVIOR,1
tx26146_00019666,NOVEL_BEHAVIOR,1
tx26146_00019667,NOVEL_BEHAVIOR,1
tx26146_00019668,NOVEL_BEHAVIOR,1
tx26146_00019669,NOVEL_BEHAVIOR,1
tx26146_00019670,NOVEL_BEHAVIOR,1
tx26146_00019671,NOVEL_BEHAVIOR,1
tx26146_00019672,NOVEL_BEHAVIOR,1
tx26146_00019673,NOVEL_BEHAVIOR,1
tx26146_00019674,NOVEL_BEHAVIOR,1
tx26146_00019675,NOVEL_BEHAVIOR,1
tx26146_00019676,NOVEL_BEHAVIOR,1
tx26146_00019677,NOVEL_BEHAVIOR,1
tx26146_00019678,NOVEL_BEHAVIOR,1
tx26146_00019679,NOVEL_BEHAVIOR,1
tx26146_00019680,NOVEL_BEHAVIOR,1
tx26146_00019681,NOVEL_BEHAVIOR,1
tx26146_00019682,NOVEL_BEHAVIOR,1
tx26146_00019683,NOVEL_BEHAVIOR,1
tx26146_00019684,NOVEL_BEHAVIOR,1
tx26146_00019685,NOVEL_BEHAVIOR,1
tx26146_00019686,NOVEL_BEHAVIOR,1
tx26146_00019687,NOVEL_BEHAVIOR,1
tx26146_00019688,NOVEL_BEHAVIOR,1
tx26146_00019689,NOVEL_BEHAVIOR,1
tx26146_00019690,NOVEL_BEHAVIOR,1
tx26146_00019691,NOVEL_BEHAVIOR,1
tx26146_00019692,NOVEL_BEHAVIOR,1
tx26146_00019693,NOVEL_BEHAVIOR,1
tx26146_00019694,NOVEL_BEHAVIOR,1
tx26146_00019695,NOVEL_BEHAVIOR,1
tx26146_00019696,NOVEL_BEHAVIOR,1
tx26146_00019697,NOVEL_BEHAVIOR,1
tx26146_00019698,NOVEL_BEHAVIOR,1
tx26146_00019699,NOVEL_BEHAVIOR,1
tx26146_00019700,NOVEL_BEHAVIOR,1
tx26146_00019701,NOVEL_BEHAVIOR,1
tx26146_00019702,NOVEL_BEHAVIOR,1
tx26146_00019703,NOVEL_BEHAVIOR,1
tx26146_00019704,NOVEL_BEHAVIOR,1
tx26146_00019705,NOVEL_BEHAVIOR,1
tx26146_00019706,NOVEL_BEHAVIOR,1
tx26146_00019707,NOVEL_BEHAVIOR,1
tx26146_00019708,NOVEL_BEHAVIOR,1
tx26146_00019709,NOVEL_BEHAVIOR,1
tx26146_00019710,NOVEL_BEHAVIOR,1
tx26146_00019711,NOVEL_BEHAVIOR,1
tx26146_00019712,NOVEL_BEHAVIOR,1
tx26146_00019713,NOVEL_BEHAVIOR,1
tx26146_00019714,NOVEL_BEHAVIOR,1
tx26146_00019715,NOVEL_BEHAVIOR,1
tx26146_00019716,NOVEL_BEHAVIOR,1
tx26146_00019717,NOVEL_BEHAVIOR,1
tx26146_00019718,NOVEL_BEHAVIOR,1
tx26146_00019719,NOVEL_BEHAVIOR,1
tx26146_00019720,NOVEL_BEHAVIOR,1
tx26146_00019721,NOVEL_BEHAVIOR,1
tx26146_00019722,NOVEL_BEHAVIOR,1
tx26146_00019723,NOVEL_BEHAVIOR,1
tx26146_00019724,NOVEL_BEHAVIOR,1
tx26146_00019725,NOVEL_BEHAVIOR,1
tx26146_00019726,NOVEL_BEHAVIOR,1
tx26146_00019727,NOVEL_BEHAVIOR,1
tx26146_00019728,NOVEL_BEHAVIOR,1
tx26146_00019729,NOVEL_BEHAVIOR,1
tx26146_00019730,NOVEL_BEHAVIOR,1
tx26146_00019731,NOVEL_BEHAVIOR,1
tx26146_00019732,NOVEL_BEHAVIOR,1
tx26146_00019733,NOVEL_BEHAVIOR,1
tx26146_00019734,NOVEL_BEHAVIOR,1
tx26146_00019735,NOVEL_BEHAVIOR,1
tx26146_00019736,NOVEL_BEHAVIOR,1
tx26146_00019737,NOVEL_BEHAVIOR,1
tx26146_00019738,NOVEL_BEHAVIOR,1
tx26146_00019739,NOVEL_BEHAVIOR,1
tx26146_00019740,NOVEL_BEHAVIOR,1
tx26146_00019741,NOVEL_BEHAVIOR,1
tx26146_00019742,NOVEL_BEHAVIOR,1
tx26146_00019743,NOVEL_BEHAVIOR,1
tx26146_00019744,NOVEL_BEHAVIOR,1
tx26146_00019745,NOVEL_BEHAVIOR,1
tx26146_00019746,NOVEL_BEHAVIOR,1
tx26146_00019747,NOVEL_BEHAVIOR,1
tx26146_00019748,NOVEL_BEHAVIOR,1
tx26146_00019749,NOVEL_BEHAVIOR,1
tx26146_00019750,NOVEL_BEHAVIOR,1
tx26146_00019751,NOVEL_BEHAVIOR,1
tx26146_00019752,NOVEL_BEHAVIOR,1
tx26146_00019753,NOVEL_BEHAVIOR,1
tx26146_00019754,NOVEL_BEHAVIOR,1
tx26146_00019755,NOVEL_BEHAVIOR,1
tx26146_00019756,NOVEL_BEHAVIOR,1
tx26146_00019757,NOVEL_BEHAVIOR,1
tx26146_00019758,NOVEL_BEHAVIOR,1
tx26146_00019759,NOVEL_BEHAVIOR,1
tx26146_00019760,NOVEL_BEHAVIOR,1
tx26146_00019761,NOVEL_BEHAVIOR,1
tx26146_00019762,NOVEL_BEHAVIOR,1
tx26146_00019763,NOVEL_BEHAVIOR,1
tx26146_00019764,NOVEL_BEHAVIOR,1
tx26146_00019765,NOVEL_BEHAVIOR,1
tx26146_00019766,NOVEL_BEHAVIOR,1
tx26146_00019767,NOVEL_BEHAVIOR,1
tx26146_00019768,NOVEL_BEHAVIOR,1
tx26146_00019769,NOVEL_BEHAVIOR,1
tx26146_00019770,NOVEL_BEHAVIOR,1
tx26146_00019771,NOVEL_BEHAVIOR,1
tx26146_00019772,NOVEL_BEHAVIOR,1
tx26146_00019773,NOVEL_BEHAVIOR,1
tx26146_00019774,NOVEL_BEHAVIOR,1
tx26146_00019775,NOVEL_BEHAVIOR,1
tx26146_00019776,NOVEL_BEHAVIOR,1
tx26146_00019777,NOVEL_BEHAVIOR,1
tx26146_00019778,NOVEL_BEHAVIOR,1
tx26146_00019779,NOVEL_BEHAVIOR,1
tx26146_00019780,NOVEL_BEHAVIOR,1
tx26146_00019781,NOVEL_BEHAVIOR,1
tx26146_00019782,NOVEL_BEHAVIOR,1
tx26146_00019783,NOVEL_BEHAVIOR,1
tx26146_00019784,NOVEL_BEHAVIOR,1
tx26146_00019785,NOVEL_BEHAVIOR,1
tx26146_00019786,NOVEL_BEHAVIOR,1
tx26146_00019787,NOVEL_BEHAVIOR,1
tx26146_00019788,NOVEL_BEHAVIOR,1
tx26146_00019789,NOVEL_BEHAVIOR,1
tx26146_00019790,NOVEL_BEHAVIOR,1
tx26146_00019791,NOVEL_BEHAVIOR,1
tx26146_00019792,NOVEL_BEHAVIOR,1
tx26146_00019793,NOVEL_BEHAVIOR,1
tx26146_00019794,NOVEL_BEHAVIOR,1
tx26146_00019795,NOVEL_BEHAVIOR,1
tx26146_00019796,NOVEL_BEHAVIOR,1
tx26146_00019797,NOVEL_BEHAVIOR,1
tx26146_00019798,NOVEL_BEHAVIOR,1
tx26146_00019799,NOVEL_BEHAVIOR,1
tx26146_00019800,NOVEL_BEHAVIOR,1
tx26146_00019801,NOVEL_BEHAVIOR,1
tx26146_00019802,NOVEL_BEHAVIOR,1
tx26146_00019803,NOVEL_BEHAVIOR,1
tx26146_00019804,NOVEL_BEHAVIOR,1
tx26146_00019805,NOVEL_BEHAVIOR,1
tx26146_00019806,NOVEL_BEHAVIOR,1
tx26146_00019807,NOVEL_BEHAVIOR,1
tx26146_00019808,NOVEL_BEHAVIOR,1
tx26146_00019809,NOVEL_BEHAVIOR,1
tx26146_00019810,NOVEL_BEHAVIOR,1
tx26146_00019811,NOVEL_BEHAVIOR,1
tx26146_00019812,NOVEL_BEHAVIOR,1
tx26146_00019813,NOVEL_BEHAVIOR,1
tx26146_00019814,NOVEL_BEHAVIOR,1
tx26146_00019815,NOVEL_BEHAVIOR,1
tx26146_00019816,NOVEL_BEHAVIOR,1
tx26146_00019817,NOVEL_BEHAVIOR,1
tx26146_00019818,NOVEL_BEHAVIOR,1
tx26146_00019819,NOVEL_BEHAVIOR,1
tx26146_00019820,NOVEL_BEHAVIOR,1
tx26146_00019821,NOVEL_BEHAVIOR,1
tx26146_00019822,NOVEL_BEHAVIOR,1
tx26146_00019823,NOVEL_BEHAVIOR,1
tx26146_00019824,NOVEL_BEHAVIOR,1
tx26146_00019825,NOVEL_BEHAVIOR,1
tx26146_00019826,NOVEL_BEHAVIOR,1
tx26146_00019827,NOVEL_BEHAVIOR,1
tx26146_00019828,NOVEL_BEHAVIOR,1
tx26146_00019829,NOVEL_BEHAVIOR,1
tx26146_00019830,NOVEL_BEHAVIOR,1
tx26146_00019831,NOVEL_BEHAVIOR,1
tx26146_00019832,NOVEL_BEHAVIOR,1
tx26146_00019833,NOVEL_BEHAVIOR,1
tx26146_00019834,NOVEL_BEHAVIOR,1
tx26146_00019835,NOVEL_BEHAVIOR,1
tx26146_00019836,NOVEL_BEHAVIOR,1
tx26146_00019837,NOVEL_BEHAVIOR,1
tx26146_00019838,NOVEL_BEHAVIOR,1
tx26146_00019839,NOVEL_BEHAVIOR,1
tx26146_00019840,NOVEL_BEHAVIOR,1
tx26146_00019841,NOVEL_BEHAVIOR,1
tx26146_00019842,NOVEL_BEHAVIOR,1
tx26146_00019843,NOVEL_BEHAVIOR,1
tx26146_00019844,NOVEL_BEHAVIOR,1
tx26146_00019845,NOVEL_BEHAVIOR,1
tx26146_00019846,NOVEL_BEHAVIOR,1
tx26146_00019847,NOVEL_BEHAVIOR,1
tx26146_00019848,NOVEL_BEHAVIOR,1
tx26146_00019849,NOVEL_BEHAVIOR,1
tx26146_00019850,NOVEL_BEHAVIOR,1
tx26146_00019851,NOVEL_BEHAVIOR,1
tx26146_00019852,NOVEL_BEHAVIOR,1
tx26146_00019853,NOVEL_BEHAVIOR,1
tx26146_00019854,NOVEL_BEHAVIOR,1
tx26146_00019855,NOVEL_BEHAVIOR,1
tx26146_00019856,NOVEL_BEHAVIOR,1
tx26146_00019857,NOVEL_BEHAVIOR,1
tx26146_00019858,NOVEL_BEHAVIOR,1
tx26146_00019859,NOVEL_BEHAVIOR,1
tx26146_00019860,NOVEL_BEHAVIOR,1
tx26146_00019861,NOVEL_BEHAVIOR,1
tx26146_00019862,NOVEL_BEHAVIOR,1
tx26146_00019863,NOVEL_BEHAVIOR,1
tx26146_00019864,NOVEL_BEHAVIOR,1
tx26146_00019865,NOVEL_BEHAVIOR,1
tx26146_00019866,NOVEL_BEHAVIOR,1
tx26146_00019867,NOVEL_BEHAVIOR,1
tx26146_00019868,NOVEL_BEHAVIOR,1
tx26146_00019869,NOVEL_BEHAVIOR,1
tx26146_00019870,NOVEL_BEHAVIOR,1
tx26146_00019871,NOVEL_BEHAVIOR,1
tx26146_00019872,NOVEL_BEHAVIOR,1
tx26146_00019873,NOVEL_BEHAVIOR,1
tx26146_00019874,NOVEL_BEHAVIOR,1
tx26146_00019875,NOVEL_BEHAVIOR,1
tx26146_00019876,NOVEL_BEHAVIOR,1
tx26146_00019877,NOVEL_BEHAVIOR,1
tx26146_00019878,NOVEL_BEHAVIOR,1
tx26146_00019879,NOVEL_BEHAVIOR,1
tx26146_00019880,NOVEL_BEHAVIOR,1
tx26146_00019881,NOVEL_BEHAVIOR,1
tx26146_00019882,NOVEL_BEHAVIOR,1
tx26146_00019883,NOVEL_BEHAVIOR,1
tx26146_00019884,NOVEL_BEHAVIOR,1
tx26146_00019885,NOVEL_BEHAVIOR,1
tx26146_00019886,NOVEL_BEHAVIOR,1
tx26146_00019887,NOVEL_BEHAVIOR,1
tx26146_00019888,NOVEL_BEHAVIOR,1
tx26146_00019889,NOVEL_BEHAVIOR,1
tx26146_00019890,NOVEL_BEHAVIOR,1
tx26146_00019891,NOVEL_BEHAVIOR,1
tx26146_00019892,NOVEL_BEHAVIOR,1
tx26146_00019893,NOVEL_BEHAVIOR,1
tx26146_00019894,NOVEL_BEHAVIOR,1
tx26146_00019895,NOVEL_BEHAVIOR,1
tx26146_00019896,NOVEL_BEHAVIOR,1
tx26146_00019897,NOVEL_BEHAVIOR,1
tx26146_00019898,NOVEL_BEHAVIOR,1
tx26146_00019899,NOVEL_BEHAVIOR,1
tx26146_00019900,NOVEL_BEHAVIOR,1
tx26146_00019901,NOVEL_BEHAVIOR,1
tx26146_00019902,NOVEL_BEHAVIOR,1
tx26146_00019903,NOVEL_BEHAVIOR,1
tx26146_00019904,NOVEL_BEHAVIOR,1
tx26146_00019905,NOVEL_BEHAVIOR,1
tx26146_00019906,NOVEL_BEHAVIOR,1
tx26146_00019907,NOVEL_BEHAVIOR,1
tx26146_00019908,NOVEL_BEHAVIOR,1
tx26146_00019909,NOVEL_BEHAVIOR,1
tx26146_00019910,NOVEL_BEHAVIOR,1
tx26146_00019911,NOVEL_BEHAVIOR,1
tx26146_00019912,NOVEL_BEHAVIOR,1
tx26146_00019913,NOVEL_BEHAVIOR,1
tx26146_00019914,NOVEL_BEHAVIOR,1
tx26146_00019915,NOVEL_BEHAVIOR,1
tx26146_00019916,NOVEL_BEHAVIOR,1
tx26146_00019917,NOVEL_BEHAVIOR,1
tx26146_00019918,NOVEL_BEHAVIOR,1
tx26146_00019919,NOVEL_BEHAVIOR,1
tx26146_00019920,NOVEL_BEHAVIOR,1
tx26146_00019921,NOVEL_BEHAVIOR,1
tx26146_00019922,NOVEL_BEHAVIOR,1
tx26146_00019923,NOVEL_BEHAVIOR,1
tx26146_00019924,NOVEL_BEHAVIOR,1
tx26146_00019925,NOVEL_BEHAVIOR,1
tx26146_00019926,NOVEL_BEHAVIOR,1
tx26146_00019927,NOVEL_BEHAVIOR,1
tx26146_00019928,NOVEL_BEHAVIOR,1
tx26146_00019929,NOVEL_BEHAVIOR,1
tx26146_00019930,NOVEL_BEHAVIOR,1
tx26146_00019931,NOVEL_BEHAVIOR,1
tx26146_00019932,NOVEL_BEHAVIOR,1
tx26146_00019933,NOVEL_BEHAVIOR,1
tx26146_00019934,NOVEL_BEHAVIOR,1
tx26146_00019935,NOVEL_BEHAVIOR,1
tx26146_00019936,NOVEL_BEHAVIOR,1
tx26146_00019937,NOVEL_BEHAVIOR,1
tx26146_00019938,NOVEL_BEHAVIOR,1
tx26146_00019939,NOVEL_BEHAVIOR,1
tx26146_00019940,NOVEL_BEHAVIOR,1
tx26146_00019941,NOVEL_BEHAVIOR,1
tx26146_00019942,NOVEL_BEHAVIOR,1
tx26146_00019943,NOVEL_BEHAVIOR,1
tx26146_00019944,NOVEL_BEHAVIOR,1
tx26146_00019945,NOVEL_BEHAVIOR,1
tx26146_00019946,NOVEL_BEHAVIOR,1
tx26146_00019947,NOVEL_BEHAVIOR,1
tx26146_00019948,NOVEL_BEHAVIOR,1
tx26146_00019949,NOVEL_BEHAVIOR,1
tx26146_00019950,NOVEL_BEHAVIOR,1
tx26146_00019951,NOVEL_BEHAVIOR,1
tx26146_00019952,NOVEL_BEHAVIOR,1
tx26146_00019953,NOVEL_BEHAVIOR,1
tx26146_00019954,NOVEL_BEHAVIOR,1
tx26146_00019955,NOVEL_BEHAVIOR,1
tx26146_00019956,NOVEL_BEHAVIOR,1
tx26146_00019957,NOVEL_BEHAVIOR,1
tx26146_00019958,NOVEL_BEHAVIOR,1
tx26146_00019959,NOVEL_BEHAVIOR,1
tx26146_00019960,NOVEL_BEHAVIOR,1
tx26146_00019961,NOVEL_BEHAVIOR,1
tx26146_00019962,NOVEL_BEHAVIOR,1
tx26146_00019963,NOVEL_BEHAVIOR,1
tx26146_00019964,NOVEL_BEHAVIOR,1
tx26146_00019965,NOVEL_BEHAVIOR,1
tx26146_00019966,NOVEL_BEHAVIOR,1
tx26146_00019967,NOVEL_BEHAVIOR,1
tx26146_00019968,NOVEL_BEHAVIOR,1
tx26146_00019969,NOVEL_BEHAVIOR,1
tx26146_00019970,NOVEL_BEHAVIOR,1
tx26146_00019971,NOVEL_BEHAVIOR,1
tx26146_00019972,NOVEL_BEHAVIOR,1
tx26146_00019973,NOVEL_BEHAVIOR,1
tx26146_00019974,NOVEL_BEHAVIOR,1
tx26146_00019975,NOVEL_BEHAVIOR,1
tx26146_00019976,NOVEL_BEHAVIOR,1
tx26146_00019977,NOVEL_BEHAVIOR,1
tx26146_00019978,NOVEL_BEHAVIOR,1
tx26146_00019979,NOVEL_BEHAVIOR,1
tx26146_00019980,NOVEL_BEHAVIOR,1
tx26146_00019981,NOVEL_BEHAVIOR,1
tx26146_00019982,NOVEL_BEHAVIOR,1
tx26146_00019983,NOVEL_BEHAVIOR,1
tx26146_00019984,NOVEL_BEHAVIOR,1
tx26146_00019985,NOVEL_BEHAVIOR,1
tx26146_00019986,NOVEL_BEHAVIOR,1
tx26146_00019987,NOVEL_BEHAVIOR,1
tx26146_00019988,NOVEL_BEHAVIOR,1
tx26146_00019989,NOVEL_BEHAVIOR,1
tx26146_00019990,NOVEL_BEHAVIOR,1
tx26146_00019991,NOVEL_BEHAVIOR,1
tx26146_00019992,NOVEL_BEHAVIOR,1
tx26146_00019993,NOVEL_BEHAVIOR,1
tx26146_00019994,NOVEL_BEHAVIOR,1
tx26146_00019995,NOVEL_BEHAVIOR,1
tx26146_00019996,NOVEL_BEHAVIOR,1
tx26146_00019997,NOVEL_BEHAVIOR,1
tx26146_00019998,NOVEL_BEHAVIOR,1
tx26146_00019999,NOVEL_BEHAVIOR,1
